/cvmfs/soft.computecanada.ca/easybuild/software/2020/avx2/Compiler/gcc9/quast/5.0.2/bin/quast.py /scratch/mdprieto/results_hilliam/sample_contigs/10-C21_contigs.fa /scratch/mdprieto/results_hilliam/sample_contigs/10-C92_contigs.fa /scratch/mdprieto/results_hilliam/sample_contigs/11-C145_contigs.fa /scratch/mdprieto/results_hilliam/sample_contigs/11-C22_contigs.fa /scratch/mdprieto/results_hilliam/sample_contigs/12-C147_contigs.fa /scratch/mdprieto/results_hilliam/sample_contigs/12-C31_contigs.fa /scratch/mdprieto/results_hilliam/sample_contigs/13-C149_contigs.fa /scratch/mdprieto/results_hilliam/sample_contigs/13-C32_contigs.fa /scratch/mdprieto/results_hilliam/sample_contigs/14-C33_contigs.fa /scratch/mdprieto/results_hilliam/sample_contigs/14-C94_contigs.fa /scratch/mdprieto/results_hilliam/sample_contigs/15-C44_contigs.fa /scratch/mdprieto/results_hilliam/sample_contigs/15-C96_contigs.fa /scratch/mdprieto/results_hilliam/sample_contigs/16-C100_contigs.fa /scratch/mdprieto/results_hilliam/sample_contigs/16-C45_contigs.fa /scratch/mdprieto/results_hilliam/sample_contigs/17-C102_contigs.fa /scratch/mdprieto/results_hilliam/sample_contigs/17-C64_contigs.fa /scratch/mdprieto/results_hilliam/sample_contigs/18-C119_contigs.fa /scratch/mdprieto/results_hilliam/sample_contigs/18-C65_contigs.fa /scratch/mdprieto/results_hilliam/sample_contigs/19-C120_contigs.fa /scratch/mdprieto/results_hilliam/sample_contigs/19-C67_contigs.fa /scratch/mdprieto/results_hilliam/sample_contigs/1-C3_contigs.fa /scratch/mdprieto/results_hilliam/sample_contigs/20-C123_contigs.fa /scratch/mdprieto/results_hilliam/sample_contigs/20-C68_contigs.fa /scratch/mdprieto/results_hilliam/sample_contigs/21-C124_contigs.fa /scratch/mdprieto/results_hilliam/sample_contigs/21-C78_contigs.fa /scratch/mdprieto/results_hilliam/sample_contigs/22-C128_contigs.fa /scratch/mdprieto/results_hilliam/sample_contigs/22-C79_contigs.fa /scratch/mdprieto/results_hilliam/sample_contigs/23-C131_contigs.fa /scratch/mdprieto/results_hilliam/sample_contigs/23-C80_contigs.fa /scratch/mdprieto/results_hilliam/sample_contigs/24-C133_contigs.fa /scratch/mdprieto/results_hilliam/sample_contigs/24-C81_contigs.fa /scratch/mdprieto/results_hilliam/sample_contigs/25-C134_contigs.fa /scratch/mdprieto/results_hilliam/sample_contigs/25-C83_contigs.fa /scratch/mdprieto/results_hilliam/sample_contigs/26-A1_contigs.fa /scratch/mdprieto/results_hilliam/sample_contigs/26-C84_contigs.fa /scratch/mdprieto/results_hilliam/sample_contigs/27-A2_contigs.fa /scratch/mdprieto/results_hilliam/sample_contigs/27-C85_contigs.fa /scratch/mdprieto/results_hilliam/sample_contigs/28-A12_contigs.fa /scratch/mdprieto/results_hilliam/sample_contigs/28-C87_contigs.fa /scratch/mdprieto/results_hilliam/sample_contigs/29-A19_contigs.fa /scratch/mdprieto/results_hilliam/sample_contigs/29-C95_contigs.fa /scratch/mdprieto/results_hilliam/sample_contigs/2-C155_contigs.fa /scratch/mdprieto/results_hilliam/sample_contigs/2-C4_contigs.fa /scratch/mdprieto/results_hilliam/sample_contigs/30-A36_contigs.fa /scratch/mdprieto/results_hilliam/sample_contigs/30-C97_contigs.fa /scratch/mdprieto/results_hilliam/sample_contigs/31-C55_contigs.fa /scratch/mdprieto/results_hilliam/sample_contigs/31-C98_contigs.fa /scratch/mdprieto/results_hilliam/sample_contigs/32-C56_contigs.fa /scratch/mdprieto/results_hilliam/sample_contigs/32-C99_contigs.fa /scratch/mdprieto/results_hilliam/sample_contigs/33-C101_contigs.fa /scratch/mdprieto/results_hilliam/sample_contigs/33-C57_contigs.fa /scratch/mdprieto/results_hilliam/sample_contigs/34-C103_contigs.fa /scratch/mdprieto/results_hilliam/sample_contigs/34-C58_contigs.fa /scratch/mdprieto/results_hilliam/sample_contigs/35-C106_contigs.fa /scratch/mdprieto/results_hilliam/sample_contigs/35-C59_contigs.fa /scratch/mdprieto/results_hilliam/sample_contigs/36-C108_contigs.fa /scratch/mdprieto/results_hilliam/sample_contigs/36-C60_contigs.fa /scratch/mdprieto/results_hilliam/sample_contigs/37-C115_contigs.fa /scratch/mdprieto/results_hilliam/sample_contigs/37-C61_contigs.fa /scratch/mdprieto/results_hilliam/sample_contigs/38-B3_contigs.fa /scratch/mdprieto/results_hilliam/sample_contigs/38-C116_contigs.fa /scratch/mdprieto/results_hilliam/sample_contigs/39-B16_contigs.fa /scratch/mdprieto/results_hilliam/sample_contigs/39-C118_contigs.fa /scratch/mdprieto/results_hilliam/sample_contigs/3-C76_contigs.fa /scratch/mdprieto/results_hilliam/sample_contigs/3-C8_contigs.fa /scratch/mdprieto/results_hilliam/sample_contigs/40-B34_contigs.fa /scratch/mdprieto/results_hilliam/sample_contigs/40-C125_contigs.fa /scratch/mdprieto/results_hilliam/sample_contigs/41-B37_contigs.fa /scratch/mdprieto/results_hilliam/sample_contigs/41-C126_contigs.fa /scratch/mdprieto/results_hilliam/sample_contigs/42-B62_contigs.fa /scratch/mdprieto/results_hilliam/sample_contigs/42-C127_contigs.fa /scratch/mdprieto/results_hilliam/sample_contigs/43-B113_contigs.fa /scratch/mdprieto/results_hilliam/sample_contigs/43-C129_contigs.fa /scratch/mdprieto/results_hilliam/sample_contigs/44-B114_contigs.fa /scratch/mdprieto/results_hilliam/sample_contigs/44-C143_contigs.fa /scratch/mdprieto/results_hilliam/sample_contigs/45-B191_contigs.fa /scratch/mdprieto/results_hilliam/sample_contigs/45-C144_contigs.fa /scratch/mdprieto/results_hilliam/sample_contigs/46-B199_contigs.fa /scratch/mdprieto/results_hilliam/sample_contigs/46-C146_contigs.fa /scratch/mdprieto/results_hilliam/sample_contigs/47-C148_contigs.fa /scratch/mdprieto/results_hilliam/sample_contigs/47-C63_contigs.fa /scratch/mdprieto/results_hilliam/sample_contigs/48-A3_contigs.fa /scratch/mdprieto/results_hilliam/sample_contigs/48-C66_contigs.fa /scratch/mdprieto/results_hilliam/sample_contigs/49-A4_contigs.fa /scratch/mdprieto/results_hilliam/sample_contigs/49-C69_contigs.fa /scratch/mdprieto/results_hilliam/sample_contigs/4-C10_contigs.fa /scratch/mdprieto/results_hilliam/sample_contigs/4-C77_contigs.fa /scratch/mdprieto/results_hilliam/sample_contigs/50-A5_contigs.fa /scratch/mdprieto/results_hilliam/sample_contigs/50-C23_contigs.fa /scratch/mdprieto/results_hilliam/sample_contigs/51-A46_contigs.fa /scratch/mdprieto/results_hilliam/sample_contigs/51-C25_contigs.fa /scratch/mdprieto/results_hilliam/sample_contigs/52-A48_contigs.fa /scratch/mdprieto/results_hilliam/sample_contigs/52-C29_contigs.fa /scratch/mdprieto/results_hilliam/sample_contigs/53-A52_contigs.fa /scratch/mdprieto/results_hilliam/sample_contigs/53-C30_contigs.fa /scratch/mdprieto/results_hilliam/sample_contigs/54-A53_contigs.fa /scratch/mdprieto/results_hilliam/sample_contigs/54-C36_contigs.fa /scratch/mdprieto/results_hilliam/sample_contigs/55-A54_contigs.fa /scratch/mdprieto/results_hilliam/sample_contigs/55-C42_contigs.fa /scratch/mdprieto/results_hilliam/sample_contigs/56-A55_contigs.fa /scratch/mdprieto/results_hilliam/sample_contigs/56-C43_contigs.fa /scratch/mdprieto/results_hilliam/sample_contigs/57-A56_contigs.fa /scratch/mdprieto/results_hilliam/sample_contigs/57-C49_contigs.fa /scratch/mdprieto/results_hilliam/sample_contigs/58-A58_contigs.fa /scratch/mdprieto/results_hilliam/sample_contigs/58-C51_contigs.fa /scratch/mdprieto/results_hilliam/sample_contigs/59-A60_contigs.fa /scratch/mdprieto/results_hilliam/sample_contigs/59-C54_contigs.fa /scratch/mdprieto/results_hilliam/sample_contigs/5-C12_contigs.fa /scratch/mdprieto/results_hilliam/sample_contigs/5-C82_contigs.fa /scratch/mdprieto/results_hilliam/sample_contigs/60-A70_contigs.fa /scratch/mdprieto/results_hilliam/sample_contigs/60-C150_contigs.fa /scratch/mdprieto/results_hilliam/sample_contigs/61-A71_contigs.fa /scratch/mdprieto/results_hilliam/sample_contigs/61-C151_contigs.fa /scratch/mdprieto/results_hilliam/sample_contigs/62-A72_contigs.fa /scratch/mdprieto/results_hilliam/sample_contigs/62-C153_contigs.fa /scratch/mdprieto/results_hilliam/sample_contigs/63-A73_contigs.fa /scratch/mdprieto/results_hilliam/sample_contigs/63-C71_contigs.fa /scratch/mdprieto/results_hilliam/sample_contigs/64-A75_contigs.fa /scratch/mdprieto/results_hilliam/sample_contigs/64-C73_contigs.fa /scratch/mdprieto/results_hilliam/sample_contigs/65-A76_contigs.fa /scratch/mdprieto/results_hilliam/sample_contigs/65-C74_contigs.fa /scratch/mdprieto/results_hilliam/sample_contigs/66-A77_contigs.fa /scratch/mdprieto/results_hilliam/sample_contigs/66-C2_contigs.fa /scratch/mdprieto/results_hilliam/sample_contigs/67-A78_contigs.fa /scratch/mdprieto/results_hilliam/sample_contigs/67-C5_contigs.fa /scratch/mdprieto/results_hilliam/sample_contigs/68-A80_contigs.fa /scratch/mdprieto/results_hilliam/sample_contigs/68-C6_contigs.fa /scratch/mdprieto/results_hilliam/sample_contigs/69-A81_contigs.fa /scratch/mdprieto/results_hilliam/sample_contigs/69-C7_contigs.fa /scratch/mdprieto/results_hilliam/sample_contigs/6-C13_contigs.fa /scratch/mdprieto/results_hilliam/sample_contigs/6-C86_contigs.fa /scratch/mdprieto/results_hilliam/sample_contigs/70-A82_contigs.fa /scratch/mdprieto/results_hilliam/sample_contigs/70-C9_contigs.fa /scratch/mdprieto/results_hilliam/sample_contigs/71-A85_contigs.fa /scratch/mdprieto/results_hilliam/sample_contigs/71-C11_contigs.fa /scratch/mdprieto/results_hilliam/sample_contigs/72-A86_contigs.fa /scratch/mdprieto/results_hilliam/sample_contigs/72-C16_contigs.fa /scratch/mdprieto/results_hilliam/sample_contigs/73-A90_contigs.fa /scratch/mdprieto/results_hilliam/sample_contigs/73-C18_contigs.fa /scratch/mdprieto/results_hilliam/sample_contigs/74-A91_contigs.fa /scratch/mdprieto/results_hilliam/sample_contigs/74-C20_contigs.fa /scratch/mdprieto/results_hilliam/sample_contigs/75-A92_contigs.fa /scratch/mdprieto/results_hilliam/sample_contigs/75-C135_contigs.fa /scratch/mdprieto/results_hilliam/sample_contigs/76-A95_contigs.fa /scratch/mdprieto/results_hilliam/sample_contigs/76-C137_contigs.fa /scratch/mdprieto/results_hilliam/sample_contigs/77-A97_contigs.fa /scratch/mdprieto/results_hilliam/sample_contigs/77-C139_contigs.fa /scratch/mdprieto/results_hilliam/sample_contigs/78-A100_contigs.fa /scratch/mdprieto/results_hilliam/sample_contigs/78-C141_contigs.fa /scratch/mdprieto/results_hilliam/sample_contigs/79-A106_contigs.fa /scratch/mdprieto/results_hilliam/sample_contigs/79-C142_contigs.fa /scratch/mdprieto/results_hilliam/sample_contigs/7-C14_contigs.fa /scratch/mdprieto/results_hilliam/sample_contigs/7-C88_contigs.fa /scratch/mdprieto/results_hilliam/sample_contigs/80-A107_contigs.fa /scratch/mdprieto/results_hilliam/sample_contigs/80-C104_contigs.fa /scratch/mdprieto/results_hilliam/sample_contigs/81-A119_contigs.fa /scratch/mdprieto/results_hilliam/sample_contigs/81-C105_contigs.fa /scratch/mdprieto/results_hilliam/sample_contigs/82-A122_contigs.fa /scratch/mdprieto/results_hilliam/sample_contigs/82-C107_contigs.fa /scratch/mdprieto/results_hilliam/sample_contigs/83-A123_contigs.fa /scratch/mdprieto/results_hilliam/sample_contigs/83-C109_contigs.fa /scratch/mdprieto/results_hilliam/sample_contigs/84-A126_contigs.fa /scratch/mdprieto/results_hilliam/sample_contigs/84-C110_contigs.fa /scratch/mdprieto/results_hilliam/sample_contigs/85-A130_contigs.fa /scratch/mdprieto/results_hilliam/sample_contigs/85-C111_contigs.fa /scratch/mdprieto/results_hilliam/sample_contigs/86-A134_contigs.fa /scratch/mdprieto/results_hilliam/sample_contigs/86-C112_contigs.fa /scratch/mdprieto/results_hilliam/sample_contigs/87-A137_contigs.fa /scratch/mdprieto/results_hilliam/sample_contigs/87-C114_contigs.fa /scratch/mdprieto/results_hilliam/sample_contigs/88-C117_contigs.fa /scratch/mdprieto/results_hilliam/sample_contigs/89-A141_contigs.fa /scratch/mdprieto/results_hilliam/sample_contigs/89-C156_contigs.fa /scratch/mdprieto/results_hilliam/sample_contigs/8-C15_contigs.fa /scratch/mdprieto/results_hilliam/sample_contigs/8-C89_contigs.fa /scratch/mdprieto/results_hilliam/sample_contigs/90-A144_contigs.fa /scratch/mdprieto/results_hilliam/sample_contigs/90-C158_contigs.fa /scratch/mdprieto/results_hilliam/sample_contigs/91-A147_contigs.fa /scratch/mdprieto/results_hilliam/sample_contigs/91-C159_contigs.fa /scratch/mdprieto/results_hilliam/sample_contigs/92-A148_contigs.fa /scratch/mdprieto/results_hilliam/sample_contigs/92-C160_contigs.fa /scratch/mdprieto/results_hilliam/sample_contigs/93-A151_contigs.fa /scratch/mdprieto/results_hilliam/sample_contigs/93-C161_contigs.fa /scratch/mdprieto/results_hilliam/sample_contigs/94-A154_contigs.fa /scratch/mdprieto/results_hilliam/sample_contigs/94-C164_contigs.fa /scratch/mdprieto/results_hilliam/sample_contigs/95-A156_contigs.fa /scratch/mdprieto/results_hilliam/sample_contigs/95-C167_contigs.fa /scratch/mdprieto/results_hilliam/sample_contigs/96-A163_contigs.fa /scratch/mdprieto/results_hilliam/sample_contigs/96-C168_contigs.fa /scratch/mdprieto/results_hilliam/sample_contigs/9-C17_contigs.fa /scratch/mdprieto/results_hilliam/sample_contigs/9-C91_contigs.fa -r /project/6056895/mdprieto/hilliam_pseudomonas/pseudomonas_pa1_reference/GCF_000496605.2_ASM49660v2_genomic.fna.gz -g /project/6056895/mdprieto/hilliam_pseudomonas/pseudomonas_pa1_reference/GCF_000496605.2_ASM49660v2_genomic.gff.gz -o /scratch/mdprieto/results_hilliam/quast --threads 7

Version: 5.0.2

System information:
  OS: Linux-3.10.0-1160.53.1.el7.x86_64-x86_64-with-glibc2.2.5 (linux_64)
  Python version: 3.8.10
  CPUs number: 32

Started: 2022-08-03 14:53:53

Logging to /scratch/mdprieto/results_hilliam/quast/quast.log
NOTICE: Output directory already exists and looks like a QUAST output dir. Existing results can be reused (e.g. previously generated alignments)!

CWD: /scratch/mdprieto
Main parameters: 
  MODE: default, threads: 7, minimum contig length: 500, minimum alignment length: 65, \
  ambiguity: one, threshold for extensive misassembly size: 1000

Reference:
  /project/6056895/mdprieto/hilliam_pseudomonas/pseudomonas_pa1_reference/GCF_000496605.2_ASM49660v2_genomic.fna.gz ==> GCF_000496605.2_ASM49660v2_genomic

Contigs:
  Pre-processing...
  1  /scratch/mdprieto/results_hilliam/sample_contigs/10-C21_contigs.fa ==> 10_C21_contigs
  2  /scratch/mdprieto/results_hilliam/sample_contigs/10-C92_contigs.fa ==> 10_C92_contigs
  3  /scratch/mdprieto/results_hilliam/sample_contigs/11-C145_contigs.fa ==> 11_C145_contigs
  4  /scratch/mdprieto/results_hilliam/sample_contigs/11-C22_contigs.fa ==> 11_C22_contigs
  5  /scratch/mdprieto/results_hilliam/sample_contigs/12-C147_contigs.fa ==> 12_C147_contigs
  6  /scratch/mdprieto/results_hilliam/sample_contigs/12-C31_contigs.fa ==> 12_C31_contigs
  7  /scratch/mdprieto/results_hilliam/sample_contigs/13-C149_contigs.fa ==> 13_C149_contigs
  8  /scratch/mdprieto/results_hilliam/sample_contigs/13-C32_contigs.fa ==> 13_C32_contigs
  9  /scratch/mdprieto/results_hilliam/sample_contigs/14-C33_contigs.fa ==> 14_C33_contigs
  10 /scratch/mdprieto/results_hilliam/sample_contigs/14-C94_contigs.fa ==> 14_C94_contigs
  11 /scratch/mdprieto/results_hilliam/sample_contigs/15-C44_contigs.fa ==> 15_C44_contigs
  12 /scratch/mdprieto/results_hilliam/sample_contigs/15-C96_contigs.fa ==> 15_C96_contigs
  13 /scratch/mdprieto/results_hilliam/sample_contigs/16-C100_contigs.fa ==> 16_C100_contigs
  14 /scratch/mdprieto/results_hilliam/sample_contigs/16-C45_contigs.fa ==> 16_C45_contigs
  15 /scratch/mdprieto/results_hilliam/sample_contigs/17-C102_contigs.fa ==> 17_C102_contigs
  16 /scratch/mdprieto/results_hilliam/sample_contigs/17-C64_contigs.fa ==> 17_C64_contigs
  17 /scratch/mdprieto/results_hilliam/sample_contigs/18-C119_contigs.fa ==> 18_C119_contigs
  18 /scratch/mdprieto/results_hilliam/sample_contigs/18-C65_contigs.fa ==> 18_C65_contigs
  19 /scratch/mdprieto/results_hilliam/sample_contigs/19-C120_contigs.fa ==> 19_C120_contigs
  20 /scratch/mdprieto/results_hilliam/sample_contigs/19-C67_contigs.fa ==> 19_C67_contigs
  21 /scratch/mdprieto/results_hilliam/sample_contigs/1-C3_contigs.fa ==> 1_C3_contigs
  22 /scratch/mdprieto/results_hilliam/sample_contigs/20-C123_contigs.fa ==> 20_C123_contigs
  23 /scratch/mdprieto/results_hilliam/sample_contigs/20-C68_contigs.fa ==> 20_C68_contigs
  24 /scratch/mdprieto/results_hilliam/sample_contigs/21-C124_contigs.fa ==> 21_C124_contigs
  25 /scratch/mdprieto/results_hilliam/sample_contigs/21-C78_contigs.fa ==> 21_C78_contigs
  26 /scratch/mdprieto/results_hilliam/sample_contigs/22-C128_contigs.fa ==> 22_C128_contigs
  27 /scratch/mdprieto/results_hilliam/sample_contigs/22-C79_contigs.fa ==> 22_C79_contigs
  28 /scratch/mdprieto/results_hilliam/sample_contigs/23-C131_contigs.fa ==> 23_C131_contigs
  29 /scratch/mdprieto/results_hilliam/sample_contigs/23-C80_contigs.fa ==> 23_C80_contigs
  30 /scratch/mdprieto/results_hilliam/sample_contigs/24-C133_contigs.fa ==> 24_C133_contigs
  31 /scratch/mdprieto/results_hilliam/sample_contigs/24-C81_contigs.fa ==> 24_C81_contigs
  32 /scratch/mdprieto/results_hilliam/sample_contigs/25-C134_contigs.fa ==> 25_C134_contigs
  33 /scratch/mdprieto/results_hilliam/sample_contigs/25-C83_contigs.fa ==> 25_C83_contigs
  34 /scratch/mdprieto/results_hilliam/sample_contigs/26-A1_contigs.fa ==> 26_A1_contigs
  35 /scratch/mdprieto/results_hilliam/sample_contigs/26-C84_contigs.fa ==> 26_C84_contigs
  36 /scratch/mdprieto/results_hilliam/sample_contigs/27-A2_contigs.fa ==> 27_A2_contigs
  37 /scratch/mdprieto/results_hilliam/sample_contigs/27-C85_contigs.fa ==> 27_C85_contigs
  38 /scratch/mdprieto/results_hilliam/sample_contigs/28-A12_contigs.fa ==> 28_A12_contigs
  39 /scratch/mdprieto/results_hilliam/sample_contigs/28-C87_contigs.fa ==> 28_C87_contigs
  40 /scratch/mdprieto/results_hilliam/sample_contigs/29-A19_contigs.fa ==> 29_A19_contigs
  41 /scratch/mdprieto/results_hilliam/sample_contigs/29-C95_contigs.fa ==> 29_C95_contigs
  42 /scratch/mdprieto/results_hilliam/sample_contigs/2-C155_contigs.fa ==> 2_C155_contigs
  43 /scratch/mdprieto/results_hilliam/sample_contigs/2-C4_contigs.fa ==> 2_C4_contigs
  44 /scratch/mdprieto/results_hilliam/sample_contigs/30-A36_contigs.fa ==> 30_A36_contigs
  45 /scratch/mdprieto/results_hilliam/sample_contigs/30-C97_contigs.fa ==> 30_C97_contigs
  46 /scratch/mdprieto/results_hilliam/sample_contigs/31-C55_contigs.fa ==> 31_C55_contigs
  47 /scratch/mdprieto/results_hilliam/sample_contigs/31-C98_contigs.fa ==> 31_C98_contigs
  48 /scratch/mdprieto/results_hilliam/sample_contigs/32-C56_contigs.fa ==> 32_C56_contigs
  49 /scratch/mdprieto/results_hilliam/sample_contigs/32-C99_contigs.fa ==> 32_C99_contigs
  50 /scratch/mdprieto/results_hilliam/sample_contigs/33-C101_contigs.fa ==> 33_C101_contigs
  51 /scratch/mdprieto/results_hilliam/sample_contigs/33-C57_contigs.fa ==> 33_C57_contigs
  52 /scratch/mdprieto/results_hilliam/sample_contigs/34-C103_contigs.fa ==> 34_C103_contigs
  53 /scratch/mdprieto/results_hilliam/sample_contigs/34-C58_contigs.fa ==> 34_C58_contigs
  54 /scratch/mdprieto/results_hilliam/sample_contigs/35-C106_contigs.fa ==> 35_C106_contigs
  55 /scratch/mdprieto/results_hilliam/sample_contigs/35-C59_contigs.fa ==> 35_C59_contigs
  56 /scratch/mdprieto/results_hilliam/sample_contigs/36-C108_contigs.fa ==> 36_C108_contigs
  57 /scratch/mdprieto/results_hilliam/sample_contigs/36-C60_contigs.fa ==> 36_C60_contigs
  58 /scratch/mdprieto/results_hilliam/sample_contigs/37-C115_contigs.fa ==> 37_C115_contigs
  59 /scratch/mdprieto/results_hilliam/sample_contigs/37-C61_contigs.fa ==> 37_C61_contigs
  60 /scratch/mdprieto/results_hilliam/sample_contigs/38-B3_contigs.fa ==> 38_B3_contigs
  61 /scratch/mdprieto/results_hilliam/sample_contigs/38-C116_contigs.fa ==> 38_C116_contigs
  62 /scratch/mdprieto/results_hilliam/sample_contigs/39-B16_contigs.fa ==> 39_B16_contigs
  63 /scratch/mdprieto/results_hilliam/sample_contigs/39-C118_contigs.fa ==> 39_C118_contigs
  64 /scratch/mdprieto/results_hilliam/sample_contigs/3-C76_contigs.fa ==> 3_C76_contigs
  65 /scratch/mdprieto/results_hilliam/sample_contigs/3-C8_contigs.fa ==> 3_C8_contigs
  66 /scratch/mdprieto/results_hilliam/sample_contigs/40-B34_contigs.fa ==> 40_B34_contigs
  67 /scratch/mdprieto/results_hilliam/sample_contigs/40-C125_contigs.fa ==> 40_C125_contigs
  68 /scratch/mdprieto/results_hilliam/sample_contigs/41-B37_contigs.fa ==> 41_B37_contigs
  69 /scratch/mdprieto/results_hilliam/sample_contigs/41-C126_contigs.fa ==> 41_C126_contigs
  70 /scratch/mdprieto/results_hilliam/sample_contigs/42-B62_contigs.fa ==> 42_B62_contigs
  71 /scratch/mdprieto/results_hilliam/sample_contigs/42-C127_contigs.fa ==> 42_C127_contigs
  72 /scratch/mdprieto/results_hilliam/sample_contigs/43-B113_contigs.fa ==> 43_B113_contigs
  73 /scratch/mdprieto/results_hilliam/sample_contigs/43-C129_contigs.fa ==> 43_C129_contigs
  74 /scratch/mdprieto/results_hilliam/sample_contigs/44-B114_contigs.fa ==> 44_B114_contigs
  75 /scratch/mdprieto/results_hilliam/sample_contigs/44-C143_contigs.fa ==> 44_C143_contigs
  76 /scratch/mdprieto/results_hilliam/sample_contigs/45-B191_contigs.fa ==> 45_B191_contigs
  77 /scratch/mdprieto/results_hilliam/sample_contigs/45-C144_contigs.fa ==> 45_C144_contigs
  78 /scratch/mdprieto/results_hilliam/sample_contigs/46-B199_contigs.fa ==> 46_B199_contigs
  79 /scratch/mdprieto/results_hilliam/sample_contigs/46-C146_contigs.fa ==> 46_C146_contigs
  80 /scratch/mdprieto/results_hilliam/sample_contigs/47-C148_contigs.fa ==> 47_C148_contigs
  81 /scratch/mdprieto/results_hilliam/sample_contigs/47-C63_contigs.fa ==> 47_C63_contigs
  82 /scratch/mdprieto/results_hilliam/sample_contigs/48-A3_contigs.fa ==> 48_A3_contigs
  83 /scratch/mdprieto/results_hilliam/sample_contigs/48-C66_contigs.fa ==> 48_C66_contigs
  84 /scratch/mdprieto/results_hilliam/sample_contigs/49-A4_contigs.fa ==> 49_A4_contigs
  85 /scratch/mdprieto/results_hilliam/sample_contigs/49-C69_contigs.fa ==> 49_C69_contigs
  86 /scratch/mdprieto/results_hilliam/sample_contigs/4-C10_contigs.fa ==> 4_C10_contigs
  87 /scratch/mdprieto/results_hilliam/sample_contigs/4-C77_contigs.fa ==> 4_C77_contigs
  88 /scratch/mdprieto/results_hilliam/sample_contigs/50-A5_contigs.fa ==> 50_A5_contigs
  89 /scratch/mdprieto/results_hilliam/sample_contigs/50-C23_contigs.fa ==> 50_C23_contigs
  90 /scratch/mdprieto/results_hilliam/sample_contigs/51-A46_contigs.fa ==> 51_A46_contigs
  91 /scratch/mdprieto/results_hilliam/sample_contigs/51-C25_contigs.fa ==> 51_C25_contigs
  92 /scratch/mdprieto/results_hilliam/sample_contigs/52-A48_contigs.fa ==> 52_A48_contigs
  93 /scratch/mdprieto/results_hilliam/sample_contigs/52-C29_contigs.fa ==> 52_C29_contigs
  94 /scratch/mdprieto/results_hilliam/sample_contigs/53-A52_contigs.fa ==> 53_A52_contigs
  95 /scratch/mdprieto/results_hilliam/sample_contigs/53-C30_contigs.fa ==> 53_C30_contigs
  96 /scratch/mdprieto/results_hilliam/sample_contigs/54-A53_contigs.fa ==> 54_A53_contigs
  97 /scratch/mdprieto/results_hilliam/sample_contigs/54-C36_contigs.fa ==> 54_C36_contigs
  98 /scratch/mdprieto/results_hilliam/sample_contigs/55-A54_contigs.fa ==> 55_A54_contigs
  99 /scratch/mdprieto/results_hilliam/sample_contigs/55-C42_contigs.fa ==> 55_C42_contigs
  100 /scratch/mdprieto/results_hilliam/sample_contigs/56-A55_contigs.fa ==> 56_A55_contigs
  101 /scratch/mdprieto/results_hilliam/sample_contigs/56-C43_contigs.fa ==> 56_C43_contigs
  102 /scratch/mdprieto/results_hilliam/sample_contigs/57-A56_contigs.fa ==> 57_A56_contigs
  103 /scratch/mdprieto/results_hilliam/sample_contigs/57-C49_contigs.fa ==> 57_C49_contigs
  104 /scratch/mdprieto/results_hilliam/sample_contigs/58-A58_contigs.fa ==> 58_A58_contigs
  105 /scratch/mdprieto/results_hilliam/sample_contigs/58-C51_contigs.fa ==> 58_C51_contigs
  106 /scratch/mdprieto/results_hilliam/sample_contigs/59-A60_contigs.fa ==> 59_A60_contigs
  107 /scratch/mdprieto/results_hilliam/sample_contigs/59-C54_contigs.fa ==> 59_C54_contigs
  108 /scratch/mdprieto/results_hilliam/sample_contigs/5-C12_contigs.fa ==> 5_C12_contigs
  109 /scratch/mdprieto/results_hilliam/sample_contigs/5-C82_contigs.fa ==> 5_C82_contigs
  110 /scratch/mdprieto/results_hilliam/sample_contigs/60-A70_contigs.fa ==> 60_A70_contigs
  111 /scratch/mdprieto/results_hilliam/sample_contigs/60-C150_contigs.fa ==> 60_C150_contigs
  112 /scratch/mdprieto/results_hilliam/sample_contigs/61-A71_contigs.fa ==> 61_A71_contigs
  113 /scratch/mdprieto/results_hilliam/sample_contigs/61-C151_contigs.fa ==> 61_C151_contigs
  114 /scratch/mdprieto/results_hilliam/sample_contigs/62-A72_contigs.fa ==> 62_A72_contigs
  115 /scratch/mdprieto/results_hilliam/sample_contigs/62-C153_contigs.fa ==> 62_C153_contigs
  116 /scratch/mdprieto/results_hilliam/sample_contigs/63-A73_contigs.fa ==> 63_A73_contigs
  117 /scratch/mdprieto/results_hilliam/sample_contigs/63-C71_contigs.fa ==> 63_C71_contigs
  118 /scratch/mdprieto/results_hilliam/sample_contigs/64-A75_contigs.fa ==> 64_A75_contigs
  119 /scratch/mdprieto/results_hilliam/sample_contigs/64-C73_contigs.fa ==> 64_C73_contigs
  120 /scratch/mdprieto/results_hilliam/sample_contigs/65-A76_contigs.fa ==> 65_A76_contigs
  121 /scratch/mdprieto/results_hilliam/sample_contigs/65-C74_contigs.fa ==> 65_C74_contigs
  122 /scratch/mdprieto/results_hilliam/sample_contigs/66-A77_contigs.fa ==> 66_A77_contigs
  123 /scratch/mdprieto/results_hilliam/sample_contigs/66-C2_contigs.fa ==> 66_C2_contigs
  124 /scratch/mdprieto/results_hilliam/sample_contigs/67-A78_contigs.fa ==> 67_A78_contigs
  125 /scratch/mdprieto/results_hilliam/sample_contigs/67-C5_contigs.fa ==> 67_C5_contigs
  126 /scratch/mdprieto/results_hilliam/sample_contigs/68-A80_contigs.fa ==> 68_A80_contigs
  127 /scratch/mdprieto/results_hilliam/sample_contigs/68-C6_contigs.fa ==> 68_C6_contigs
  128 /scratch/mdprieto/results_hilliam/sample_contigs/69-A81_contigs.fa ==> 69_A81_contigs
  129 /scratch/mdprieto/results_hilliam/sample_contigs/69-C7_contigs.fa ==> 69_C7_contigs
  130 /scratch/mdprieto/results_hilliam/sample_contigs/6-C13_contigs.fa ==> 6_C13_contigs
  131 /scratch/mdprieto/results_hilliam/sample_contigs/6-C86_contigs.fa ==> 6_C86_contigs
  132 /scratch/mdprieto/results_hilliam/sample_contigs/70-A82_contigs.fa ==> 70_A82_contigs
  133 /scratch/mdprieto/results_hilliam/sample_contigs/70-C9_contigs.fa ==> 70_C9_contigs
  134 /scratch/mdprieto/results_hilliam/sample_contigs/71-A85_contigs.fa ==> 71_A85_contigs
  135 /scratch/mdprieto/results_hilliam/sample_contigs/71-C11_contigs.fa ==> 71_C11_contigs
  136 /scratch/mdprieto/results_hilliam/sample_contigs/72-A86_contigs.fa ==> 72_A86_contigs
  137 /scratch/mdprieto/results_hilliam/sample_contigs/72-C16_contigs.fa ==> 72_C16_contigs
  138 /scratch/mdprieto/results_hilliam/sample_contigs/73-A90_contigs.fa ==> 73_A90_contigs
  139 /scratch/mdprieto/results_hilliam/sample_contigs/73-C18_contigs.fa ==> 73_C18_contigs
  140 /scratch/mdprieto/results_hilliam/sample_contigs/74-A91_contigs.fa ==> 74_A91_contigs
  141 /scratch/mdprieto/results_hilliam/sample_contigs/74-C20_contigs.fa ==> 74_C20_contigs
  142 /scratch/mdprieto/results_hilliam/sample_contigs/75-A92_contigs.fa ==> 75_A92_contigs
  143 /scratch/mdprieto/results_hilliam/sample_contigs/75-C135_contigs.fa ==> 75_C135_contigs
  144 /scratch/mdprieto/results_hilliam/sample_contigs/76-A95_contigs.fa ==> 76_A95_contigs
  145 /scratch/mdprieto/results_hilliam/sample_contigs/76-C137_contigs.fa ==> 76_C137_contigs
  146 /scratch/mdprieto/results_hilliam/sample_contigs/77-A97_contigs.fa ==> 77_A97_contigs
  147 /scratch/mdprieto/results_hilliam/sample_contigs/77-C139_contigs.fa ==> 77_C139_contigs
  148 /scratch/mdprieto/results_hilliam/sample_contigs/78-A100_contigs.fa ==> 78_A100_contigs
  149 /scratch/mdprieto/results_hilliam/sample_contigs/78-C141_contigs.fa ==> 78_C141_contigs
  150 /scratch/mdprieto/results_hilliam/sample_contigs/79-A106_contigs.fa ==> 79_A106_contigs
  151 /scratch/mdprieto/results_hilliam/sample_contigs/79-C142_contigs.fa ==> 79_C142_contigs
  152 /scratch/mdprieto/results_hilliam/sample_contigs/7-C14_contigs.fa ==> 7_C14_contigs
  153 /scratch/mdprieto/results_hilliam/sample_contigs/7-C88_contigs.fa ==> 7_C88_contigs
  154 /scratch/mdprieto/results_hilliam/sample_contigs/80-A107_contigs.fa ==> 80_A107_contigs
  155 /scratch/mdprieto/results_hilliam/sample_contigs/80-C104_contigs.fa ==> 80_C104_contigs
  156 /scratch/mdprieto/results_hilliam/sample_contigs/81-A119_contigs.fa ==> 81_A119_contigs
  157 /scratch/mdprieto/results_hilliam/sample_contigs/81-C105_contigs.fa ==> 81_C105_contigs
  158 /scratch/mdprieto/results_hilliam/sample_contigs/82-A122_contigs.fa ==> 82_A122_contigs
  159 /scratch/mdprieto/results_hilliam/sample_contigs/82-C107_contigs.fa ==> 82_C107_contigs
  160 /scratch/mdprieto/results_hilliam/sample_contigs/83-A123_contigs.fa ==> 83_A123_contigs
  161 /scratch/mdprieto/results_hilliam/sample_contigs/83-C109_contigs.fa ==> 83_C109_contigs
  162 /scratch/mdprieto/results_hilliam/sample_contigs/84-A126_contigs.fa ==> 84_A126_contigs
  163 /scratch/mdprieto/results_hilliam/sample_contigs/84-C110_contigs.fa ==> 84_C110_contigs
  164 /scratch/mdprieto/results_hilliam/sample_contigs/85-A130_contigs.fa ==> 85_A130_contigs
  165 /scratch/mdprieto/results_hilliam/sample_contigs/85-C111_contigs.fa ==> 85_C111_contigs
  166 /scratch/mdprieto/results_hilliam/sample_contigs/86-A134_contigs.fa ==> 86_A134_contigs
  167 /scratch/mdprieto/results_hilliam/sample_contigs/86-C112_contigs.fa ==> 86_C112_contigs
  168 /scratch/mdprieto/results_hilliam/sample_contigs/87-A137_contigs.fa ==> 87_A137_contigs
  169 /scratch/mdprieto/results_hilliam/sample_contigs/87-C114_contigs.fa ==> 87_C114_contigs
  170 /scratch/mdprieto/results_hilliam/sample_contigs/88-C117_contigs.fa ==> 88_C117_contigs
  171 /scratch/mdprieto/results_hilliam/sample_contigs/89-A141_contigs.fa ==> 89_A141_contigs
  172 /scratch/mdprieto/results_hilliam/sample_contigs/89-C156_contigs.fa ==> 89_C156_contigs
  173 /scratch/mdprieto/results_hilliam/sample_contigs/8-C15_contigs.fa ==> 8_C15_contigs
  174 /scratch/mdprieto/results_hilliam/sample_contigs/8-C89_contigs.fa ==> 8_C89_contigs
  175 /scratch/mdprieto/results_hilliam/sample_contigs/90-A144_contigs.fa ==> 90_A144_contigs
  176 /scratch/mdprieto/results_hilliam/sample_contigs/90-C158_contigs.fa ==> 90_C158_contigs
  177 /scratch/mdprieto/results_hilliam/sample_contigs/91-A147_contigs.fa ==> 91_A147_contigs
  178 /scratch/mdprieto/results_hilliam/sample_contigs/91-C159_contigs.fa ==> 91_C159_contigs
  179 /scratch/mdprieto/results_hilliam/sample_contigs/92-A148_contigs.fa ==> 92_A148_contigs
  180 /scratch/mdprieto/results_hilliam/sample_contigs/92-C160_contigs.fa ==> 92_C160_contigs
  181 /scratch/mdprieto/results_hilliam/sample_contigs/93-A151_contigs.fa ==> 93_A151_contigs
  182 /scratch/mdprieto/results_hilliam/sample_contigs/93-C161_contigs.fa ==> 93_C161_contigs
  183 /scratch/mdprieto/results_hilliam/sample_contigs/94-A154_contigs.fa ==> 94_A154_contigs
  184 /scratch/mdprieto/results_hilliam/sample_contigs/94-C164_contigs.fa ==> 94_C164_contigs
  185 /scratch/mdprieto/results_hilliam/sample_contigs/95-A156_contigs.fa ==> 95_A156_contigs
  186 /scratch/mdprieto/results_hilliam/sample_contigs/95-C167_contigs.fa ==> 95_C167_contigs
  187 /scratch/mdprieto/results_hilliam/sample_contigs/96-A163_contigs.fa ==> 96_A163_contigs
  188 /scratch/mdprieto/results_hilliam/sample_contigs/96-C168_contigs.fa ==> 96_C168_contigs
  189 /scratch/mdprieto/results_hilliam/sample_contigs/9-C17_contigs.fa ==> 9_C17_contigs
  190 /scratch/mdprieto/results_hilliam/sample_contigs/9-C91_contigs.fa ==> 9_C91_contigs

2022-08-03 14:54:17
Running Basic statistics processor...
  Reference genome:
    GCF_000496605.2_ASM49660v2_genomic.fna, length = 6498072, num fragments = 1, GC % = 66.35
  Contig files: 
    1  10_C21_contigs
    2  10_C92_contigs
    3  11_C145_contigs
    4  11_C22_contigs
    5  12_C147_contigs
    6  12_C31_contigs
    7  13_C149_contigs
    8  13_C32_contigs
    9  14_C33_contigs
    10 14_C94_contigs
    11 15_C44_contigs
    12 15_C96_contigs
    13 16_C100_contigs
    14 16_C45_contigs
    15 17_C102_contigs
    16 17_C64_contigs
    17 18_C119_contigs
    18 18_C65_contigs
    19 19_C120_contigs
    20 19_C67_contigs
    21 1_C3_contigs
    22 20_C123_contigs
    23 20_C68_contigs
    24 21_C124_contigs
    25 21_C78_contigs
    26 22_C128_contigs
    27 22_C79_contigs
    28 23_C131_contigs
    29 23_C80_contigs
    30 24_C133_contigs
    31 24_C81_contigs
    32 25_C134_contigs
    33 25_C83_contigs
    34 26_A1_contigs
    35 26_C84_contigs
    36 27_A2_contigs
    37 27_C85_contigs
    38 28_A12_contigs
    39 28_C87_contigs
    40 29_A19_contigs
    41 29_C95_contigs
    42 2_C155_contigs
    43 2_C4_contigs
    44 30_A36_contigs
    45 30_C97_contigs
    46 31_C55_contigs
    47 31_C98_contigs
    48 32_C56_contigs
    49 32_C99_contigs
    50 33_C101_contigs
    51 33_C57_contigs
    52 34_C103_contigs
    53 34_C58_contigs
    54 35_C106_contigs
    55 35_C59_contigs
    56 36_C108_contigs
    57 36_C60_contigs
    58 37_C115_contigs
    59 37_C61_contigs
    60 38_B3_contigs
    61 38_C116_contigs
    62 39_B16_contigs
    63 39_C118_contigs
    64 3_C76_contigs
    65 3_C8_contigs
    66 40_B34_contigs
    67 40_C125_contigs
    68 41_B37_contigs
    69 41_C126_contigs
    70 42_B62_contigs
    71 42_C127_contigs
    72 43_B113_contigs
    73 43_C129_contigs
    74 44_B114_contigs
    75 44_C143_contigs
    76 45_B191_contigs
    77 45_C144_contigs
    78 46_B199_contigs
    79 46_C146_contigs
    80 47_C148_contigs
    81 47_C63_contigs
    82 48_A3_contigs
    83 48_C66_contigs
    84 49_A4_contigs
    85 49_C69_contigs
    86 4_C10_contigs
    87 4_C77_contigs
    88 50_A5_contigs
    89 50_C23_contigs
    90 51_A46_contigs
    91 51_C25_contigs
    92 52_A48_contigs
    93 52_C29_contigs
    94 53_A52_contigs
    95 53_C30_contigs
    96 54_A53_contigs
    97 54_C36_contigs
    98 55_A54_contigs
    99 55_C42_contigs
    100 56_A55_contigs
    101 56_C43_contigs
    102 57_A56_contigs
    103 57_C49_contigs
    104 58_A58_contigs
    105 58_C51_contigs
    106 59_A60_contigs
    107 59_C54_contigs
    108 5_C12_contigs
    109 5_C82_contigs
    110 60_A70_contigs
    111 60_C150_contigs
    112 61_A71_contigs
    113 61_C151_contigs
    114 62_A72_contigs
    115 62_C153_contigs
    116 63_A73_contigs
    117 63_C71_contigs
    118 64_A75_contigs
    119 64_C73_contigs
    120 65_A76_contigs
    121 65_C74_contigs
    122 66_A77_contigs
    123 66_C2_contigs
    124 67_A78_contigs
    125 67_C5_contigs
    126 68_A80_contigs
    127 68_C6_contigs
    128 69_A81_contigs
    129 69_C7_contigs
    130 6_C13_contigs
    131 6_C86_contigs
    132 70_A82_contigs
    133 70_C9_contigs
    134 71_A85_contigs
    135 71_C11_contigs
    136 72_A86_contigs
    137 72_C16_contigs
    138 73_A90_contigs
    139 73_C18_contigs
    140 74_A91_contigs
    141 74_C20_contigs
    142 75_A92_contigs
    143 75_C135_contigs
    144 76_A95_contigs
    145 76_C137_contigs
    146 77_A97_contigs
    147 77_C139_contigs
    148 78_A100_contigs
    149 78_C141_contigs
    150 79_A106_contigs
    151 79_C142_contigs
    152 7_C14_contigs
    153 7_C88_contigs
    154 80_A107_contigs
    155 80_C104_contigs
    156 81_A119_contigs
    157 81_C105_contigs
    158 82_A122_contigs
    159 82_C107_contigs
    160 83_A123_contigs
    161 83_C109_contigs
    162 84_A126_contigs
    163 84_C110_contigs
    164 85_A130_contigs
    165 85_C111_contigs
    166 86_A134_contigs
    167 86_C112_contigs
    168 87_A137_contigs
    169 87_C114_contigs
    170 88_C117_contigs
    171 89_A141_contigs
    172 89_C156_contigs
    173 8_C15_contigs
    174 8_C89_contigs
    175 90_A144_contigs
    176 90_C158_contigs
    177 91_A147_contigs
    178 91_C159_contigs
    179 92_A148_contigs
    180 92_C160_contigs
    181 93_A151_contigs
    182 93_C161_contigs
    183 94_A154_contigs
    184 94_C164_contigs
    185 95_A156_contigs
    186 95_C167_contigs
    187 96_A163_contigs
    188 96_C168_contigs
    189 9_C17_contigs
    190 9_C91_contigs
  Calculating N50 and L50...
    1  10_C21_contigs, N50 = 308908, L50 = 8, Total length = 6592134, GC % = 65.85, # N's per 100 kbp =  0.00
    2  10_C92_contigs, N50 = 300555, L50 = 7, Total length = 6998288, GC % = 65.77, # N's per 100 kbp =  0.00
    3  11_C145_contigs, N50 = 324041, L50 = 8, Total length = 6999496, GC % = 65.76, # N's per 100 kbp =  0.00
    4  11_C22_contigs, N50 = 238119, L50 = 11, Total length = 6551668, GC % = 65.92, # N's per 100 kbp =  0.00
    5  12_C147_contigs, N50 = 498464, L50 = 5, Total length = 6919398, GC % = 66.02, # N's per 100 kbp =  0.00
    6  12_C31_contigs, N50 = 50541, L50 = 40, Total length = 6891765, GC % = 66.00, # N's per 100 kbp =  0.00
    7  13_C149_contigs, N50 = 445995, L50 = 6, Total length = 6779657, GC % = 66.25, # N's per 100 kbp =  0.00
    8  13_C32_contigs, N50 = 118290, L50 = 19, Total length = 6915953, GC % = 66.03, # N's per 100 kbp =  0.00
    9  14_C33_contigs, N50 = 268594, L50 = 7, Total length = 6931204, GC % = 66.04, # N's per 100 kbp =  0.00
    10 14_C94_contigs, N50 = 656189, L50 = 5, Total length = 6888214, GC % = 66.05, # N's per 100 kbp =  0.00
    11 15_C44_contigs, N50 = 62283, L50 = 36, Total length = 6538146, GC % = 66.22, # N's per 100 kbp =  0.00
    12 15_C96_contigs, N50 = 271735, L50 = 9, Total length = 6953930, GC % = 65.67, # N's per 100 kbp =  0.00
    13 16_C100_contigs, N50 = 413520, L50 = 7, Total length = 6491476, GC % = 65.87, # N's per 100 kbp =  0.00
    14 16_C45_contigs, N50 = 63080, L50 = 37, Total length = 6534282, GC % = 66.22, # N's per 100 kbp =  0.00
    15 17_C102_contigs, N50 = 389311, L50 = 7, Total length = 6308861, GC % = 66.52, # N's per 100 kbp =  0.00
    16 17_C64_contigs, N50 = 427129, L50 = 6, Total length = 6342590, GC % = 66.36, # N's per 100 kbp =  0.00
    17 18_C119_contigs, N50 = 309268, L50 = 9, Total length = 6715178, GC % = 65.84, # N's per 100 kbp =  0.00
    18 18_C65_contigs, N50 = 317413, L50 = 8, Total length = 6393305, GC % = 66.34, # N's per 100 kbp =  0.00
    19 19_C120_contigs, N50 = 284647, L50 = 9, Total length = 6688188, GC % = 66.20, # N's per 100 kbp =  0.00
    20 19_C67_contigs, N50 = 425607, L50 = 5, Total length = 6395150, GC % = 66.34, # N's per 100 kbp =  0.00
    21 1_C3_contigs, N50 = 41205, L50 = 42, Total length = 6442860, GC % = 66.28, # N's per 100 kbp =  0.00
    22 20_C123_contigs, N50 = 345231, L50 = 9, Total length = 6686056, GC % = 66.30, # N's per 100 kbp =  0.00
    23 20_C68_contigs, N50 = 744071, L50 = 4, Total length = 6393723, GC % = 66.34, # N's per 100 kbp =  0.00
    24 21_C124_contigs, N50 = 79414, L50 = 30, Total length = 7945175, GC % = 65.45, # N's per 100 kbp =  0.00
    25 21_C78_contigs, N50 = 484191, L50 = 5, Total length = 6252067, GC % = 66.54, # N's per 100 kbp =  0.00
    26 22_C128_contigs, N50 = 765097, L50 = 4, Total length = 6744343, GC % = 66.15, # N's per 100 kbp =  0.00
    27 22_C79_contigs, N50 = 582018, L50 = 5, Total length = 6765554, GC % = 66.14, # N's per 100 kbp =  0.00
    28 23_C131_contigs, N50 = 432982, L50 = 6, Total length = 6898091, GC % = 66.01, # N's per 100 kbp =  0.00
    29 23_C80_contigs, N50 = 383219, L50 = 7, Total length = 6761361, GC % = 66.14, # N's per 100 kbp =  0.00
    30 24_C133_contigs, N50 = 324043, L50 = 8, Total length = 6660699, GC % = 66.15, # N's per 100 kbp =  0.00
    31 24_C81_contigs, N50 = 102905, L50 = 20, Total length = 6754549, GC % = 66.13, # N's per 100 kbp =  0.00
    32 25_C134_contigs, N50 = 306922, L50 = 8, Total length = 6663658, GC % = 66.15, # N's per 100 kbp =  0.00
    33 25_C83_contigs, N50 = 134023, L50 = 15, Total length = 6795313, GC % = 66.11, # N's per 100 kbp =  0.00
    34 26_A1_contigs, N50 = 307802, L50 = 6, Total length = 7072840, GC % = 65.96, # N's per 100 kbp =  0.00
    35 26_C84_contigs, N50 = 288927, L50 = 8, Total length = 6761072, GC % = 66.14, # N's per 100 kbp =  0.00
    36 27_A2_contigs, N50 = 541853, L50 = 5, Total length = 6545290, GC % = 66.22, # N's per 100 kbp =  0.00
    37 27_C85_contigs, N50 = 245114, L50 = 8, Total length = 6666341, GC % = 66.05, # N's per 100 kbp =  0.00
    38 28_A12_contigs, N50 = 365724, L50 = 7, Total length = 6681150, GC % = 65.91, # N's per 100 kbp =  0.00
    39 28_C87_contigs, N50 = 139793, L50 = 15, Total length = 6657477, GC % = 66.06, # N's per 100 kbp =  0.00
    40 29_A19_contigs, N50 = 114484, L50 = 17, Total length = 6640015, GC % = 65.83, # N's per 100 kbp =  0.00
    41 29_C95_contigs, N50 = 215128, L50 = 11, Total length = 7103480, GC % = 65.73, # N's per 100 kbp =  0.00
    42 2_C155_contigs, N50 = 509832, L50 = 5, Total length = 6195273, GC % = 66.42, # N's per 100 kbp =  0.00
    43 2_C4_contigs, N50 = 113295, L50 = 14, Total length = 6108841, GC % = 66.23, # N's per 100 kbp =  0.00
    44 30_A36_contigs, N50 = 387934, L50 = 7, Total length = 6471680, GC % = 66.44, # N's per 100 kbp =  0.00
    45 30_C97_contigs, N50 = 273268, L50 = 10, Total length = 7101661, GC % = 65.73, # N's per 100 kbp =  0.00
    46 31_C55_contigs, N50 = 263891, L50 = 8, Total length = 6392475, GC % = 66.40, # N's per 100 kbp =  0.00
    47 31_C98_contigs, N50 = 223803, L50 = 10, Total length = 7115865, GC % = 65.70, # N's per 100 kbp =  0.00
    48 32_C56_contigs, N50 = 262271, L50 = 8, Total length = 6393106, GC % = 66.40, # N's per 100 kbp =  0.00
    49 32_C99_contigs, N50 = 232890, L50 = 11, Total length = 7096823, GC % = 65.72, # N's per 100 kbp =  0.00
    50 33_C101_contigs, N50 = 256747, L50 = 7, Total length = 6180973, GC % = 66.47, # N's per 100 kbp =  0.00
    51 33_C57_contigs, N50 = 302787, L50 = 8, Total length = 6389142, GC % = 66.40, # N's per 100 kbp =  0.00
    52 34_C103_contigs, N50 = 269448, L50 = 10, Total length = 6301815, GC % = 66.52, # N's per 100 kbp =  0.00
    53 34_C58_contigs, N50 = 263891, L50 = 8, Total length = 6390930, GC % = 66.40, # N's per 100 kbp =  0.00
    54 35_C106_contigs, N50 = 189481, L50 = 12, Total length = 7238005, GC % = 65.77, # N's per 100 kbp =  0.00
    55 35_C59_contigs, N50 = 335149, L50 = 6, Total length = 6392045, GC % = 66.40, # N's per 100 kbp =  0.00
    56 36_C108_contigs, N50 = 56595, L50 = 36, Total length = 6973012, GC % = 65.90, # N's per 100 kbp =  0.00
    57 36_C60_contigs, N50 = 232404, L50 = 9, Total length = 6391695, GC % = 66.40, # N's per 100 kbp =  0.00
    58 37_C115_contigs, N50 = 157239, L50 = 13, Total length = 6948873, GC % = 66.05, # N's per 100 kbp =  0.00
    59 37_C61_contigs, N50 = 281422, L50 = 7, Total length = 6778083, GC % = 66.07, # N's per 100 kbp =  0.00
    60 38_B3_contigs, N50 = 510447, L50 = 6, Total length = 6653777, GC % = 66.21, # N's per 100 kbp =  0.00
    61 38_C116_contigs, N50 = 501046, L50 = 5, Total length = 6237517, GC % = 66.56, # N's per 100 kbp =  0.00
    62 39_B16_contigs, N50 = 374553, L50 = 6, Total length = 6536224, GC % = 66.31, # N's per 100 kbp =  0.00
    63 39_C118_contigs, N50 = 591515, L50 = 5, Total length = 6237572, GC % = 66.56, # N's per 100 kbp =  0.00
    64 3_C76_contigs, N50 = 239793, L50 = 10, Total length = 6964834, GC % = 65.83, # N's per 100 kbp =  0.00
    65 3_C8_contigs, N50 = 56594, L50 = 31, Total length = 6636840, GC % = 66.08, # N's per 100 kbp =  0.00
    66 40_B34_contigs, N50 = 415693, L50 = 7, Total length = 6883870, GC % = 66.03, # N's per 100 kbp =  0.00
    67 40_C125_contigs, N50 = 266560, L50 = 7, Total length = 6353865, GC % = 66.21, # N's per 100 kbp =  0.00
    68 41_B37_contigs, N50 = 531968, L50 = 4, Total length = 6520987, GC % = 66.35, # N's per 100 kbp =  0.00
    69 41_C126_contigs, N50 = 4040, L50 = 441, Total length = 7384431, GC % = 65.64, # N's per 100 kbp =  0.00
    70 42_B62_contigs, N50 = 421396, L50 = 5, Total length = 6381682, GC % = 66.18, # N's per 100 kbp =  0.00
    71 42_C127_contigs, N50 = 497790, L50 = 4, Total length = 6694797, GC % = 66.18, # N's per 100 kbp =  0.00
    72 43_B113_contigs, N50 = 340573, L50 = 7, Total length = 6429570, GC % = 66.29, # N's per 100 kbp =  0.00
    73 43_C129_contigs, N50 = 466207, L50 = 4, Total length = 6234657, GC % = 66.56, # N's per 100 kbp =  0.00
    74 44_B114_contigs, N50 = 547913, L50 = 4, Total length = 6385673, GC % = 66.48, # N's per 100 kbp =  0.00
    75 44_C143_contigs, N50 = 2019, L50 = 892, Total length = 7716616, GC % = 65.27, # N's per 100 kbp =  0.00
    76 45_B191_contigs, N50 = 639907, L50 = 4, Total length = 6250422, GC % = 66.56, # N's per 100 kbp =  0.00
    77 45_C144_contigs, N50 = 110581, L50 = 23, Total length = 7590407, GC % = 65.28, # N's per 100 kbp =  0.00
    78 46_B199_contigs, N50 = 218652, L50 = 11, Total length = 6717406, GC % = 66.03, # N's per 100 kbp =  0.00
    79 46_C146_contigs, N50 = 560891, L50 = 5, Total length = 6920847, GC % = 66.02, # N's per 100 kbp =  0.00
    80 47_C148_contigs, N50 = 392093, L50 = 6, Total length = 6921339, GC % = 66.02, # N's per 100 kbp =  0.00
    81 47_C63_contigs, N50 = 346983, L50 = 7, Total length = 6733237, GC % = 66.28, # N's per 100 kbp =  0.00
    82 48_A3_contigs, N50 = 133722, L50 = 15, Total length = 6662625, GC % = 66.25, # N's per 100 kbp =  0.00
    83 48_C66_contigs, N50 = 744948, L50 = 4, Total length = 6342555, GC % = 66.36, # N's per 100 kbp =  0.00
    84 49_A4_contigs, N50 = 119642, L50 = 16, Total length = 6656210, GC % = 66.25, # N's per 100 kbp =  0.00
    85 49_C69_contigs, N50 = 322680, L50 = 7, Total length = 6418496, GC % = 66.39, # N's per 100 kbp =  0.00
    86 4_C10_contigs, N50 = 7210, L50 = 265, Total length = 6301143, GC % = 66.25, # N's per 100 kbp =  0.00
    87 4_C77_contigs, N50 = 260002, L50 = 8, Total length = 6716151, GC % = 66.17, # N's per 100 kbp =  0.00
    88 50_A5_contigs, N50 = 170156, L50 = 10, Total length = 6660116, GC % = 66.25, # N's per 100 kbp =  0.00
    89 50_C23_contigs, N50 = 305352, L50 = 9, Total length = 6594408, GC % = 65.85, # N's per 100 kbp =  0.00
    90 51_A46_contigs, N50 = 308621, L50 = 8, Total length = 6857261, GC % = 66.16, # N's per 100 kbp =  0.00
    91 51_C25_contigs, N50 = 444497, L50 = 6, Total length = 6740749, GC % = 66.11, # N's per 100 kbp =  0.00
    92 52_A48_contigs, N50 = 174639, L50 = 13, Total length = 6848496, GC % = 66.16, # N's per 100 kbp =  0.00
    93 52_C29_contigs, N50 = 272904, L50 = 8, Total length = 6764384, GC % = 66.09, # N's per 100 kbp =  0.00
    94 53_A52_contigs, N50 = 174662, L50 = 11, Total length = 6861023, GC % = 66.16, # N's per 100 kbp =  0.00
    95 53_C30_contigs, N50 = 303227, L50 = 6, Total length = 6764312, GC % = 66.09, # N's per 100 kbp =  0.00
    96 54_A53_contigs, N50 = 317836, L50 = 7, Total length = 6865330, GC % = 66.16, # N's per 100 kbp =  0.00
    97 54_C36_contigs, N50 = 236060, L50 = 9, Total length = 7102784, GC % = 65.74, # N's per 100 kbp =  0.00
    98 55_A54_contigs, N50 = 243192, L50 = 10, Total length = 6852586, GC % = 66.16, # N's per 100 kbp =  0.00
    99 55_C42_contigs, N50 = 413025, L50 = 5, Total length = 6811084, GC % = 66.10, # N's per 100 kbp =  0.00
    100 56_A55_contigs, N50 = 421466, L50 = 6, Total length = 6856486, GC % = 66.16, # N's per 100 kbp =  0.00
    101 56_C43_contigs, N50 = 70519, L50 = 33, Total length = 6661155, GC % = 66.27, # N's per 100 kbp =  0.00
    102 57_A56_contigs, N50 = 347904, L50 = 8, Total length = 6860137, GC % = 66.16, # N's per 100 kbp =  0.00
    103 57_C49_contigs, N50 = 301969, L50 = 8, Total length = 7097281, GC % = 65.90, # N's per 100 kbp =  0.00
    104 58_A58_contigs, N50 = 354537, L50 = 7, Total length = 6861157, GC % = 66.16, # N's per 100 kbp =  0.00
    105 58_C51_contigs, N50 = 357748, L50 = 5, Total length = 6399359, GC % = 66.31, # N's per 100 kbp =  0.00
    106 59_A60_contigs, N50 = 43814, L50 = 49, Total length = 6837220, GC % = 66.15, # N's per 100 kbp =  0.00
    107 59_C54_contigs, N50 = 130906, L50 = 16, Total length = 6754519, GC % = 65.83, # N's per 100 kbp =  0.00
    108 5_C12_contigs, N50 = 50446, L50 = 38, Total length = 6906196, GC % = 66.06, # N's per 100 kbp =  0.00
    109 5_C82_contigs, N50 = 386506, L50 = 6, Total length = 6762091, GC % = 66.14, # N's per 100 kbp =  0.00
    110 60_A70_contigs, N50 = 106017, L50 = 20, Total length = 7031970, GC % = 66.15, # N's per 100 kbp =  0.00
    111 60_C150_contigs, N50 = 353104, L50 = 6, Total length = 6784263, GC % = 66.09, # N's per 100 kbp =  0.00
    112 61_A71_contigs, N50 = 92587, L50 = 22, Total length = 6849449, GC % = 66.14, # N's per 100 kbp =  0.00
    113 61_C151_contigs, N50 = 270683, L50 = 9, Total length = 6465010, GC % = 66.57, # N's per 100 kbp =  0.00
    114 62_A72_contigs, N50 = 272962, L50 = 9, Total length = 6858499, GC % = 66.16, # N's per 100 kbp =  0.00
    115 62_C153_contigs, N50 = 176323, L50 = 12, Total length = 6940385, GC % = 66.13, # N's per 100 kbp =  0.00
    116 63_A73_contigs, N50 = 372438, L50 = 7, Total length = 6862394, GC % = 66.16, # N's per 100 kbp =  0.00
    117 63_C71_contigs, N50 = 464280, L50 = 5, Total length = 6258478, GC % = 66.56, # N's per 100 kbp =  0.00
    118 64_A75_contigs, N50 = 341421, L50 = 8, Total length = 6862817, GC % = 66.16, # N's per 100 kbp =  0.00
    119 64_C73_contigs, N50 = 495780, L50 = 5, Total length = 6676153, GC % = 66.14, # N's per 100 kbp =  0.00
    120 65_A76_contigs, N50 = 375931, L50 = 7, Total length = 6862687, GC % = 66.16, # N's per 100 kbp =  0.00
    121 65_C74_contigs, N50 = 496945, L50 = 5, Total length = 6368757, GC % = 66.45, # N's per 100 kbp =  0.00
    122 66_A77_contigs, N50 = 515006, L50 = 6, Total length = 6773173, GC % = 66.16, # N's per 100 kbp =  0.00
    123 66_C2_contigs, N50 = 308433, L50 = 7, Total length = 6729853, GC % = 66.16, # N's per 100 kbp =  0.00
    124 67_A78_contigs, N50 = 295265, L50 = 8, Total length = 6608281, GC % = 66.21, # N's per 100 kbp =  0.00
    125 67_C5_contigs, N50 = 432683, L50 = 4, Total length = 6491395, GC % = 66.31, # N's per 100 kbp =  0.00
    126 68_A80_contigs, N50 = 395882, L50 = 6, Total length = 6769768, GC % = 66.16, # N's per 100 kbp =  0.00
    127 68_C6_contigs, N50 = 409012, L50 = 5, Total length = 6359360, GC % = 66.14, # N's per 100 kbp =  0.00
    128 69_A81_contigs, N50 = 354072, L50 = 6, Total length = 6610602, GC % = 66.21, # N's per 100 kbp =  0.00
    129 69_C7_contigs, N50 = 402236, L50 = 6, Total length = 6359487, GC % = 66.14, # N's per 100 kbp =  0.00
    130 6_C13_contigs, N50 = 71946, L50 = 21, Total length = 6651706, GC % = 66.29, # N's per 100 kbp =  0.00
    131 6_C86_contigs, N50 = 381600, L50 = 7, Total length = 6717686, GC % = 66.17, # N's per 100 kbp =  0.00
    132 70_A82_contigs, N50 = 355333, L50 = 7, Total length = 6629077, GC % = 66.22, # N's per 100 kbp =  0.00
    133 70_C9_contigs, N50 = 440189, L50 = 6, Total length = 6674909, GC % = 66.12, # N's per 100 kbp =  0.00
    134 71_A85_contigs, N50 = 464823, L50 = 5, Total length = 6770742, GC % = 66.16, # N's per 100 kbp =  0.00
    135 71_C11_contigs, N50 = 398203, L50 = 7, Total length = 6954503, GC % = 66.12, # N's per 100 kbp =  0.00
    136 72_A86_contigs, N50 = 267308, L50 = 8, Total length = 6768843, GC % = 66.16, # N's per 100 kbp =  0.00
    137 72_C16_contigs, N50 = 396648, L50 = 7, Total length = 6706089, GC % = 66.28, # N's per 100 kbp =  0.00
    138 73_A90_contigs, N50 = 48130, L50 = 38, Total length = 6705555, GC % = 66.17, # N's per 100 kbp =  0.00
    139 73_C18_contigs, N50 = 298481, L50 = 10, Total length = 6923163, GC % = 66.01, # N's per 100 kbp =  0.00
    140 74_A91_contigs, N50 = 117532, L50 = 14, Total length = 6767886, GC % = 66.15, # N's per 100 kbp =  0.00
    141 74_C20_contigs, N50 = 490089, L50 = 5, Total length = 6520847, GC % = 66.28, # N's per 100 kbp =  0.00
    142 75_A92_contigs, N50 = 123347, L50 = 15, Total length = 6759269, GC % = 66.15, # N's per 100 kbp =  0.00
    143 75_C135_contigs, N50 = 331636, L50 = 6, Total length = 6360472, GC % = 66.33, # N's per 100 kbp =  0.00
    144 76_A95_contigs, N50 = 173873, L50 = 14, Total length = 6767903, GC % = 66.16, # N's per 100 kbp =  0.00
    145 76_C137_contigs, N50 = 679878, L50 = 4, Total length = 6426722, GC % = 66.32, # N's per 100 kbp =  0.00
    146 77_A97_contigs, N50 = 255182, L50 = 9, Total length = 6770080, GC % = 66.16, # N's per 100 kbp =  0.00
    147 77_C139_contigs, N50 = 233401, L50 = 10, Total length = 6591318, GC % = 66.19, # N's per 100 kbp =  0.00
    148 78_A100_contigs, N50 = 469731, L50 = 5, Total length = 6606673, GC % = 66.21, # N's per 100 kbp =  0.00
    149 78_C141_contigs, N50 = 233401, L50 = 10, Total length = 6590964, GC % = 66.19, # N's per 100 kbp =  0.00
    150 79_A106_contigs, N50 = 178951, L50 = 13, Total length = 6770864, GC % = 66.15, # N's per 100 kbp =  0.00
    151 79_C142_contigs, N50 = 260519, L50 = 10, Total length = 6883517, GC % = 66.04, # N's per 100 kbp =  0.00
    152 7_C14_contigs, N50 = 84231, L50 = 19, Total length = 6651160, GC % = 66.28, # N's per 100 kbp =  0.00
    153 7_C88_contigs, N50 = 626418, L50 = 4, Total length = 6390457, GC % = 66.44, # N's per 100 kbp =  0.00
    154 80_A107_contigs, N50 = 4198, L50 = 511, Total length = 6753496, GC % = 66.16, # N's per 100 kbp =  0.00
    155 80_C104_contigs, N50 = 392114, L50 = 7, Total length = 6897505, GC % = 66.05, # N's per 100 kbp =  0.00
    156 81_A119_contigs, N50 = 219997, L50 = 12, Total length = 6690159, GC % = 66.05, # N's per 100 kbp =  0.00
    157 81_C105_contigs, N50 = 488198, L50 = 5, Total length = 6251659, GC % = 66.54, # N's per 100 kbp =  0.00
    158 82_A122_contigs, N50 = 131748, L50 = 15, Total length = 6683968, GC % = 66.05, # N's per 100 kbp =  0.00
    159 82_C107_contigs, N50 = 349000, L50 = 7, Total length = 6654717, GC % = 66.18, # N's per 100 kbp =  0.00
    160 83_A123_contigs, N50 = 199820, L50 = 12, Total length = 6690366, GC % = 66.05, # N's per 100 kbp =  0.00
    161 83_C109_contigs, N50 = 406673, L50 = 6, Total length = 6254210, GC % = 66.54, # N's per 100 kbp =  0.00
    162 84_A126_contigs, N50 = 52741, L50 = 35, Total length = 6661508, GC % = 66.01, # N's per 100 kbp =  0.00
    163 84_C110_contigs, N50 = 439215, L50 = 5, Total length = 6845882, GC % = 66.10, # N's per 100 kbp =  0.00
    164 85_A130_contigs, N50 = 28566, L50 = 65, Total length = 6608181, GC % = 65.95, # N's per 100 kbp =  0.00
    165 85_C111_contigs, N50 = 395331, L50 = 7, Total length = 6851601, GC % = 66.10, # N's per 100 kbp =  0.00
    166 86_A134_contigs, N50 = 56819, L50 = 29, Total length = 6630564, GC % = 66.05, # N's per 100 kbp =  0.00
    167 86_C112_contigs, N50 = 321999, L50 = 8, Total length = 6800073, GC % = 66.13, # N's per 100 kbp =  0.00
    168 87_A137_contigs, N50 = 248994, L50 = 10, Total length = 6692158, GC % = 66.05, # N's per 100 kbp =  0.00
    169 87_C114_contigs, N50 = 303635, L50 = 10, Total length = 6949709, GC % = 66.06, # N's per 100 kbp =  0.00
    170 88_C117_contigs, N50 = 501004, L50 = 5, Total length = 6232028, GC % = 66.57, # N's per 100 kbp =  0.00
    171 89_A141_contigs, N50 = 78222, L50 = 24, Total length = 6677710, GC % = 66.03, # N's per 100 kbp =  0.00
    172 89_C156_contigs, N50 = 390743, L50 = 5, Total length = 6630352, GC % = 66.25, # N's per 100 kbp =  0.00
    173 8_C15_contigs, N50 = 398371, L50 = 7, Total length = 6665013, GC % = 66.30, # N's per 100 kbp =  0.00
    174 8_C89_contigs, N50 = 662386, L50 = 3, Total length = 6237114, GC % = 66.62, # N's per 100 kbp =  0.00
    175 90_A144_contigs, N50 = 248983, L50 = 10, Total length = 6690007, GC % = 66.06, # N's per 100 kbp =  0.00
    176 90_C158_contigs, N50 = 176827, L50 = 12, Total length = 6940507, GC % = 66.13, # N's per 100 kbp =  0.00
    177 91_A147_contigs, N50 = 159211, L50 = 14, Total length = 6690394, GC % = 66.05, # N's per 100 kbp =  0.00
    178 91_C159_contigs, N50 = 272746, L50 = 7, Total length = 6581365, GC % = 66.29, # N's per 100 kbp =  0.00
    179 92_A148_contigs, N50 = 87099, L50 = 22, Total length = 6684818, GC % = 66.04, # N's per 100 kbp =  0.00
    180 92_C160_contigs, N50 = 277448, L50 = 8, Total length = 6473923, GC % = 66.55, # N's per 100 kbp =  0.00
    181 93_A151_contigs, N50 = 81790, L50 = 23, Total length = 6683697, GC % = 66.04, # N's per 100 kbp =  0.00
    182 93_C161_contigs, N50 = 414433, L50 = 5, Total length = 6284013, GC % = 66.54, # N's per 100 kbp =  0.00
    183 94_A154_contigs, N50 = 66442, L50 = 25, Total length = 6674379, GC % = 66.03, # N's per 100 kbp =  0.00
    184 94_C164_contigs, N50 = 347198, L50 = 6, Total length = 6123807, GC % = 66.42, # N's per 100 kbp =  0.00
    185 95_A156_contigs, N50 = 81786, L50 = 23, Total length = 6678893, GC % = 66.04, # N's per 100 kbp =  0.00
    186 95_C167_contigs, N50 = 388609, L50 = 6, Total length = 6588272, GC % = 66.23, # N's per 100 kbp =  0.00
    187 96_A163_contigs, N50 = 18193, L50 = 96, Total length = 6153538, GC % = 66.23, # N's per 100 kbp =  0.00
    188 96_C168_contigs, N50 = 426929, L50 = 5, Total length = 6841405, GC % = 66.16, # N's per 100 kbp =  0.00
    189 9_C17_contigs, N50 = 426041, L50 = 7, Total length = 6701682, GC % = 66.28, # N's per 100 kbp =  0.00
    190 9_C91_contigs, N50 = 275457, L50 = 9, Total length = 6795712, GC % = 66.14, # N's per 100 kbp =  0.00
  Drawing Nx plot...
    saved to /scratch/mdprieto/results_hilliam/quast/basic_stats/Nx_plot.pdf
  Drawing NGx plot...
    saved to /scratch/mdprieto/results_hilliam/quast/basic_stats/NGx_plot.pdf
  Drawing cumulative plot...
    saved to /scratch/mdprieto/results_hilliam/quast/basic_stats/cumulative_plot.pdf
  Drawing GC content plot...
    saved to /scratch/mdprieto/results_hilliam/quast/basic_stats/GC_content_plot.pdf
  Drawing 10_C21_contigs GC content plot...
    saved to /scratch/mdprieto/results_hilliam/quast/basic_stats/10_C21_contigs_GC_content_plot.pdf
  Drawing 10_C92_contigs GC content plot...
    saved to /scratch/mdprieto/results_hilliam/quast/basic_stats/10_C92_contigs_GC_content_plot.pdf
  Drawing 11_C145_contigs GC content plot...
    saved to /scratch/mdprieto/results_hilliam/quast/basic_stats/11_C145_contigs_GC_content_plot.pdf
  Drawing 11_C22_contigs GC content plot...
    saved to /scratch/mdprieto/results_hilliam/quast/basic_stats/11_C22_contigs_GC_content_plot.pdf
  Drawing 12_C147_contigs GC content plot...
    saved to /scratch/mdprieto/results_hilliam/quast/basic_stats/12_C147_contigs_GC_content_plot.pdf
  Drawing 12_C31_contigs GC content plot...
    saved to /scratch/mdprieto/results_hilliam/quast/basic_stats/12_C31_contigs_GC_content_plot.pdf
  Drawing 13_C149_contigs GC content plot...
    saved to /scratch/mdprieto/results_hilliam/quast/basic_stats/13_C149_contigs_GC_content_plot.pdf
  Drawing 13_C32_contigs GC content plot...
    saved to /scratch/mdprieto/results_hilliam/quast/basic_stats/13_C32_contigs_GC_content_plot.pdf
  Drawing 14_C33_contigs GC content plot...
    saved to /scratch/mdprieto/results_hilliam/quast/basic_stats/14_C33_contigs_GC_content_plot.pdf
  Drawing 14_C94_contigs GC content plot...
    saved to /scratch/mdprieto/results_hilliam/quast/basic_stats/14_C94_contigs_GC_content_plot.pdf
  Drawing 15_C44_contigs GC content plot...
    saved to /scratch/mdprieto/results_hilliam/quast/basic_stats/15_C44_contigs_GC_content_plot.pdf
  Drawing 15_C96_contigs GC content plot...
    saved to /scratch/mdprieto/results_hilliam/quast/basic_stats/15_C96_contigs_GC_content_plot.pdf
  Drawing 16_C100_contigs GC content plot...
    saved to /scratch/mdprieto/results_hilliam/quast/basic_stats/16_C100_contigs_GC_content_plot.pdf
  Drawing 16_C45_contigs GC content plot...
    saved to /scratch/mdprieto/results_hilliam/quast/basic_stats/16_C45_contigs_GC_content_plot.pdf
  Drawing 17_C102_contigs GC content plot...
    saved to /scratch/mdprieto/results_hilliam/quast/basic_stats/17_C102_contigs_GC_content_plot.pdf
  Drawing 17_C64_contigs GC content plot...
    saved to /scratch/mdprieto/results_hilliam/quast/basic_stats/17_C64_contigs_GC_content_plot.pdf
  Drawing 18_C119_contigs GC content plot...
    saved to /scratch/mdprieto/results_hilliam/quast/basic_stats/18_C119_contigs_GC_content_plot.pdf
  Drawing 18_C65_contigs GC content plot...
    saved to /scratch/mdprieto/results_hilliam/quast/basic_stats/18_C65_contigs_GC_content_plot.pdf
  Drawing 19_C120_contigs GC content plot...
    saved to /scratch/mdprieto/results_hilliam/quast/basic_stats/19_C120_contigs_GC_content_plot.pdf
  Drawing 19_C67_contigs GC content plot...
    saved to /scratch/mdprieto/results_hilliam/quast/basic_stats/19_C67_contigs_GC_content_plot.pdf
  Drawing 1_C3_contigs GC content plot...
    saved to /scratch/mdprieto/results_hilliam/quast/basic_stats/1_C3_contigs_GC_content_plot.pdf
  Drawing 20_C123_contigs GC content plot...
    saved to /scratch/mdprieto/results_hilliam/quast/basic_stats/20_C123_contigs_GC_content_plot.pdf
  Drawing 20_C68_contigs GC content plot...
    saved to /scratch/mdprieto/results_hilliam/quast/basic_stats/20_C68_contigs_GC_content_plot.pdf
  Drawing 21_C124_contigs GC content plot...
    saved to /scratch/mdprieto/results_hilliam/quast/basic_stats/21_C124_contigs_GC_content_plot.pdf
  Drawing 21_C78_contigs GC content plot...
    saved to /scratch/mdprieto/results_hilliam/quast/basic_stats/21_C78_contigs_GC_content_plot.pdf
  Drawing 22_C128_contigs GC content plot...
    saved to /scratch/mdprieto/results_hilliam/quast/basic_stats/22_C128_contigs_GC_content_plot.pdf
  Drawing 22_C79_contigs GC content plot...
    saved to /scratch/mdprieto/results_hilliam/quast/basic_stats/22_C79_contigs_GC_content_plot.pdf
  Drawing 23_C131_contigs GC content plot...
    saved to /scratch/mdprieto/results_hilliam/quast/basic_stats/23_C131_contigs_GC_content_plot.pdf
  Drawing 23_C80_contigs GC content plot...
    saved to /scratch/mdprieto/results_hilliam/quast/basic_stats/23_C80_contigs_GC_content_plot.pdf
  Drawing 24_C133_contigs GC content plot...
    saved to /scratch/mdprieto/results_hilliam/quast/basic_stats/24_C133_contigs_GC_content_plot.pdf
  Drawing 24_C81_contigs GC content plot...
    saved to /scratch/mdprieto/results_hilliam/quast/basic_stats/24_C81_contigs_GC_content_plot.pdf
  Drawing 25_C134_contigs GC content plot...
    saved to /scratch/mdprieto/results_hilliam/quast/basic_stats/25_C134_contigs_GC_content_plot.pdf
  Drawing 25_C83_contigs GC content plot...
    saved to /scratch/mdprieto/results_hilliam/quast/basic_stats/25_C83_contigs_GC_content_plot.pdf
  Drawing 26_A1_contigs GC content plot...
    saved to /scratch/mdprieto/results_hilliam/quast/basic_stats/26_A1_contigs_GC_content_plot.pdf
  Drawing 26_C84_contigs GC content plot...
    saved to /scratch/mdprieto/results_hilliam/quast/basic_stats/26_C84_contigs_GC_content_plot.pdf
  Drawing 27_A2_contigs GC content plot...
    saved to /scratch/mdprieto/results_hilliam/quast/basic_stats/27_A2_contigs_GC_content_plot.pdf
  Drawing 27_C85_contigs GC content plot...
    saved to /scratch/mdprieto/results_hilliam/quast/basic_stats/27_C85_contigs_GC_content_plot.pdf
  Drawing 28_A12_contigs GC content plot...
    saved to /scratch/mdprieto/results_hilliam/quast/basic_stats/28_A12_contigs_GC_content_plot.pdf
  Drawing 28_C87_contigs GC content plot...
    saved to /scratch/mdprieto/results_hilliam/quast/basic_stats/28_C87_contigs_GC_content_plot.pdf
  Drawing 29_A19_contigs GC content plot...
    saved to /scratch/mdprieto/results_hilliam/quast/basic_stats/29_A19_contigs_GC_content_plot.pdf
  Drawing 29_C95_contigs GC content plot...
    saved to /scratch/mdprieto/results_hilliam/quast/basic_stats/29_C95_contigs_GC_content_plot.pdf
  Drawing 2_C155_contigs GC content plot...
    saved to /scratch/mdprieto/results_hilliam/quast/basic_stats/2_C155_contigs_GC_content_plot.pdf
  Drawing 2_C4_contigs GC content plot...
    saved to /scratch/mdprieto/results_hilliam/quast/basic_stats/2_C4_contigs_GC_content_plot.pdf
  Drawing 30_A36_contigs GC content plot...
    saved to /scratch/mdprieto/results_hilliam/quast/basic_stats/30_A36_contigs_GC_content_plot.pdf
  Drawing 30_C97_contigs GC content plot...
    saved to /scratch/mdprieto/results_hilliam/quast/basic_stats/30_C97_contigs_GC_content_plot.pdf
  Drawing 31_C55_contigs GC content plot...
    saved to /scratch/mdprieto/results_hilliam/quast/basic_stats/31_C55_contigs_GC_content_plot.pdf
  Drawing 31_C98_contigs GC content plot...
    saved to /scratch/mdprieto/results_hilliam/quast/basic_stats/31_C98_contigs_GC_content_plot.pdf
  Drawing 32_C56_contigs GC content plot...
    saved to /scratch/mdprieto/results_hilliam/quast/basic_stats/32_C56_contigs_GC_content_plot.pdf
  Drawing 32_C99_contigs GC content plot...
    saved to /scratch/mdprieto/results_hilliam/quast/basic_stats/32_C99_contigs_GC_content_plot.pdf
  Drawing 33_C101_contigs GC content plot...
    saved to /scratch/mdprieto/results_hilliam/quast/basic_stats/33_C101_contigs_GC_content_plot.pdf
  Drawing 33_C57_contigs GC content plot...
    saved to /scratch/mdprieto/results_hilliam/quast/basic_stats/33_C57_contigs_GC_content_plot.pdf
  Drawing 34_C103_contigs GC content plot...
    saved to /scratch/mdprieto/results_hilliam/quast/basic_stats/34_C103_contigs_GC_content_plot.pdf
  Drawing 34_C58_contigs GC content plot...
    saved to /scratch/mdprieto/results_hilliam/quast/basic_stats/34_C58_contigs_GC_content_plot.pdf
  Drawing 35_C106_contigs GC content plot...
    saved to /scratch/mdprieto/results_hilliam/quast/basic_stats/35_C106_contigs_GC_content_plot.pdf
  Drawing 35_C59_contigs GC content plot...
    saved to /scratch/mdprieto/results_hilliam/quast/basic_stats/35_C59_contigs_GC_content_plot.pdf
  Drawing 36_C108_contigs GC content plot...
    saved to /scratch/mdprieto/results_hilliam/quast/basic_stats/36_C108_contigs_GC_content_plot.pdf
  Drawing 36_C60_contigs GC content plot...
    saved to /scratch/mdprieto/results_hilliam/quast/basic_stats/36_C60_contigs_GC_content_plot.pdf
  Drawing 37_C115_contigs GC content plot...
    saved to /scratch/mdprieto/results_hilliam/quast/basic_stats/37_C115_contigs_GC_content_plot.pdf
  Drawing 37_C61_contigs GC content plot...
    saved to /scratch/mdprieto/results_hilliam/quast/basic_stats/37_C61_contigs_GC_content_plot.pdf
  Drawing 38_B3_contigs GC content plot...
    saved to /scratch/mdprieto/results_hilliam/quast/basic_stats/38_B3_contigs_GC_content_plot.pdf
  Drawing 38_C116_contigs GC content plot...
    saved to /scratch/mdprieto/results_hilliam/quast/basic_stats/38_C116_contigs_GC_content_plot.pdf
  Drawing 39_B16_contigs GC content plot...
    saved to /scratch/mdprieto/results_hilliam/quast/basic_stats/39_B16_contigs_GC_content_plot.pdf
  Drawing 39_C118_contigs GC content plot...
    saved to /scratch/mdprieto/results_hilliam/quast/basic_stats/39_C118_contigs_GC_content_plot.pdf
  Drawing 3_C76_contigs GC content plot...
    saved to /scratch/mdprieto/results_hilliam/quast/basic_stats/3_C76_contigs_GC_content_plot.pdf
  Drawing 3_C8_contigs GC content plot...
    saved to /scratch/mdprieto/results_hilliam/quast/basic_stats/3_C8_contigs_GC_content_plot.pdf
  Drawing 40_B34_contigs GC content plot...
    saved to /scratch/mdprieto/results_hilliam/quast/basic_stats/40_B34_contigs_GC_content_plot.pdf
  Drawing 40_C125_contigs GC content plot...
    saved to /scratch/mdprieto/results_hilliam/quast/basic_stats/40_C125_contigs_GC_content_plot.pdf
  Drawing 41_B37_contigs GC content plot...
    saved to /scratch/mdprieto/results_hilliam/quast/basic_stats/41_B37_contigs_GC_content_plot.pdf
  Drawing 41_C126_contigs GC content plot...
    saved to /scratch/mdprieto/results_hilliam/quast/basic_stats/41_C126_contigs_GC_content_plot.pdf
  Drawing 42_B62_contigs GC content plot...
    saved to /scratch/mdprieto/results_hilliam/quast/basic_stats/42_B62_contigs_GC_content_plot.pdf
  Drawing 42_C127_contigs GC content plot...
    saved to /scratch/mdprieto/results_hilliam/quast/basic_stats/42_C127_contigs_GC_content_plot.pdf
  Drawing 43_B113_contigs GC content plot...
    saved to /scratch/mdprieto/results_hilliam/quast/basic_stats/43_B113_contigs_GC_content_plot.pdf
  Drawing 43_C129_contigs GC content plot...
    saved to /scratch/mdprieto/results_hilliam/quast/basic_stats/43_C129_contigs_GC_content_plot.pdf
  Drawing 44_B114_contigs GC content plot...
    saved to /scratch/mdprieto/results_hilliam/quast/basic_stats/44_B114_contigs_GC_content_plot.pdf
  Drawing 44_C143_contigs GC content plot...
    saved to /scratch/mdprieto/results_hilliam/quast/basic_stats/44_C143_contigs_GC_content_plot.pdf
  Drawing 45_B191_contigs GC content plot...
    saved to /scratch/mdprieto/results_hilliam/quast/basic_stats/45_B191_contigs_GC_content_plot.pdf
  Drawing 45_C144_contigs GC content plot...
    saved to /scratch/mdprieto/results_hilliam/quast/basic_stats/45_C144_contigs_GC_content_plot.pdf
  Drawing 46_B199_contigs GC content plot...
    saved to /scratch/mdprieto/results_hilliam/quast/basic_stats/46_B199_contigs_GC_content_plot.pdf
  Drawing 46_C146_contigs GC content plot...
    saved to /scratch/mdprieto/results_hilliam/quast/basic_stats/46_C146_contigs_GC_content_plot.pdf
  Drawing 47_C148_contigs GC content plot...
    saved to /scratch/mdprieto/results_hilliam/quast/basic_stats/47_C148_contigs_GC_content_plot.pdf
  Drawing 47_C63_contigs GC content plot...
    saved to /scratch/mdprieto/results_hilliam/quast/basic_stats/47_C63_contigs_GC_content_plot.pdf
  Drawing 48_A3_contigs GC content plot...
    saved to /scratch/mdprieto/results_hilliam/quast/basic_stats/48_A3_contigs_GC_content_plot.pdf
  Drawing 48_C66_contigs GC content plot...
    saved to /scratch/mdprieto/results_hilliam/quast/basic_stats/48_C66_contigs_GC_content_plot.pdf
  Drawing 49_A4_contigs GC content plot...
    saved to /scratch/mdprieto/results_hilliam/quast/basic_stats/49_A4_contigs_GC_content_plot.pdf
  Drawing 49_C69_contigs GC content plot...
    saved to /scratch/mdprieto/results_hilliam/quast/basic_stats/49_C69_contigs_GC_content_plot.pdf
  Drawing 4_C10_contigs GC content plot...
    saved to /scratch/mdprieto/results_hilliam/quast/basic_stats/4_C10_contigs_GC_content_plot.pdf
  Drawing 4_C77_contigs GC content plot...
    saved to /scratch/mdprieto/results_hilliam/quast/basic_stats/4_C77_contigs_GC_content_plot.pdf
  Drawing 50_A5_contigs GC content plot...
    saved to /scratch/mdprieto/results_hilliam/quast/basic_stats/50_A5_contigs_GC_content_plot.pdf
  Drawing 50_C23_contigs GC content plot...
    saved to /scratch/mdprieto/results_hilliam/quast/basic_stats/50_C23_contigs_GC_content_plot.pdf
  Drawing 51_A46_contigs GC content plot...
    saved to /scratch/mdprieto/results_hilliam/quast/basic_stats/51_A46_contigs_GC_content_plot.pdf
  Drawing 51_C25_contigs GC content plot...
    saved to /scratch/mdprieto/results_hilliam/quast/basic_stats/51_C25_contigs_GC_content_plot.pdf
  Drawing 52_A48_contigs GC content plot...
    saved to /scratch/mdprieto/results_hilliam/quast/basic_stats/52_A48_contigs_GC_content_plot.pdf
  Drawing 52_C29_contigs GC content plot...
    saved to /scratch/mdprieto/results_hilliam/quast/basic_stats/52_C29_contigs_GC_content_plot.pdf
  Drawing 53_A52_contigs GC content plot...
    saved to /scratch/mdprieto/results_hilliam/quast/basic_stats/53_A52_contigs_GC_content_plot.pdf
  Drawing 53_C30_contigs GC content plot...
    saved to /scratch/mdprieto/results_hilliam/quast/basic_stats/53_C30_contigs_GC_content_plot.pdf
  Drawing 54_A53_contigs GC content plot...
    saved to /scratch/mdprieto/results_hilliam/quast/basic_stats/54_A53_contigs_GC_content_plot.pdf
  Drawing 54_C36_contigs GC content plot...
    saved to /scratch/mdprieto/results_hilliam/quast/basic_stats/54_C36_contigs_GC_content_plot.pdf
  Drawing 55_A54_contigs GC content plot...
    saved to /scratch/mdprieto/results_hilliam/quast/basic_stats/55_A54_contigs_GC_content_plot.pdf
  Drawing 55_C42_contigs GC content plot...
    saved to /scratch/mdprieto/results_hilliam/quast/basic_stats/55_C42_contigs_GC_content_plot.pdf
  Drawing 56_A55_contigs GC content plot...
    saved to /scratch/mdprieto/results_hilliam/quast/basic_stats/56_A55_contigs_GC_content_plot.pdf
  Drawing 56_C43_contigs GC content plot...
    saved to /scratch/mdprieto/results_hilliam/quast/basic_stats/56_C43_contigs_GC_content_plot.pdf
  Drawing 57_A56_contigs GC content plot...
    saved to /scratch/mdprieto/results_hilliam/quast/basic_stats/57_A56_contigs_GC_content_plot.pdf
  Drawing 57_C49_contigs GC content plot...
    saved to /scratch/mdprieto/results_hilliam/quast/basic_stats/57_C49_contigs_GC_content_plot.pdf
  Drawing 58_A58_contigs GC content plot...
    saved to /scratch/mdprieto/results_hilliam/quast/basic_stats/58_A58_contigs_GC_content_plot.pdf
  Drawing 58_C51_contigs GC content plot...
    saved to /scratch/mdprieto/results_hilliam/quast/basic_stats/58_C51_contigs_GC_content_plot.pdf
  Drawing 59_A60_contigs GC content plot...
    saved to /scratch/mdprieto/results_hilliam/quast/basic_stats/59_A60_contigs_GC_content_plot.pdf
  Drawing 59_C54_contigs GC content plot...
    saved to /scratch/mdprieto/results_hilliam/quast/basic_stats/59_C54_contigs_GC_content_plot.pdf
  Drawing 5_C12_contigs GC content plot...
    saved to /scratch/mdprieto/results_hilliam/quast/basic_stats/5_C12_contigs_GC_content_plot.pdf
  Drawing 5_C82_contigs GC content plot...
    saved to /scratch/mdprieto/results_hilliam/quast/basic_stats/5_C82_contigs_GC_content_plot.pdf
  Drawing 60_A70_contigs GC content plot...
    saved to /scratch/mdprieto/results_hilliam/quast/basic_stats/60_A70_contigs_GC_content_plot.pdf
  Drawing 60_C150_contigs GC content plot...
    saved to /scratch/mdprieto/results_hilliam/quast/basic_stats/60_C150_contigs_GC_content_plot.pdf
  Drawing 61_A71_contigs GC content plot...
    saved to /scratch/mdprieto/results_hilliam/quast/basic_stats/61_A71_contigs_GC_content_plot.pdf
  Drawing 61_C151_contigs GC content plot...
    saved to /scratch/mdprieto/results_hilliam/quast/basic_stats/61_C151_contigs_GC_content_plot.pdf
  Drawing 62_A72_contigs GC content plot...
    saved to /scratch/mdprieto/results_hilliam/quast/basic_stats/62_A72_contigs_GC_content_plot.pdf
  Drawing 62_C153_contigs GC content plot...
    saved to /scratch/mdprieto/results_hilliam/quast/basic_stats/62_C153_contigs_GC_content_plot.pdf
  Drawing 63_A73_contigs GC content plot...
    saved to /scratch/mdprieto/results_hilliam/quast/basic_stats/63_A73_contigs_GC_content_plot.pdf
  Drawing 63_C71_contigs GC content plot...
    saved to /scratch/mdprieto/results_hilliam/quast/basic_stats/63_C71_contigs_GC_content_plot.pdf
  Drawing 64_A75_contigs GC content plot...
    saved to /scratch/mdprieto/results_hilliam/quast/basic_stats/64_A75_contigs_GC_content_plot.pdf
  Drawing 64_C73_contigs GC content plot...
    saved to /scratch/mdprieto/results_hilliam/quast/basic_stats/64_C73_contigs_GC_content_plot.pdf
  Drawing 65_A76_contigs GC content plot...
    saved to /scratch/mdprieto/results_hilliam/quast/basic_stats/65_A76_contigs_GC_content_plot.pdf
  Drawing 65_C74_contigs GC content plot...
    saved to /scratch/mdprieto/results_hilliam/quast/basic_stats/65_C74_contigs_GC_content_plot.pdf
  Drawing 66_A77_contigs GC content plot...
    saved to /scratch/mdprieto/results_hilliam/quast/basic_stats/66_A77_contigs_GC_content_plot.pdf
  Drawing 66_C2_contigs GC content plot...
    saved to /scratch/mdprieto/results_hilliam/quast/basic_stats/66_C2_contigs_GC_content_plot.pdf
  Drawing 67_A78_contigs GC content plot...
    saved to /scratch/mdprieto/results_hilliam/quast/basic_stats/67_A78_contigs_GC_content_plot.pdf
  Drawing 67_C5_contigs GC content plot...
    saved to /scratch/mdprieto/results_hilliam/quast/basic_stats/67_C5_contigs_GC_content_plot.pdf
  Drawing 68_A80_contigs GC content plot...
    saved to /scratch/mdprieto/results_hilliam/quast/basic_stats/68_A80_contigs_GC_content_plot.pdf
  Drawing 68_C6_contigs GC content plot...
    saved to /scratch/mdprieto/results_hilliam/quast/basic_stats/68_C6_contigs_GC_content_plot.pdf
  Drawing 69_A81_contigs GC content plot...
    saved to /scratch/mdprieto/results_hilliam/quast/basic_stats/69_A81_contigs_GC_content_plot.pdf
  Drawing 69_C7_contigs GC content plot...
    saved to /scratch/mdprieto/results_hilliam/quast/basic_stats/69_C7_contigs_GC_content_plot.pdf
  Drawing 6_C13_contigs GC content plot...
    saved to /scratch/mdprieto/results_hilliam/quast/basic_stats/6_C13_contigs_GC_content_plot.pdf
  Drawing 6_C86_contigs GC content plot...
    saved to /scratch/mdprieto/results_hilliam/quast/basic_stats/6_C86_contigs_GC_content_plot.pdf
  Drawing 70_A82_contigs GC content plot...
    saved to /scratch/mdprieto/results_hilliam/quast/basic_stats/70_A82_contigs_GC_content_plot.pdf
  Drawing 70_C9_contigs GC content plot...
    saved to /scratch/mdprieto/results_hilliam/quast/basic_stats/70_C9_contigs_GC_content_plot.pdf
  Drawing 71_A85_contigs GC content plot...
    saved to /scratch/mdprieto/results_hilliam/quast/basic_stats/71_A85_contigs_GC_content_plot.pdf
  Drawing 71_C11_contigs GC content plot...
    saved to /scratch/mdprieto/results_hilliam/quast/basic_stats/71_C11_contigs_GC_content_plot.pdf
  Drawing 72_A86_contigs GC content plot...
    saved to /scratch/mdprieto/results_hilliam/quast/basic_stats/72_A86_contigs_GC_content_plot.pdf
  Drawing 72_C16_contigs GC content plot...
    saved to /scratch/mdprieto/results_hilliam/quast/basic_stats/72_C16_contigs_GC_content_plot.pdf
  Drawing 73_A90_contigs GC content plot...
    saved to /scratch/mdprieto/results_hilliam/quast/basic_stats/73_A90_contigs_GC_content_plot.pdf
  Drawing 73_C18_contigs GC content plot...
    saved to /scratch/mdprieto/results_hilliam/quast/basic_stats/73_C18_contigs_GC_content_plot.pdf
  Drawing 74_A91_contigs GC content plot...
    saved to /scratch/mdprieto/results_hilliam/quast/basic_stats/74_A91_contigs_GC_content_plot.pdf
  Drawing 74_C20_contigs GC content plot...
    saved to /scratch/mdprieto/results_hilliam/quast/basic_stats/74_C20_contigs_GC_content_plot.pdf
  Drawing 75_A92_contigs GC content plot...
    saved to /scratch/mdprieto/results_hilliam/quast/basic_stats/75_A92_contigs_GC_content_plot.pdf
  Drawing 75_C135_contigs GC content plot...
    saved to /scratch/mdprieto/results_hilliam/quast/basic_stats/75_C135_contigs_GC_content_plot.pdf
  Drawing 76_A95_contigs GC content plot...
    saved to /scratch/mdprieto/results_hilliam/quast/basic_stats/76_A95_contigs_GC_content_plot.pdf
  Drawing 76_C137_contigs GC content plot...
    saved to /scratch/mdprieto/results_hilliam/quast/basic_stats/76_C137_contigs_GC_content_plot.pdf
  Drawing 77_A97_contigs GC content plot...
    saved to /scratch/mdprieto/results_hilliam/quast/basic_stats/77_A97_contigs_GC_content_plot.pdf
  Drawing 77_C139_contigs GC content plot...
    saved to /scratch/mdprieto/results_hilliam/quast/basic_stats/77_C139_contigs_GC_content_plot.pdf
  Drawing 78_A100_contigs GC content plot...
    saved to /scratch/mdprieto/results_hilliam/quast/basic_stats/78_A100_contigs_GC_content_plot.pdf
  Drawing 78_C141_contigs GC content plot...
    saved to /scratch/mdprieto/results_hilliam/quast/basic_stats/78_C141_contigs_GC_content_plot.pdf
  Drawing 79_A106_contigs GC content plot...
    saved to /scratch/mdprieto/results_hilliam/quast/basic_stats/79_A106_contigs_GC_content_plot.pdf
  Drawing 79_C142_contigs GC content plot...
    saved to /scratch/mdprieto/results_hilliam/quast/basic_stats/79_C142_contigs_GC_content_plot.pdf
  Drawing 7_C14_contigs GC content plot...
    saved to /scratch/mdprieto/results_hilliam/quast/basic_stats/7_C14_contigs_GC_content_plot.pdf
  Drawing 7_C88_contigs GC content plot...
    saved to /scratch/mdprieto/results_hilliam/quast/basic_stats/7_C88_contigs_GC_content_plot.pdf
  Drawing 80_A107_contigs GC content plot...
    saved to /scratch/mdprieto/results_hilliam/quast/basic_stats/80_A107_contigs_GC_content_plot.pdf
  Drawing 80_C104_contigs GC content plot...
    saved to /scratch/mdprieto/results_hilliam/quast/basic_stats/80_C104_contigs_GC_content_plot.pdf
  Drawing 81_A119_contigs GC content plot...
    saved to /scratch/mdprieto/results_hilliam/quast/basic_stats/81_A119_contigs_GC_content_plot.pdf
  Drawing 81_C105_contigs GC content plot...
    saved to /scratch/mdprieto/results_hilliam/quast/basic_stats/81_C105_contigs_GC_content_plot.pdf
  Drawing 82_A122_contigs GC content plot...
    saved to /scratch/mdprieto/results_hilliam/quast/basic_stats/82_A122_contigs_GC_content_plot.pdf
  Drawing 82_C107_contigs GC content plot...
    saved to /scratch/mdprieto/results_hilliam/quast/basic_stats/82_C107_contigs_GC_content_plot.pdf
  Drawing 83_A123_contigs GC content plot...
    saved to /scratch/mdprieto/results_hilliam/quast/basic_stats/83_A123_contigs_GC_content_plot.pdf
  Drawing 83_C109_contigs GC content plot...
    saved to /scratch/mdprieto/results_hilliam/quast/basic_stats/83_C109_contigs_GC_content_plot.pdf
  Drawing 84_A126_contigs GC content plot...
    saved to /scratch/mdprieto/results_hilliam/quast/basic_stats/84_A126_contigs_GC_content_plot.pdf
  Drawing 84_C110_contigs GC content plot...
    saved to /scratch/mdprieto/results_hilliam/quast/basic_stats/84_C110_contigs_GC_content_plot.pdf
  Drawing 85_A130_contigs GC content plot...
    saved to /scratch/mdprieto/results_hilliam/quast/basic_stats/85_A130_contigs_GC_content_plot.pdf
  Drawing 85_C111_contigs GC content plot...
    saved to /scratch/mdprieto/results_hilliam/quast/basic_stats/85_C111_contigs_GC_content_plot.pdf
  Drawing 86_A134_contigs GC content plot...
    saved to /scratch/mdprieto/results_hilliam/quast/basic_stats/86_A134_contigs_GC_content_plot.pdf
  Drawing 86_C112_contigs GC content plot...
    saved to /scratch/mdprieto/results_hilliam/quast/basic_stats/86_C112_contigs_GC_content_plot.pdf
  Drawing 87_A137_contigs GC content plot...
    saved to /scratch/mdprieto/results_hilliam/quast/basic_stats/87_A137_contigs_GC_content_plot.pdf
  Drawing 87_C114_contigs GC content plot...
    saved to /scratch/mdprieto/results_hilliam/quast/basic_stats/87_C114_contigs_GC_content_plot.pdf
  Drawing 88_C117_contigs GC content plot...
    saved to /scratch/mdprieto/results_hilliam/quast/basic_stats/88_C117_contigs_GC_content_plot.pdf
  Drawing 89_A141_contigs GC content plot...
    saved to /scratch/mdprieto/results_hilliam/quast/basic_stats/89_A141_contigs_GC_content_plot.pdf
  Drawing 89_C156_contigs GC content plot...
    saved to /scratch/mdprieto/results_hilliam/quast/basic_stats/89_C156_contigs_GC_content_plot.pdf
  Drawing 8_C15_contigs GC content plot...
    saved to /scratch/mdprieto/results_hilliam/quast/basic_stats/8_C15_contigs_GC_content_plot.pdf
  Drawing 8_C89_contigs GC content plot...
    saved to /scratch/mdprieto/results_hilliam/quast/basic_stats/8_C89_contigs_GC_content_plot.pdf
  Drawing 90_A144_contigs GC content plot...
    saved to /scratch/mdprieto/results_hilliam/quast/basic_stats/90_A144_contigs_GC_content_plot.pdf
  Drawing 90_C158_contigs GC content plot...
    saved to /scratch/mdprieto/results_hilliam/quast/basic_stats/90_C158_contigs_GC_content_plot.pdf
  Drawing 91_A147_contigs GC content plot...
    saved to /scratch/mdprieto/results_hilliam/quast/basic_stats/91_A147_contigs_GC_content_plot.pdf
  Drawing 91_C159_contigs GC content plot...
    saved to /scratch/mdprieto/results_hilliam/quast/basic_stats/91_C159_contigs_GC_content_plot.pdf
  Drawing 92_A148_contigs GC content plot...
    saved to /scratch/mdprieto/results_hilliam/quast/basic_stats/92_A148_contigs_GC_content_plot.pdf
  Drawing 92_C160_contigs GC content plot...
    saved to /scratch/mdprieto/results_hilliam/quast/basic_stats/92_C160_contigs_GC_content_plot.pdf
  Drawing 93_A151_contigs GC content plot...
    saved to /scratch/mdprieto/results_hilliam/quast/basic_stats/93_A151_contigs_GC_content_plot.pdf
  Drawing 93_C161_contigs GC content plot...
    saved to /scratch/mdprieto/results_hilliam/quast/basic_stats/93_C161_contigs_GC_content_plot.pdf
  Drawing 94_A154_contigs GC content plot...
    saved to /scratch/mdprieto/results_hilliam/quast/basic_stats/94_A154_contigs_GC_content_plot.pdf
  Drawing 94_C164_contigs GC content plot...
    saved to /scratch/mdprieto/results_hilliam/quast/basic_stats/94_C164_contigs_GC_content_plot.pdf
  Drawing 95_A156_contigs GC content plot...
    saved to /scratch/mdprieto/results_hilliam/quast/basic_stats/95_A156_contigs_GC_content_plot.pdf
  Drawing 95_C167_contigs GC content plot...
    saved to /scratch/mdprieto/results_hilliam/quast/basic_stats/95_C167_contigs_GC_content_plot.pdf
  Drawing 96_A163_contigs GC content plot...
    saved to /scratch/mdprieto/results_hilliam/quast/basic_stats/96_A163_contigs_GC_content_plot.pdf
  Drawing 96_C168_contigs GC content plot...
    saved to /scratch/mdprieto/results_hilliam/quast/basic_stats/96_C168_contigs_GC_content_plot.pdf
  Drawing 9_C17_contigs GC content plot...
    saved to /scratch/mdprieto/results_hilliam/quast/basic_stats/9_C17_contigs_GC_content_plot.pdf
  Drawing 9_C91_contigs GC content plot...
    saved to /scratch/mdprieto/results_hilliam/quast/basic_stats/9_C91_contigs_GC_content_plot.pdf
Done.

2022-08-03 14:57:12
Running Contig analyzer...
  1  10_C21_contigs
  2  10_C92_contigs
  4  11_C22_contigs
  3  11_C145_contigs
  5  12_C147_contigs
  4  Logging to files /scratch/mdprieto/results_hilliam/quast/contigs_reports/contigs_report_11_C22_contigs.stdout and contigs_report_11_C22_contigs.stderr...
  7  13_C149_contigs
  6  12_C31_contigs
  1  Logging to files /scratch/mdprieto/results_hilliam/quast/contigs_reports/contigs_report_10_C21_contigs.stdout and contigs_report_10_C21_contigs.stderr...
  1  Aligning contigs to the reference
  3  Logging to files /scratch/mdprieto/results_hilliam/quast/contigs_reports/contigs_report_11_C145_contigs.stdout and contigs_report_11_C145_contigs.stderr...
  4  Aligning contigs to the reference
  3  Aligning contigs to the reference
  6  Logging to files /scratch/mdprieto/results_hilliam/quast/contigs_reports/contigs_report_12_C31_contigs.stdout and contigs_report_12_C31_contigs.stderr...
  6  Aligning contigs to the reference
  7  Logging to files /scratch/mdprieto/results_hilliam/quast/contigs_reports/contigs_report_13_C149_contigs.stdout and contigs_report_13_C149_contigs.stderr...
  2  Logging to files /scratch/mdprieto/results_hilliam/quast/contigs_reports/contigs_report_10_C92_contigs.stdout and contigs_report_10_C92_contigs.stderr...
  7  Aligning contigs to the reference
  5  Logging to files /scratch/mdprieto/results_hilliam/quast/contigs_reports/contigs_report_12_C147_contigs.stdout and contigs_report_12_C147_contigs.stderr...
  2  Aligning contigs to the reference
  5  Aligning contigs to the reference
  1  /cvmfs/soft.computecanada.ca/easybuild/software/2020/avx2/Compiler/gcc9/quast/5.0.2/lib/python3.8/site-packages/quast_libs/minimap2/minimap2 \
     -c -x asm5 -B5 -O4,16 --no-long-join -r 85 -N 50 -s 65 -z 200 --mask-level 0.9 \
     --min-occ 200 -g 2500 --score-N 2 --cs -t 1 results_hilliam/quast/quast_corrected_input/GCF_000496605.2_ASM49660v2_genomic.fna \
     results_hilliam/quast/quast_corrected_input/10_C21_contigs.fa > results_hilliam/quast/contigs_reports/minimap_output/10_C21_contigs.coords_tmp \
     2>> results_hilliam/quast/contigs_reports/contigs_report_10_C21_contigs.stderr
  6  /cvmfs/soft.computecanada.ca/easybuild/software/2020/avx2/Compiler/gcc9/quast/5.0.2/lib/python3.8/site-packages/quast_libs/minimap2/minimap2 \
     -c -x asm5 -B5 -O4,16 --no-long-join -r 85 -N 50 -s 65 -z 200 --mask-level 0.9 \
     --min-occ 200 -g 2500 --score-N 2 --cs -t 1 results_hilliam/quast/quast_corrected_input/GCF_000496605.2_ASM49660v2_genomic.fna \
     results_hilliam/quast/quast_corrected_input/12_C31_contigs.fa > results_hilliam/quast/contigs_reports/minimap_output/12_C31_contigs.coords_tmp \
     2>> results_hilliam/quast/contigs_reports/contigs_report_12_C31_contigs.stderr
  7  /cvmfs/soft.computecanada.ca/easybuild/software/2020/avx2/Compiler/gcc9/quast/5.0.2/lib/python3.8/site-packages/quast_libs/minimap2/minimap2 \
     -c -x asm5 -B5 -O4,16 --no-long-join -r 85 -N 50 -s 65 -z 200 --mask-level 0.9 \
     --min-occ 200 -g 2500 --score-N 2 --cs -t 1 results_hilliam/quast/quast_corrected_input/GCF_000496605.2_ASM49660v2_genomic.fna \
     results_hilliam/quast/quast_corrected_input/13_C149_contigs.fa > results_hilliam/quast/contigs_reports/minimap_output/13_C149_contigs.coords_tmp \
     2>> results_hilliam/quast/contigs_reports/contigs_report_13_C149_contigs.stderr
  3  /cvmfs/soft.computecanada.ca/easybuild/software/2020/avx2/Compiler/gcc9/quast/5.0.2/lib/python3.8/site-packages/quast_libs/minimap2/minimap2 \
     -c -x asm5 -B5 -O4,16 --no-long-join -r 85 -N 50 -s 65 -z 200 --mask-level 0.9 \
     --min-occ 200 -g 2500 --score-N 2 --cs -t 1 results_hilliam/quast/quast_corrected_input/GCF_000496605.2_ASM49660v2_genomic.fna \
     results_hilliam/quast/quast_corrected_input/11_C145_contigs.fa > results_hilliam/quast/contigs_reports/minimap_output/11_C145_contigs.coords_tmp \
     2>> results_hilliam/quast/contigs_reports/contigs_report_11_C145_contigs.stderr
  4  /cvmfs/soft.computecanada.ca/easybuild/software/2020/avx2/Compiler/gcc9/quast/5.0.2/lib/python3.8/site-packages/quast_libs/minimap2/minimap2 \
     -c -x asm5 -B5 -O4,16 --no-long-join -r 85 -N 50 -s 65 -z 200 --mask-level 0.9 \
     --min-occ 200 -g 2500 --score-N 2 --cs -t 1 results_hilliam/quast/quast_corrected_input/GCF_000496605.2_ASM49660v2_genomic.fna \
     results_hilliam/quast/quast_corrected_input/11_C22_contigs.fa > results_hilliam/quast/contigs_reports/minimap_output/11_C22_contigs.coords_tmp \
     2>> results_hilliam/quast/contigs_reports/contigs_report_11_C22_contigs.stderr
  5  /cvmfs/soft.computecanada.ca/easybuild/software/2020/avx2/Compiler/gcc9/quast/5.0.2/lib/python3.8/site-packages/quast_libs/minimap2/minimap2 \
     -c -x asm5 -B5 -O4,16 --no-long-join -r 85 -N 50 -s 65 -z 200 --mask-level 0.9 \
     --min-occ 200 -g 2500 --score-N 2 --cs -t 1 results_hilliam/quast/quast_corrected_input/GCF_000496605.2_ASM49660v2_genomic.fna \
     results_hilliam/quast/quast_corrected_input/12_C147_contigs.fa > results_hilliam/quast/contigs_reports/minimap_output/12_C147_contigs.coords_tmp \
     2>> results_hilliam/quast/contigs_reports/contigs_report_12_C147_contigs.stderr
  2  /cvmfs/soft.computecanada.ca/easybuild/software/2020/avx2/Compiler/gcc9/quast/5.0.2/lib/python3.8/site-packages/quast_libs/minimap2/minimap2 \
     -c -x asm5 -B5 -O4,16 --no-long-join -r 85 -N 50 -s 65 -z 200 --mask-level 0.9 \
     --min-occ 200 -g 2500 --score-N 2 --cs -t 1 results_hilliam/quast/quast_corrected_input/GCF_000496605.2_ASM49660v2_genomic.fna \
     results_hilliam/quast/quast_corrected_input/10_C92_contigs.fa > results_hilliam/quast/contigs_reports/minimap_output/10_C92_contigs.coords_tmp \
     2>> results_hilliam/quast/contigs_reports/contigs_report_10_C92_contigs.stderr
  4  Analysis is finished.

  8  13_C32_contigs
  8  Logging to files /scratch/mdprieto/results_hilliam/quast/contigs_reports/contigs_report_13_C32_contigs.stdout and contigs_report_13_C32_contigs.stderr...
  1  Analysis is finished.

  8  Aligning contigs to the reference
  9  14_C33_contigs
  9  Logging to files /scratch/mdprieto/results_hilliam/quast/contigs_reports/contigs_report_14_C33_contigs.stdout and contigs_report_14_C33_contigs.stderr...
  9  Aligning contigs to the reference
  8  /cvmfs/soft.computecanada.ca/easybuild/software/2020/avx2/Compiler/gcc9/quast/5.0.2/lib/python3.8/site-packages/quast_libs/minimap2/minimap2 \
     -c -x asm5 -B5 -O4,16 --no-long-join -r 85 -N 50 -s 65 -z 200 --mask-level 0.9 \
     --min-occ 200 -g 2500 --score-N 2 --cs -t 1 results_hilliam/quast/quast_corrected_input/GCF_000496605.2_ASM49660v2_genomic.fna \
     results_hilliam/quast/quast_corrected_input/13_C32_contigs.fa > results_hilliam/quast/contigs_reports/minimap_output/13_C32_contigs.coords_tmp \
     2>> results_hilliam/quast/contigs_reports/contigs_report_13_C32_contigs.stderr
  9  /cvmfs/soft.computecanada.ca/easybuild/software/2020/avx2/Compiler/gcc9/quast/5.0.2/lib/python3.8/site-packages/quast_libs/minimap2/minimap2 \
     -c -x asm5 -B5 -O4,16 --no-long-join -r 85 -N 50 -s 65 -z 200 --mask-level 0.9 \
     --min-occ 200 -g 2500 --score-N 2 --cs -t 1 results_hilliam/quast/quast_corrected_input/GCF_000496605.2_ASM49660v2_genomic.fna \
     results_hilliam/quast/quast_corrected_input/14_C33_contigs.fa > results_hilliam/quast/contigs_reports/minimap_output/14_C33_contigs.coords_tmp \
     2>> results_hilliam/quast/contigs_reports/contigs_report_14_C33_contigs.stderr
  6  Analysis is finished.

  10 14_C94_contigs
  10 Logging to files /scratch/mdprieto/results_hilliam/quast/contigs_reports/contigs_report_14_C94_contigs.stdout and contigs_report_14_C94_contigs.stderr...
  10 Aligning contigs to the reference
  10 /cvmfs/soft.computecanada.ca/easybuild/software/2020/avx2/Compiler/gcc9/quast/5.0.2/lib/python3.8/site-packages/quast_libs/minimap2/minimap2 \
     -c -x asm5 -B5 -O4,16 --no-long-join -r 85 -N 50 -s 65 -z 200 --mask-level 0.9 \
     --min-occ 200 -g 2500 --score-N 2 --cs -t 1 results_hilliam/quast/quast_corrected_input/GCF_000496605.2_ASM49660v2_genomic.fna \
     results_hilliam/quast/quast_corrected_input/14_C94_contigs.fa > results_hilliam/quast/contigs_reports/minimap_output/14_C94_contigs.coords_tmp \
     2>> results_hilliam/quast/contigs_reports/contigs_report_14_C94_contigs.stderr
  2  Analysis is finished.

  11 15_C44_contigs
  11 Logging to files /scratch/mdprieto/results_hilliam/quast/contigs_reports/contigs_report_15_C44_contigs.stdout and contigs_report_15_C44_contigs.stderr...
  11 Aligning contigs to the reference
  7  Analysis is finished.

  12 15_C96_contigs
  11 /cvmfs/soft.computecanada.ca/easybuild/software/2020/avx2/Compiler/gcc9/quast/5.0.2/lib/python3.8/site-packages/quast_libs/minimap2/minimap2 \
     -c -x asm5 -B5 -O4,16 --no-long-join -r 85 -N 50 -s 65 -z 200 --mask-level 0.9 \
     --min-occ 200 -g 2500 --score-N 2 --cs -t 1 results_hilliam/quast/quast_corrected_input/GCF_000496605.2_ASM49660v2_genomic.fna \
     results_hilliam/quast/quast_corrected_input/15_C44_contigs.fa > results_hilliam/quast/contigs_reports/minimap_output/15_C44_contigs.coords_tmp \
     2>> results_hilliam/quast/contigs_reports/contigs_report_15_C44_contigs.stderr
  12 Logging to files /scratch/mdprieto/results_hilliam/quast/contigs_reports/contigs_report_15_C96_contigs.stdout and contigs_report_15_C96_contigs.stderr...
  12 Aligning contigs to the reference
  5  Analysis is finished.

  12 /cvmfs/soft.computecanada.ca/easybuild/software/2020/avx2/Compiler/gcc9/quast/5.0.2/lib/python3.8/site-packages/quast_libs/minimap2/minimap2 \
     -c -x asm5 -B5 -O4,16 --no-long-join -r 85 -N 50 -s 65 -z 200 --mask-level 0.9 \
     --min-occ 200 -g 2500 --score-N 2 --cs -t 1 results_hilliam/quast/quast_corrected_input/GCF_000496605.2_ASM49660v2_genomic.fna \
     results_hilliam/quast/quast_corrected_input/15_C96_contigs.fa > results_hilliam/quast/contigs_reports/minimap_output/15_C96_contigs.coords_tmp \
     2>> results_hilliam/quast/contigs_reports/contigs_report_15_C96_contigs.stderr
  13 16_C100_contigs
  13 Logging to files /scratch/mdprieto/results_hilliam/quast/contigs_reports/contigs_report_16_C100_contigs.stdout and contigs_report_16_C100_contigs.stderr...
  13 Aligning contigs to the reference
  13 /cvmfs/soft.computecanada.ca/easybuild/software/2020/avx2/Compiler/gcc9/quast/5.0.2/lib/python3.8/site-packages/quast_libs/minimap2/minimap2 \
     -c -x asm5 -B5 -O4,16 --no-long-join -r 85 -N 50 -s 65 -z 200 --mask-level 0.9 \
     --min-occ 200 -g 2500 --score-N 2 --cs -t 1 results_hilliam/quast/quast_corrected_input/GCF_000496605.2_ASM49660v2_genomic.fna \
     results_hilliam/quast/quast_corrected_input/16_C100_contigs.fa > results_hilliam/quast/contigs_reports/minimap_output/16_C100_contigs.coords_tmp \
     2>> results_hilliam/quast/contigs_reports/contigs_report_16_C100_contigs.stderr
  3  Analysis is finished.

  14 16_C45_contigs
  14 Logging to files /scratch/mdprieto/results_hilliam/quast/contigs_reports/contigs_report_16_C45_contigs.stdout and contigs_report_16_C45_contigs.stderr...
  14 Aligning contigs to the reference
  14 /cvmfs/soft.computecanada.ca/easybuild/software/2020/avx2/Compiler/gcc9/quast/5.0.2/lib/python3.8/site-packages/quast_libs/minimap2/minimap2 \
     -c -x asm5 -B5 -O4,16 --no-long-join -r 85 -N 50 -s 65 -z 200 --mask-level 0.9 \
     --min-occ 200 -g 2500 --score-N 2 --cs -t 1 results_hilliam/quast/quast_corrected_input/GCF_000496605.2_ASM49660v2_genomic.fna \
     results_hilliam/quast/quast_corrected_input/16_C45_contigs.fa > results_hilliam/quast/contigs_reports/minimap_output/16_C45_contigs.coords_tmp \
     2>> results_hilliam/quast/contigs_reports/contigs_report_16_C45_contigs.stderr
  8  Analysis is finished.

  15 17_C102_contigs
  15 Logging to files /scratch/mdprieto/results_hilliam/quast/contigs_reports/contigs_report_17_C102_contigs.stdout and contigs_report_17_C102_contigs.stderr...
  11 Analysis is finished.

  15 Aligning contigs to the reference
  16 17_C64_contigs
  9  Analysis is finished.

  17 18_C119_contigs
  16 Logging to files /scratch/mdprieto/results_hilliam/quast/contigs_reports/contigs_report_17_C64_contigs.stdout and contigs_report_17_C64_contigs.stderr...
  15 /cvmfs/soft.computecanada.ca/easybuild/software/2020/avx2/Compiler/gcc9/quast/5.0.2/lib/python3.8/site-packages/quast_libs/minimap2/minimap2 \
     -c -x asm5 -B5 -O4,16 --no-long-join -r 85 -N 50 -s 65 -z 200 --mask-level 0.9 \
     --min-occ 200 -g 2500 --score-N 2 --cs -t 1 results_hilliam/quast/quast_corrected_input/GCF_000496605.2_ASM49660v2_genomic.fna \
     results_hilliam/quast/quast_corrected_input/17_C102_contigs.fa > results_hilliam/quast/contigs_reports/minimap_output/17_C102_contigs.coords_tmp \
     2>> results_hilliam/quast/contigs_reports/contigs_report_17_C102_contigs.stderr
  17 Logging to files /scratch/mdprieto/results_hilliam/quast/contigs_reports/contigs_report_18_C119_contigs.stdout and contigs_report_18_C119_contigs.stderr...
  17 Aligning contigs to the reference
  16 Aligning contigs to the reference
  17 /cvmfs/soft.computecanada.ca/easybuild/software/2020/avx2/Compiler/gcc9/quast/5.0.2/lib/python3.8/site-packages/quast_libs/minimap2/minimap2 \
     -c -x asm5 -B5 -O4,16 --no-long-join -r 85 -N 50 -s 65 -z 200 --mask-level 0.9 \
     --min-occ 200 -g 2500 --score-N 2 --cs -t 1 results_hilliam/quast/quast_corrected_input/GCF_000496605.2_ASM49660v2_genomic.fna \
     results_hilliam/quast/quast_corrected_input/18_C119_contigs.fa > results_hilliam/quast/contigs_reports/minimap_output/18_C119_contigs.coords_tmp \
     2>> results_hilliam/quast/contigs_reports/contigs_report_18_C119_contigs.stderr
  16 /cvmfs/soft.computecanada.ca/easybuild/software/2020/avx2/Compiler/gcc9/quast/5.0.2/lib/python3.8/site-packages/quast_libs/minimap2/minimap2 \
     -c -x asm5 -B5 -O4,16 --no-long-join -r 85 -N 50 -s 65 -z 200 --mask-level 0.9 \
     --min-occ 200 -g 2500 --score-N 2 --cs -t 1 results_hilliam/quast/quast_corrected_input/GCF_000496605.2_ASM49660v2_genomic.fna \
     results_hilliam/quast/quast_corrected_input/17_C64_contigs.fa > results_hilliam/quast/contigs_reports/minimap_output/17_C64_contigs.coords_tmp \
     2>> results_hilliam/quast/contigs_reports/contigs_report_17_C64_contigs.stderr
  10 Analysis is finished.

  18 18_C65_contigs
  18 Logging to files /scratch/mdprieto/results_hilliam/quast/contigs_reports/contigs_report_18_C65_contigs.stdout and contigs_report_18_C65_contigs.stderr...
  18 Aligning contigs to the reference
  18 /cvmfs/soft.computecanada.ca/easybuild/software/2020/avx2/Compiler/gcc9/quast/5.0.2/lib/python3.8/site-packages/quast_libs/minimap2/minimap2 \
     -c -x asm5 -B5 -O4,16 --no-long-join -r 85 -N 50 -s 65 -z 200 --mask-level 0.9 \
     --min-occ 200 -g 2500 --score-N 2 --cs -t 1 results_hilliam/quast/quast_corrected_input/GCF_000496605.2_ASM49660v2_genomic.fna \
     results_hilliam/quast/quast_corrected_input/18_C65_contigs.fa > results_hilliam/quast/contigs_reports/minimap_output/18_C65_contigs.coords_tmp \
     2>> results_hilliam/quast/contigs_reports/contigs_report_18_C65_contigs.stderr
  13 Analysis is finished.

  19 19_C120_contigs
  19 Logging to files /scratch/mdprieto/results_hilliam/quast/contigs_reports/contigs_report_19_C120_contigs.stdout and contigs_report_19_C120_contigs.stderr...
  19 Aligning contigs to the reference
  14 Analysis is finished.

  20 19_C67_contigs
  19 /cvmfs/soft.computecanada.ca/easybuild/software/2020/avx2/Compiler/gcc9/quast/5.0.2/lib/python3.8/site-packages/quast_libs/minimap2/minimap2 \
     -c -x asm5 -B5 -O4,16 --no-long-join -r 85 -N 50 -s 65 -z 200 --mask-level 0.9 \
     --min-occ 200 -g 2500 --score-N 2 --cs -t 1 results_hilliam/quast/quast_corrected_input/GCF_000496605.2_ASM49660v2_genomic.fna \
     results_hilliam/quast/quast_corrected_input/19_C120_contigs.fa > results_hilliam/quast/contigs_reports/minimap_output/19_C120_contigs.coords_tmp \
     2>> results_hilliam/quast/contigs_reports/contigs_report_19_C120_contigs.stderr
  20 Logging to files /scratch/mdprieto/results_hilliam/quast/contigs_reports/contigs_report_19_C67_contigs.stdout and contigs_report_19_C67_contigs.stderr...
  20 Aligning contigs to the reference
  12 Analysis is finished.

  21 1_C3_contigs
  21 Logging to files /scratch/mdprieto/results_hilliam/quast/contigs_reports/contigs_report_1_C3_contigs.stdout and contigs_report_1_C3_contigs.stderr...
  21 Aligning contigs to the reference
  20 /cvmfs/soft.computecanada.ca/easybuild/software/2020/avx2/Compiler/gcc9/quast/5.0.2/lib/python3.8/site-packages/quast_libs/minimap2/minimap2 \
     -c -x asm5 -B5 -O4,16 --no-long-join -r 85 -N 50 -s 65 -z 200 --mask-level 0.9 \
     --min-occ 200 -g 2500 --score-N 2 --cs -t 1 results_hilliam/quast/quast_corrected_input/GCF_000496605.2_ASM49660v2_genomic.fna \
     results_hilliam/quast/quast_corrected_input/19_C67_contigs.fa > results_hilliam/quast/contigs_reports/minimap_output/19_C67_contigs.coords_tmp \
     2>> results_hilliam/quast/contigs_reports/contigs_report_19_C67_contigs.stderr
  21 /cvmfs/soft.computecanada.ca/easybuild/software/2020/avx2/Compiler/gcc9/quast/5.0.2/lib/python3.8/site-packages/quast_libs/minimap2/minimap2 \
     -c -x asm5 -B5 -O4,16 --no-long-join -r 85 -N 50 -s 65 -z 200 --mask-level 0.9 \
     --min-occ 200 -g 2500 --score-N 2 --cs -t 1 results_hilliam/quast/quast_corrected_input/GCF_000496605.2_ASM49660v2_genomic.fna \
     results_hilliam/quast/quast_corrected_input/1_C3_contigs.fa > results_hilliam/quast/contigs_reports/minimap_output/1_C3_contigs.coords_tmp \
     2>> results_hilliam/quast/contigs_reports/contigs_report_1_C3_contigs.stderr
  16 Analysis is finished.

  22 20_C123_contigs
  22 Logging to files /scratch/mdprieto/results_hilliam/quast/contigs_reports/contigs_report_20_C123_contigs.stdout and contigs_report_20_C123_contigs.stderr...
  22 Aligning contigs to the reference
  15 Analysis is finished.

  23 20_C68_contigs
  23 Logging to files /scratch/mdprieto/results_hilliam/quast/contigs_reports/contigs_report_20_C68_contigs.stdout and contigs_report_20_C68_contigs.stderr...
  23 Aligning contigs to the reference
  22 /cvmfs/soft.computecanada.ca/easybuild/software/2020/avx2/Compiler/gcc9/quast/5.0.2/lib/python3.8/site-packages/quast_libs/minimap2/minimap2 \
     -c -x asm5 -B5 -O4,16 --no-long-join -r 85 -N 50 -s 65 -z 200 --mask-level 0.9 \
     --min-occ 200 -g 2500 --score-N 2 --cs -t 1 results_hilliam/quast/quast_corrected_input/GCF_000496605.2_ASM49660v2_genomic.fna \
     results_hilliam/quast/quast_corrected_input/20_C123_contigs.fa > results_hilliam/quast/contigs_reports/minimap_output/20_C123_contigs.coords_tmp \
     2>> results_hilliam/quast/contigs_reports/contigs_report_20_C123_contigs.stderr
  23 /cvmfs/soft.computecanada.ca/easybuild/software/2020/avx2/Compiler/gcc9/quast/5.0.2/lib/python3.8/site-packages/quast_libs/minimap2/minimap2 \
     -c -x asm5 -B5 -O4,16 --no-long-join -r 85 -N 50 -s 65 -z 200 --mask-level 0.9 \
     --min-occ 200 -g 2500 --score-N 2 --cs -t 1 results_hilliam/quast/quast_corrected_input/GCF_000496605.2_ASM49660v2_genomic.fna \
     results_hilliam/quast/quast_corrected_input/20_C68_contigs.fa > results_hilliam/quast/contigs_reports/minimap_output/20_C68_contigs.coords_tmp \
     2>> results_hilliam/quast/contigs_reports/contigs_report_20_C68_contigs.stderr
  17 Analysis is finished.

  18 Analysis is finished.

  24 21_C124_contigs
  25 21_C78_contigs
  25 Logging to files /scratch/mdprieto/results_hilliam/quast/contigs_reports/contigs_report_21_C78_contigs.stdout and contigs_report_21_C78_contigs.stderr...
  24 Logging to files /scratch/mdprieto/results_hilliam/quast/contigs_reports/contigs_report_21_C124_contigs.stdout and contigs_report_21_C124_contigs.stderr...
  24 Aligning contigs to the reference
  25 Aligning contigs to the reference
  25 /cvmfs/soft.computecanada.ca/easybuild/software/2020/avx2/Compiler/gcc9/quast/5.0.2/lib/python3.8/site-packages/quast_libs/minimap2/minimap2 \
     -c -x asm5 -B5 -O4,16 --no-long-join -r 85 -N 50 -s 65 -z 200 --mask-level 0.9 \
     --min-occ 200 -g 2500 --score-N 2 --cs -t 1 results_hilliam/quast/quast_corrected_input/GCF_000496605.2_ASM49660v2_genomic.fna \
     results_hilliam/quast/quast_corrected_input/21_C78_contigs.fa > results_hilliam/quast/contigs_reports/minimap_output/21_C78_contigs.coords_tmp \
     2>> results_hilliam/quast/contigs_reports/contigs_report_21_C78_contigs.stderr
  24 /cvmfs/soft.computecanada.ca/easybuild/software/2020/avx2/Compiler/gcc9/quast/5.0.2/lib/python3.8/site-packages/quast_libs/minimap2/minimap2 \
     -c -x asm5 -B5 -O4,16 --no-long-join -r 85 -N 50 -s 65 -z 200 --mask-level 0.9 \
     --min-occ 200 -g 2500 --score-N 2 --cs -t 1 results_hilliam/quast/quast_corrected_input/GCF_000496605.2_ASM49660v2_genomic.fna \
     results_hilliam/quast/quast_corrected_input/21_C124_contigs.fa > results_hilliam/quast/contigs_reports/minimap_output/21_C124_contigs.coords_tmp \
     2>> results_hilliam/quast/contigs_reports/contigs_report_21_C124_contigs.stderr
  19 Analysis is finished.

  26 22_C128_contigs
  26 Logging to files /scratch/mdprieto/results_hilliam/quast/contigs_reports/contigs_report_22_C128_contigs.stdout and contigs_report_22_C128_contigs.stderr...
  26 Aligning contigs to the reference
  26 /cvmfs/soft.computecanada.ca/easybuild/software/2020/avx2/Compiler/gcc9/quast/5.0.2/lib/python3.8/site-packages/quast_libs/minimap2/minimap2 \
     -c -x asm5 -B5 -O4,16 --no-long-join -r 85 -N 50 -s 65 -z 200 --mask-level 0.9 \
     --min-occ 200 -g 2500 --score-N 2 --cs -t 1 results_hilliam/quast/quast_corrected_input/GCF_000496605.2_ASM49660v2_genomic.fna \
     results_hilliam/quast/quast_corrected_input/22_C128_contigs.fa > results_hilliam/quast/contigs_reports/minimap_output/22_C128_contigs.coords_tmp \
     2>> results_hilliam/quast/contigs_reports/contigs_report_22_C128_contigs.stderr
  21 Analysis is finished.

  27 22_C79_contigs
  27 Logging to files /scratch/mdprieto/results_hilliam/quast/contigs_reports/contigs_report_22_C79_contigs.stdout and contigs_report_22_C79_contigs.stderr...
  27 Aligning contigs to the reference
  27 /cvmfs/soft.computecanada.ca/easybuild/software/2020/avx2/Compiler/gcc9/quast/5.0.2/lib/python3.8/site-packages/quast_libs/minimap2/minimap2 \
     -c -x asm5 -B5 -O4,16 --no-long-join -r 85 -N 50 -s 65 -z 200 --mask-level 0.9 \
     --min-occ 200 -g 2500 --score-N 2 --cs -t 1 results_hilliam/quast/quast_corrected_input/GCF_000496605.2_ASM49660v2_genomic.fna \
     results_hilliam/quast/quast_corrected_input/22_C79_contigs.fa > results_hilliam/quast/contigs_reports/minimap_output/22_C79_contigs.coords_tmp \
     2>> results_hilliam/quast/contigs_reports/contigs_report_22_C79_contigs.stderr
  20 Analysis is finished.

  28 23_C131_contigs
  28 Logging to files /scratch/mdprieto/results_hilliam/quast/contigs_reports/contigs_report_23_C131_contigs.stdout and contigs_report_23_C131_contigs.stderr...
  28 Aligning contigs to the reference
  28 /cvmfs/soft.computecanada.ca/easybuild/software/2020/avx2/Compiler/gcc9/quast/5.0.2/lib/python3.8/site-packages/quast_libs/minimap2/minimap2 \
     -c -x asm5 -B5 -O4,16 --no-long-join -r 85 -N 50 -s 65 -z 200 --mask-level 0.9 \
     --min-occ 200 -g 2500 --score-N 2 --cs -t 1 results_hilliam/quast/quast_corrected_input/GCF_000496605.2_ASM49660v2_genomic.fna \
     results_hilliam/quast/quast_corrected_input/23_C131_contigs.fa > results_hilliam/quast/contigs_reports/minimap_output/23_C131_contigs.coords_tmp \
     2>> results_hilliam/quast/contigs_reports/contigs_report_23_C131_contigs.stderr
  25 Analysis is finished.

  29 23_C80_contigs
  29 Logging to files /scratch/mdprieto/results_hilliam/quast/contigs_reports/contigs_report_23_C80_contigs.stdout and contigs_report_23_C80_contigs.stderr...
  29 Aligning contigs to the reference
  29 /cvmfs/soft.computecanada.ca/easybuild/software/2020/avx2/Compiler/gcc9/quast/5.0.2/lib/python3.8/site-packages/quast_libs/minimap2/minimap2 \
     -c -x asm5 -B5 -O4,16 --no-long-join -r 85 -N 50 -s 65 -z 200 --mask-level 0.9 \
     --min-occ 200 -g 2500 --score-N 2 --cs -t 1 results_hilliam/quast/quast_corrected_input/GCF_000496605.2_ASM49660v2_genomic.fna \
     results_hilliam/quast/quast_corrected_input/23_C80_contigs.fa > results_hilliam/quast/contigs_reports/minimap_output/23_C80_contigs.coords_tmp \
     2>> results_hilliam/quast/contigs_reports/contigs_report_23_C80_contigs.stderr
  22 Analysis is finished.

  30 24_C133_contigs
  30 Logging to files /scratch/mdprieto/results_hilliam/quast/contigs_reports/contigs_report_24_C133_contigs.stdout and contigs_report_24_C133_contigs.stderr...
  30 Aligning contigs to the reference
  30 /cvmfs/soft.computecanada.ca/easybuild/software/2020/avx2/Compiler/gcc9/quast/5.0.2/lib/python3.8/site-packages/quast_libs/minimap2/minimap2 \
     -c -x asm5 -B5 -O4,16 --no-long-join -r 85 -N 50 -s 65 -z 200 --mask-level 0.9 \
     --min-occ 200 -g 2500 --score-N 2 --cs -t 1 results_hilliam/quast/quast_corrected_input/GCF_000496605.2_ASM49660v2_genomic.fna \
     results_hilliam/quast/quast_corrected_input/24_C133_contigs.fa > results_hilliam/quast/contigs_reports/minimap_output/24_C133_contigs.coords_tmp \
     2>> results_hilliam/quast/contigs_reports/contigs_report_24_C133_contigs.stderr
  23 Analysis is finished.

  31 24_C81_contigs
  31 Logging to files /scratch/mdprieto/results_hilliam/quast/contigs_reports/contigs_report_24_C81_contigs.stdout and contigs_report_24_C81_contigs.stderr...
  31 Aligning contigs to the reference
  24 Analysis is finished.

  32 25_C134_contigs
  32 Logging to files /scratch/mdprieto/results_hilliam/quast/contigs_reports/contigs_report_25_C134_contigs.stdout and contigs_report_25_C134_contigs.stderr...
  31 /cvmfs/soft.computecanada.ca/easybuild/software/2020/avx2/Compiler/gcc9/quast/5.0.2/lib/python3.8/site-packages/quast_libs/minimap2/minimap2 \
     -c -x asm5 -B5 -O4,16 --no-long-join -r 85 -N 50 -s 65 -z 200 --mask-level 0.9 \
     --min-occ 200 -g 2500 --score-N 2 --cs -t 1 results_hilliam/quast/quast_corrected_input/GCF_000496605.2_ASM49660v2_genomic.fna \
     results_hilliam/quast/quast_corrected_input/24_C81_contigs.fa > results_hilliam/quast/contigs_reports/minimap_output/24_C81_contigs.coords_tmp \
     2>> results_hilliam/quast/contigs_reports/contigs_report_24_C81_contigs.stderr
  32 Aligning contigs to the reference
  32 /cvmfs/soft.computecanada.ca/easybuild/software/2020/avx2/Compiler/gcc9/quast/5.0.2/lib/python3.8/site-packages/quast_libs/minimap2/minimap2 \
     -c -x asm5 -B5 -O4,16 --no-long-join -r 85 -N 50 -s 65 -z 200 --mask-level 0.9 \
     --min-occ 200 -g 2500 --score-N 2 --cs -t 1 results_hilliam/quast/quast_corrected_input/GCF_000496605.2_ASM49660v2_genomic.fna \
     results_hilliam/quast/quast_corrected_input/25_C134_contigs.fa > results_hilliam/quast/contigs_reports/minimap_output/25_C134_contigs.coords_tmp \
     2>> results_hilliam/quast/contigs_reports/contigs_report_25_C134_contigs.stderr
  26 Analysis is finished.

  33 25_C83_contigs
  33 Logging to files /scratch/mdprieto/results_hilliam/quast/contigs_reports/contigs_report_25_C83_contigs.stdout and contigs_report_25_C83_contigs.stderr...
  33 Aligning contigs to the reference
  33 /cvmfs/soft.computecanada.ca/easybuild/software/2020/avx2/Compiler/gcc9/quast/5.0.2/lib/python3.8/site-packages/quast_libs/minimap2/minimap2 \
     -c -x asm5 -B5 -O4,16 --no-long-join -r 85 -N 50 -s 65 -z 200 --mask-level 0.9 \
     --min-occ 200 -g 2500 --score-N 2 --cs -t 1 results_hilliam/quast/quast_corrected_input/GCF_000496605.2_ASM49660v2_genomic.fna \
     results_hilliam/quast/quast_corrected_input/25_C83_contigs.fa > results_hilliam/quast/contigs_reports/minimap_output/25_C83_contigs.coords_tmp \
     2>> results_hilliam/quast/contigs_reports/contigs_report_25_C83_contigs.stderr
  27 Analysis is finished.

  34 26_A1_contigs
  34 Logging to files /scratch/mdprieto/results_hilliam/quast/contigs_reports/contigs_report_26_A1_contigs.stdout and contigs_report_26_A1_contigs.stderr...
  34 Aligning contigs to the reference
  34 /cvmfs/soft.computecanada.ca/easybuild/software/2020/avx2/Compiler/gcc9/quast/5.0.2/lib/python3.8/site-packages/quast_libs/minimap2/minimap2 \
     -c -x asm5 -B5 -O4,16 --no-long-join -r 85 -N 50 -s 65 -z 200 --mask-level 0.9 \
     --min-occ 200 -g 2500 --score-N 2 --cs -t 1 results_hilliam/quast/quast_corrected_input/GCF_000496605.2_ASM49660v2_genomic.fna \
     results_hilliam/quast/quast_corrected_input/26_A1_contigs.fa > results_hilliam/quast/contigs_reports/minimap_output/26_A1_contigs.coords_tmp \
     2>> results_hilliam/quast/contigs_reports/contigs_report_26_A1_contigs.stderr
  28 Analysis is finished.

  35 26_C84_contigs
  35 Logging to files /scratch/mdprieto/results_hilliam/quast/contigs_reports/contigs_report_26_C84_contigs.stdout and contigs_report_26_C84_contigs.stderr...
  35 Aligning contigs to the reference
  35 /cvmfs/soft.computecanada.ca/easybuild/software/2020/avx2/Compiler/gcc9/quast/5.0.2/lib/python3.8/site-packages/quast_libs/minimap2/minimap2 \
     -c -x asm5 -B5 -O4,16 --no-long-join -r 85 -N 50 -s 65 -z 200 --mask-level 0.9 \
     --min-occ 200 -g 2500 --score-N 2 --cs -t 1 results_hilliam/quast/quast_corrected_input/GCF_000496605.2_ASM49660v2_genomic.fna \
     results_hilliam/quast/quast_corrected_input/26_C84_contigs.fa > results_hilliam/quast/contigs_reports/minimap_output/26_C84_contigs.coords_tmp \
     2>> results_hilliam/quast/contigs_reports/contigs_report_26_C84_contigs.stderr
  29 Analysis is finished.

  36 27_A2_contigs
  36 Logging to files /scratch/mdprieto/results_hilliam/quast/contigs_reports/contigs_report_27_A2_contigs.stdout and contigs_report_27_A2_contigs.stderr...
  36 Aligning contigs to the reference
  36 /cvmfs/soft.computecanada.ca/easybuild/software/2020/avx2/Compiler/gcc9/quast/5.0.2/lib/python3.8/site-packages/quast_libs/minimap2/minimap2 \
     -c -x asm5 -B5 -O4,16 --no-long-join -r 85 -N 50 -s 65 -z 200 --mask-level 0.9 \
     --min-occ 200 -g 2500 --score-N 2 --cs -t 1 results_hilliam/quast/quast_corrected_input/GCF_000496605.2_ASM49660v2_genomic.fna \
     results_hilliam/quast/quast_corrected_input/27_A2_contigs.fa > results_hilliam/quast/contigs_reports/minimap_output/27_A2_contigs.coords_tmp \
     2>> results_hilliam/quast/contigs_reports/contigs_report_27_A2_contigs.stderr
  30 Analysis is finished.

  37 27_C85_contigs
  37 Logging to files /scratch/mdprieto/results_hilliam/quast/contigs_reports/contigs_report_27_C85_contigs.stdout and contigs_report_27_C85_contigs.stderr...
  31 Analysis is finished.

  38 28_A12_contigs
  38 Logging to files /scratch/mdprieto/results_hilliam/quast/contigs_reports/contigs_report_28_A12_contigs.stdout and contigs_report_28_A12_contigs.stderr...
  38 Aligning contigs to the reference
  38 /cvmfs/soft.computecanada.ca/easybuild/software/2020/avx2/Compiler/gcc9/quast/5.0.2/lib/python3.8/site-packages/quast_libs/minimap2/minimap2 \
     -c -x asm5 -B5 -O4,16 --no-long-join -r 85 -N 50 -s 65 -z 200 --mask-level 0.9 \
     --min-occ 200 -g 2500 --score-N 2 --cs -t 1 results_hilliam/quast/quast_corrected_input/GCF_000496605.2_ASM49660v2_genomic.fna \
     results_hilliam/quast/quast_corrected_input/28_A12_contigs.fa > results_hilliam/quast/contigs_reports/minimap_output/28_A12_contigs.coords_tmp \
     2>> results_hilliam/quast/contigs_reports/contigs_report_28_A12_contigs.stderr
  32 Analysis is finished.

  39 28_C87_contigs
  39 Logging to files /scratch/mdprieto/results_hilliam/quast/contigs_reports/contigs_report_28_C87_contigs.stdout and contigs_report_28_C87_contigs.stderr...
  39 Aligning contigs to the reference
  37 Aligning contigs to the reference
  39 /cvmfs/soft.computecanada.ca/easybuild/software/2020/avx2/Compiler/gcc9/quast/5.0.2/lib/python3.8/site-packages/quast_libs/minimap2/minimap2 \
     -c -x asm5 -B5 -O4,16 --no-long-join -r 85 -N 50 -s 65 -z 200 --mask-level 0.9 \
     --min-occ 200 -g 2500 --score-N 2 --cs -t 1 results_hilliam/quast/quast_corrected_input/GCF_000496605.2_ASM49660v2_genomic.fna \
     results_hilliam/quast/quast_corrected_input/28_C87_contigs.fa > results_hilliam/quast/contigs_reports/minimap_output/28_C87_contigs.coords_tmp \
     2>> results_hilliam/quast/contigs_reports/contigs_report_28_C87_contigs.stderr
  37 /cvmfs/soft.computecanada.ca/easybuild/software/2020/avx2/Compiler/gcc9/quast/5.0.2/lib/python3.8/site-packages/quast_libs/minimap2/minimap2 \
     -c -x asm5 -B5 -O4,16 --no-long-join -r 85 -N 50 -s 65 -z 200 --mask-level 0.9 \
     --min-occ 200 -g 2500 --score-N 2 --cs -t 1 results_hilliam/quast/quast_corrected_input/GCF_000496605.2_ASM49660v2_genomic.fna \
     results_hilliam/quast/quast_corrected_input/27_C85_contigs.fa > results_hilliam/quast/contigs_reports/minimap_output/27_C85_contigs.coords_tmp \
     2>> results_hilliam/quast/contigs_reports/contigs_report_27_C85_contigs.stderr
  33 Analysis is finished.

  40 29_A19_contigs
  40 Logging to files /scratch/mdprieto/results_hilliam/quast/contigs_reports/contigs_report_29_A19_contigs.stdout and contigs_report_29_A19_contigs.stderr...
  40 Aligning contigs to the reference
  40 /cvmfs/soft.computecanada.ca/easybuild/software/2020/avx2/Compiler/gcc9/quast/5.0.2/lib/python3.8/site-packages/quast_libs/minimap2/minimap2 \
     -c -x asm5 -B5 -O4,16 --no-long-join -r 85 -N 50 -s 65 -z 200 --mask-level 0.9 \
     --min-occ 200 -g 2500 --score-N 2 --cs -t 1 results_hilliam/quast/quast_corrected_input/GCF_000496605.2_ASM49660v2_genomic.fna \
     results_hilliam/quast/quast_corrected_input/29_A19_contigs.fa > results_hilliam/quast/contigs_reports/minimap_output/29_A19_contigs.coords_tmp \
     2>> results_hilliam/quast/contigs_reports/contigs_report_29_A19_contigs.stderr
  34 Analysis is finished.

  41 29_C95_contigs
  41 Logging to files /scratch/mdprieto/results_hilliam/quast/contigs_reports/contigs_report_29_C95_contigs.stdout and contigs_report_29_C95_contigs.stderr...
  41 Aligning contigs to the reference
  41 /cvmfs/soft.computecanada.ca/easybuild/software/2020/avx2/Compiler/gcc9/quast/5.0.2/lib/python3.8/site-packages/quast_libs/minimap2/minimap2 \
     -c -x asm5 -B5 -O4,16 --no-long-join -r 85 -N 50 -s 65 -z 200 --mask-level 0.9 \
     --min-occ 200 -g 2500 --score-N 2 --cs -t 1 results_hilliam/quast/quast_corrected_input/GCF_000496605.2_ASM49660v2_genomic.fna \
     results_hilliam/quast/quast_corrected_input/29_C95_contigs.fa > results_hilliam/quast/contigs_reports/minimap_output/29_C95_contigs.coords_tmp \
     2>> results_hilliam/quast/contigs_reports/contigs_report_29_C95_contigs.stderr
  35 Analysis is finished.

  42 2_C155_contigs
  42 Logging to files /scratch/mdprieto/results_hilliam/quast/contigs_reports/contigs_report_2_C155_contigs.stdout and contigs_report_2_C155_contigs.stderr...
  42 Aligning contigs to the reference
  42 /cvmfs/soft.computecanada.ca/easybuild/software/2020/avx2/Compiler/gcc9/quast/5.0.2/lib/python3.8/site-packages/quast_libs/minimap2/minimap2 \
     -c -x asm5 -B5 -O4,16 --no-long-join -r 85 -N 50 -s 65 -z 200 --mask-level 0.9 \
     --min-occ 200 -g 2500 --score-N 2 --cs -t 1 results_hilliam/quast/quast_corrected_input/GCF_000496605.2_ASM49660v2_genomic.fna \
     results_hilliam/quast/quast_corrected_input/2_C155_contigs.fa > results_hilliam/quast/contigs_reports/minimap_output/2_C155_contigs.coords_tmp \
     2>> results_hilliam/quast/contigs_reports/contigs_report_2_C155_contigs.stderr
  39 Analysis is finished.

  43 2_C4_contigs
  43 Logging to files /scratch/mdprieto/results_hilliam/quast/contigs_reports/contigs_report_2_C4_contigs.stdout and contigs_report_2_C4_contigs.stderr...
  43 Aligning contigs to the reference
  36 Analysis is finished.

  44 30_A36_contigs
  44 Logging to files /scratch/mdprieto/results_hilliam/quast/contigs_reports/contigs_report_30_A36_contigs.stdout and contigs_report_30_A36_contigs.stderr...
  44 Aligning contigs to the reference
  44 /cvmfs/soft.computecanada.ca/easybuild/software/2020/avx2/Compiler/gcc9/quast/5.0.2/lib/python3.8/site-packages/quast_libs/minimap2/minimap2 \
     -c -x asm5 -B5 -O4,16 --no-long-join -r 85 -N 50 -s 65 -z 200 --mask-level 0.9 \
     --min-occ 200 -g 2500 --score-N 2 --cs -t 1 results_hilliam/quast/quast_corrected_input/GCF_000496605.2_ASM49660v2_genomic.fna \
     results_hilliam/quast/quast_corrected_input/30_A36_contigs.fa > results_hilliam/quast/contigs_reports/minimap_output/30_A36_contigs.coords_tmp \
     2>> results_hilliam/quast/contigs_reports/contigs_report_30_A36_contigs.stderr
  43 /cvmfs/soft.computecanada.ca/easybuild/software/2020/avx2/Compiler/gcc9/quast/5.0.2/lib/python3.8/site-packages/quast_libs/minimap2/minimap2 \
     -c -x asm5 -B5 -O4,16 --no-long-join -r 85 -N 50 -s 65 -z 200 --mask-level 0.9 \
     --min-occ 200 -g 2500 --score-N 2 --cs -t 1 results_hilliam/quast/quast_corrected_input/GCF_000496605.2_ASM49660v2_genomic.fna \
     results_hilliam/quast/quast_corrected_input/2_C4_contigs.fa > results_hilliam/quast/contigs_reports/minimap_output/2_C4_contigs.coords_tmp \
     2>> results_hilliam/quast/contigs_reports/contigs_report_2_C4_contigs.stderr
  37 Analysis is finished.

  45 30_C97_contigs
  45 Logging to files /scratch/mdprieto/results_hilliam/quast/contigs_reports/contigs_report_30_C97_contigs.stdout and contigs_report_30_C97_contigs.stderr...
  45 Aligning contigs to the reference
  40 Analysis is finished.

  46 31_C55_contigs
  46 Logging to files /scratch/mdprieto/results_hilliam/quast/contigs_reports/contigs_report_31_C55_contigs.stdout and contigs_report_31_C55_contigs.stderr...
  46 Aligning contigs to the reference
  45 /cvmfs/soft.computecanada.ca/easybuild/software/2020/avx2/Compiler/gcc9/quast/5.0.2/lib/python3.8/site-packages/quast_libs/minimap2/minimap2 \
     -c -x asm5 -B5 -O4,16 --no-long-join -r 85 -N 50 -s 65 -z 200 --mask-level 0.9 \
     --min-occ 200 -g 2500 --score-N 2 --cs -t 1 results_hilliam/quast/quast_corrected_input/GCF_000496605.2_ASM49660v2_genomic.fna \
     results_hilliam/quast/quast_corrected_input/30_C97_contigs.fa > results_hilliam/quast/contigs_reports/minimap_output/30_C97_contigs.coords_tmp \
     2>> results_hilliam/quast/contigs_reports/contigs_report_30_C97_contigs.stderr
  46 /cvmfs/soft.computecanada.ca/easybuild/software/2020/avx2/Compiler/gcc9/quast/5.0.2/lib/python3.8/site-packages/quast_libs/minimap2/minimap2 \
     -c -x asm5 -B5 -O4,16 --no-long-join -r 85 -N 50 -s 65 -z 200 --mask-level 0.9 \
     --min-occ 200 -g 2500 --score-N 2 --cs -t 1 results_hilliam/quast/quast_corrected_input/GCF_000496605.2_ASM49660v2_genomic.fna \
     results_hilliam/quast/quast_corrected_input/31_C55_contigs.fa > results_hilliam/quast/contigs_reports/minimap_output/31_C55_contigs.coords_tmp \
     2>> results_hilliam/quast/contigs_reports/contigs_report_31_C55_contigs.stderr
  38 Analysis is finished.

  47 31_C98_contigs
  47 Logging to files /scratch/mdprieto/results_hilliam/quast/contigs_reports/contigs_report_31_C98_contigs.stdout and contigs_report_31_C98_contigs.stderr...
  47 Aligning contigs to the reference
  47 /cvmfs/soft.computecanada.ca/easybuild/software/2020/avx2/Compiler/gcc9/quast/5.0.2/lib/python3.8/site-packages/quast_libs/minimap2/minimap2 \
     -c -x asm5 -B5 -O4,16 --no-long-join -r 85 -N 50 -s 65 -z 200 --mask-level 0.9 \
     --min-occ 200 -g 2500 --score-N 2 --cs -t 1 results_hilliam/quast/quast_corrected_input/GCF_000496605.2_ASM49660v2_genomic.fna \
     results_hilliam/quast/quast_corrected_input/31_C98_contigs.fa > results_hilliam/quast/contigs_reports/minimap_output/31_C98_contigs.coords_tmp \
     2>> results_hilliam/quast/contigs_reports/contigs_report_31_C98_contigs.stderr
  41 Analysis is finished.

  48 32_C56_contigs
  48 Logging to files /scratch/mdprieto/results_hilliam/quast/contigs_reports/contigs_report_32_C56_contigs.stdout and contigs_report_32_C56_contigs.stderr...
  48 Aligning contigs to the reference
  48 /cvmfs/soft.computecanada.ca/easybuild/software/2020/avx2/Compiler/gcc9/quast/5.0.2/lib/python3.8/site-packages/quast_libs/minimap2/minimap2 \
     -c -x asm5 -B5 -O4,16 --no-long-join -r 85 -N 50 -s 65 -z 200 --mask-level 0.9 \
     --min-occ 200 -g 2500 --score-N 2 --cs -t 1 results_hilliam/quast/quast_corrected_input/GCF_000496605.2_ASM49660v2_genomic.fna \
     results_hilliam/quast/quast_corrected_input/32_C56_contigs.fa > results_hilliam/quast/contigs_reports/minimap_output/32_C56_contigs.coords_tmp \
     2>> results_hilliam/quast/contigs_reports/contigs_report_32_C56_contigs.stderr
  42 Analysis is finished.

  49 32_C99_contigs
  49 Logging to files /scratch/mdprieto/results_hilliam/quast/contigs_reports/contigs_report_32_C99_contigs.stdout and contigs_report_32_C99_contigs.stderr...
  49 Aligning contigs to the reference
  49 /cvmfs/soft.computecanada.ca/easybuild/software/2020/avx2/Compiler/gcc9/quast/5.0.2/lib/python3.8/site-packages/quast_libs/minimap2/minimap2 \
     -c -x asm5 -B5 -O4,16 --no-long-join -r 85 -N 50 -s 65 -z 200 --mask-level 0.9 \
     --min-occ 200 -g 2500 --score-N 2 --cs -t 1 results_hilliam/quast/quast_corrected_input/GCF_000496605.2_ASM49660v2_genomic.fna \
     results_hilliam/quast/quast_corrected_input/32_C99_contigs.fa > results_hilliam/quast/contigs_reports/minimap_output/32_C99_contigs.coords_tmp \
     2>> results_hilliam/quast/contigs_reports/contigs_report_32_C99_contigs.stderr
  43 Analysis is finished.

  50 33_C101_contigs
  50 Logging to files /scratch/mdprieto/results_hilliam/quast/contigs_reports/contigs_report_33_C101_contigs.stdout and contigs_report_33_C101_contigs.stderr...
  50 Aligning contigs to the reference
  50 /cvmfs/soft.computecanada.ca/easybuild/software/2020/avx2/Compiler/gcc9/quast/5.0.2/lib/python3.8/site-packages/quast_libs/minimap2/minimap2 \
     -c -x asm5 -B5 -O4,16 --no-long-join -r 85 -N 50 -s 65 -z 200 --mask-level 0.9 \
     --min-occ 200 -g 2500 --score-N 2 --cs -t 1 results_hilliam/quast/quast_corrected_input/GCF_000496605.2_ASM49660v2_genomic.fna \
     results_hilliam/quast/quast_corrected_input/33_C101_contigs.fa > results_hilliam/quast/contigs_reports/minimap_output/33_C101_contigs.coords_tmp \
     2>> results_hilliam/quast/contigs_reports/contigs_report_33_C101_contigs.stderr
  44 Analysis is finished.

  51 33_C57_contigs
  51 Logging to files /scratch/mdprieto/results_hilliam/quast/contigs_reports/contigs_report_33_C57_contigs.stdout and contigs_report_33_C57_contigs.stderr...
  51 Aligning contigs to the reference
  51 /cvmfs/soft.computecanada.ca/easybuild/software/2020/avx2/Compiler/gcc9/quast/5.0.2/lib/python3.8/site-packages/quast_libs/minimap2/minimap2 \
     -c -x asm5 -B5 -O4,16 --no-long-join -r 85 -N 50 -s 65 -z 200 --mask-level 0.9 \
     --min-occ 200 -g 2500 --score-N 2 --cs -t 1 results_hilliam/quast/quast_corrected_input/GCF_000496605.2_ASM49660v2_genomic.fna \
     results_hilliam/quast/quast_corrected_input/33_C57_contigs.fa > results_hilliam/quast/contigs_reports/minimap_output/33_C57_contigs.coords_tmp \
     2>> results_hilliam/quast/contigs_reports/contigs_report_33_C57_contigs.stderr
  45 Analysis is finished.

  52 34_C103_contigs
  52 Logging to files /scratch/mdprieto/results_hilliam/quast/contigs_reports/contigs_report_34_C103_contigs.stdout and contigs_report_34_C103_contigs.stderr...
  52 Aligning contigs to the reference
  52 /cvmfs/soft.computecanada.ca/easybuild/software/2020/avx2/Compiler/gcc9/quast/5.0.2/lib/python3.8/site-packages/quast_libs/minimap2/minimap2 \
     -c -x asm5 -B5 -O4,16 --no-long-join -r 85 -N 50 -s 65 -z 200 --mask-level 0.9 \
     --min-occ 200 -g 2500 --score-N 2 --cs -t 1 results_hilliam/quast/quast_corrected_input/GCF_000496605.2_ASM49660v2_genomic.fna \
     results_hilliam/quast/quast_corrected_input/34_C103_contigs.fa > results_hilliam/quast/contigs_reports/minimap_output/34_C103_contigs.coords_tmp \
     2>> results_hilliam/quast/contigs_reports/contigs_report_34_C103_contigs.stderr
  46 Analysis is finished.

  53 34_C58_contigs
  53 Logging to files /scratch/mdprieto/results_hilliam/quast/contigs_reports/contigs_report_34_C58_contigs.stdout and contigs_report_34_C58_contigs.stderr...
  53 Aligning contigs to the reference
  53 /cvmfs/soft.computecanada.ca/easybuild/software/2020/avx2/Compiler/gcc9/quast/5.0.2/lib/python3.8/site-packages/quast_libs/minimap2/minimap2 \
     -c -x asm5 -B5 -O4,16 --no-long-join -r 85 -N 50 -s 65 -z 200 --mask-level 0.9 \
     --min-occ 200 -g 2500 --score-N 2 --cs -t 1 results_hilliam/quast/quast_corrected_input/GCF_000496605.2_ASM49660v2_genomic.fna \
     results_hilliam/quast/quast_corrected_input/34_C58_contigs.fa > results_hilliam/quast/contigs_reports/minimap_output/34_C58_contigs.coords_tmp \
     2>> results_hilliam/quast/contigs_reports/contigs_report_34_C58_contigs.stderr
  47 Analysis is finished.

  54 35_C106_contigs
  54 Logging to files /scratch/mdprieto/results_hilliam/quast/contigs_reports/contigs_report_35_C106_contigs.stdout and contigs_report_35_C106_contigs.stderr...
  54 Aligning contigs to the reference
  54 /cvmfs/soft.computecanada.ca/easybuild/software/2020/avx2/Compiler/gcc9/quast/5.0.2/lib/python3.8/site-packages/quast_libs/minimap2/minimap2 \
     -c -x asm5 -B5 -O4,16 --no-long-join -r 85 -N 50 -s 65 -z 200 --mask-level 0.9 \
     --min-occ 200 -g 2500 --score-N 2 --cs -t 1 results_hilliam/quast/quast_corrected_input/GCF_000496605.2_ASM49660v2_genomic.fna \
     results_hilliam/quast/quast_corrected_input/35_C106_contigs.fa > results_hilliam/quast/contigs_reports/minimap_output/35_C106_contigs.coords_tmp \
     2>> results_hilliam/quast/contigs_reports/contigs_report_35_C106_contigs.stderr
  48 Analysis is finished.

  55 35_C59_contigs
  55 Logging to files /scratch/mdprieto/results_hilliam/quast/contigs_reports/contigs_report_35_C59_contigs.stdout and contigs_report_35_C59_contigs.stderr...
  55 Aligning contigs to the reference
  55 /cvmfs/soft.computecanada.ca/easybuild/software/2020/avx2/Compiler/gcc9/quast/5.0.2/lib/python3.8/site-packages/quast_libs/minimap2/minimap2 \
     -c -x asm5 -B5 -O4,16 --no-long-join -r 85 -N 50 -s 65 -z 200 --mask-level 0.9 \
     --min-occ 200 -g 2500 --score-N 2 --cs -t 1 results_hilliam/quast/quast_corrected_input/GCF_000496605.2_ASM49660v2_genomic.fna \
     results_hilliam/quast/quast_corrected_input/35_C59_contigs.fa > results_hilliam/quast/contigs_reports/minimap_output/35_C59_contigs.coords_tmp \
     2>> results_hilliam/quast/contigs_reports/contigs_report_35_C59_contigs.stderr
  49 Analysis is finished.

  56 36_C108_contigs
  56 Logging to files /scratch/mdprieto/results_hilliam/quast/contigs_reports/contigs_report_36_C108_contigs.stdout and contigs_report_36_C108_contigs.stderr...
  56 Aligning contigs to the reference
  56 /cvmfs/soft.computecanada.ca/easybuild/software/2020/avx2/Compiler/gcc9/quast/5.0.2/lib/python3.8/site-packages/quast_libs/minimap2/minimap2 \
     -c -x asm5 -B5 -O4,16 --no-long-join -r 85 -N 50 -s 65 -z 200 --mask-level 0.9 \
     --min-occ 200 -g 2500 --score-N 2 --cs -t 1 results_hilliam/quast/quast_corrected_input/GCF_000496605.2_ASM49660v2_genomic.fna \
     results_hilliam/quast/quast_corrected_input/36_C108_contigs.fa > results_hilliam/quast/contigs_reports/minimap_output/36_C108_contigs.coords_tmp \
     2>> results_hilliam/quast/contigs_reports/contigs_report_36_C108_contigs.stderr
  50 Analysis is finished.

  57 36_C60_contigs
  57 Logging to files /scratch/mdprieto/results_hilliam/quast/contigs_reports/contigs_report_36_C60_contigs.stdout and contigs_report_36_C60_contigs.stderr...
  57 Aligning contigs to the reference
  57 /cvmfs/soft.computecanada.ca/easybuild/software/2020/avx2/Compiler/gcc9/quast/5.0.2/lib/python3.8/site-packages/quast_libs/minimap2/minimap2 \
     -c -x asm5 -B5 -O4,16 --no-long-join -r 85 -N 50 -s 65 -z 200 --mask-level 0.9 \
     --min-occ 200 -g 2500 --score-N 2 --cs -t 1 results_hilliam/quast/quast_corrected_input/GCF_000496605.2_ASM49660v2_genomic.fna \
     results_hilliam/quast/quast_corrected_input/36_C60_contigs.fa > results_hilliam/quast/contigs_reports/minimap_output/36_C60_contigs.coords_tmp \
     2>> results_hilliam/quast/contigs_reports/contigs_report_36_C60_contigs.stderr
  51 Analysis is finished.

  58 37_C115_contigs
  58 Logging to files /scratch/mdprieto/results_hilliam/quast/contigs_reports/contigs_report_37_C115_contigs.stdout and contigs_report_37_C115_contigs.stderr...
  58 Aligning contigs to the reference
  58 /cvmfs/soft.computecanada.ca/easybuild/software/2020/avx2/Compiler/gcc9/quast/5.0.2/lib/python3.8/site-packages/quast_libs/minimap2/minimap2 \
     -c -x asm5 -B5 -O4,16 --no-long-join -r 85 -N 50 -s 65 -z 200 --mask-level 0.9 \
     --min-occ 200 -g 2500 --score-N 2 --cs -t 1 results_hilliam/quast/quast_corrected_input/GCF_000496605.2_ASM49660v2_genomic.fna \
     results_hilliam/quast/quast_corrected_input/37_C115_contigs.fa > results_hilliam/quast/contigs_reports/minimap_output/37_C115_contigs.coords_tmp \
     2>> results_hilliam/quast/contigs_reports/contigs_report_37_C115_contigs.stderr
  53 Analysis is finished.

  59 37_C61_contigs
  52 Analysis is finished.

  60 38_B3_contigs
  60 Logging to files /scratch/mdprieto/results_hilliam/quast/contigs_reports/contigs_report_38_B3_contigs.stdout and contigs_report_38_B3_contigs.stderr...
  60 Aligning contigs to the reference
  59 Logging to files /scratch/mdprieto/results_hilliam/quast/contigs_reports/contigs_report_37_C61_contigs.stdout and contigs_report_37_C61_contigs.stderr...
  59 Aligning contigs to the reference
  60 /cvmfs/soft.computecanada.ca/easybuild/software/2020/avx2/Compiler/gcc9/quast/5.0.2/lib/python3.8/site-packages/quast_libs/minimap2/minimap2 \
     -c -x asm5 -B5 -O4,16 --no-long-join -r 85 -N 50 -s 65 -z 200 --mask-level 0.9 \
     --min-occ 200 -g 2500 --score-N 2 --cs -t 1 results_hilliam/quast/quast_corrected_input/GCF_000496605.2_ASM49660v2_genomic.fna \
     results_hilliam/quast/quast_corrected_input/38_B3_contigs.fa > results_hilliam/quast/contigs_reports/minimap_output/38_B3_contigs.coords_tmp \
     2>> results_hilliam/quast/contigs_reports/contigs_report_38_B3_contigs.stderr
  59 /cvmfs/soft.computecanada.ca/easybuild/software/2020/avx2/Compiler/gcc9/quast/5.0.2/lib/python3.8/site-packages/quast_libs/minimap2/minimap2 \
     -c -x asm5 -B5 -O4,16 --no-long-join -r 85 -N 50 -s 65 -z 200 --mask-level 0.9 \
     --min-occ 200 -g 2500 --score-N 2 --cs -t 1 results_hilliam/quast/quast_corrected_input/GCF_000496605.2_ASM49660v2_genomic.fna \
     results_hilliam/quast/quast_corrected_input/37_C61_contigs.fa > results_hilliam/quast/contigs_reports/minimap_output/37_C61_contigs.coords_tmp \
     2>> results_hilliam/quast/contigs_reports/contigs_report_37_C61_contigs.stderr
  54 Analysis is finished.

  61 38_C116_contigs
  61 Logging to files /scratch/mdprieto/results_hilliam/quast/contigs_reports/contigs_report_38_C116_contigs.stdout and contigs_report_38_C116_contigs.stderr...
  61 Aligning contigs to the reference
  61 /cvmfs/soft.computecanada.ca/easybuild/software/2020/avx2/Compiler/gcc9/quast/5.0.2/lib/python3.8/site-packages/quast_libs/minimap2/minimap2 \
     -c -x asm5 -B5 -O4,16 --no-long-join -r 85 -N 50 -s 65 -z 200 --mask-level 0.9 \
     --min-occ 200 -g 2500 --score-N 2 --cs -t 1 results_hilliam/quast/quast_corrected_input/GCF_000496605.2_ASM49660v2_genomic.fna \
     results_hilliam/quast/quast_corrected_input/38_C116_contigs.fa > results_hilliam/quast/contigs_reports/minimap_output/38_C116_contigs.coords_tmp \
     2>> results_hilliam/quast/contigs_reports/contigs_report_38_C116_contigs.stderr
  55 Analysis is finished.

  62 39_B16_contigs
  62 Logging to files /scratch/mdprieto/results_hilliam/quast/contigs_reports/contigs_report_39_B16_contigs.stdout and contigs_report_39_B16_contigs.stderr...
  62 Aligning contigs to the reference
  62 /cvmfs/soft.computecanada.ca/easybuild/software/2020/avx2/Compiler/gcc9/quast/5.0.2/lib/python3.8/site-packages/quast_libs/minimap2/minimap2 \
     -c -x asm5 -B5 -O4,16 --no-long-join -r 85 -N 50 -s 65 -z 200 --mask-level 0.9 \
     --min-occ 200 -g 2500 --score-N 2 --cs -t 1 results_hilliam/quast/quast_corrected_input/GCF_000496605.2_ASM49660v2_genomic.fna \
     results_hilliam/quast/quast_corrected_input/39_B16_contigs.fa > results_hilliam/quast/contigs_reports/minimap_output/39_B16_contigs.coords_tmp \
     2>> results_hilliam/quast/contigs_reports/contigs_report_39_B16_contigs.stderr
  56 Analysis is finished.

  63 39_C118_contigs
  63 Logging to files /scratch/mdprieto/results_hilliam/quast/contigs_reports/contigs_report_39_C118_contigs.stdout and contigs_report_39_C118_contigs.stderr...
  63 Aligning contigs to the reference
  63 /cvmfs/soft.computecanada.ca/easybuild/software/2020/avx2/Compiler/gcc9/quast/5.0.2/lib/python3.8/site-packages/quast_libs/minimap2/minimap2 \
     -c -x asm5 -B5 -O4,16 --no-long-join -r 85 -N 50 -s 65 -z 200 --mask-level 0.9 \
     --min-occ 200 -g 2500 --score-N 2 --cs -t 1 results_hilliam/quast/quast_corrected_input/GCF_000496605.2_ASM49660v2_genomic.fna \
     results_hilliam/quast/quast_corrected_input/39_C118_contigs.fa > results_hilliam/quast/contigs_reports/minimap_output/39_C118_contigs.coords_tmp \
     2>> results_hilliam/quast/contigs_reports/contigs_report_39_C118_contigs.stderr
  57 Analysis is finished.

  64 3_C76_contigs
  64 Logging to files /scratch/mdprieto/results_hilliam/quast/contigs_reports/contigs_report_3_C76_contigs.stdout and contigs_report_3_C76_contigs.stderr...
  64 Aligning contigs to the reference
  64 /cvmfs/soft.computecanada.ca/easybuild/software/2020/avx2/Compiler/gcc9/quast/5.0.2/lib/python3.8/site-packages/quast_libs/minimap2/minimap2 \
     -c -x asm5 -B5 -O4,16 --no-long-join -r 85 -N 50 -s 65 -z 200 --mask-level 0.9 \
     --min-occ 200 -g 2500 --score-N 2 --cs -t 1 results_hilliam/quast/quast_corrected_input/GCF_000496605.2_ASM49660v2_genomic.fna \
     results_hilliam/quast/quast_corrected_input/3_C76_contigs.fa > results_hilliam/quast/contigs_reports/minimap_output/3_C76_contigs.coords_tmp \
     2>> results_hilliam/quast/contigs_reports/contigs_report_3_C76_contigs.stderr
  58 Analysis is finished.

  65 3_C8_contigs
  65 Logging to files /scratch/mdprieto/results_hilliam/quast/contigs_reports/contigs_report_3_C8_contigs.stdout and contigs_report_3_C8_contigs.stderr...
  65 Aligning contigs to the reference
  65 /cvmfs/soft.computecanada.ca/easybuild/software/2020/avx2/Compiler/gcc9/quast/5.0.2/lib/python3.8/site-packages/quast_libs/minimap2/minimap2 \
     -c -x asm5 -B5 -O4,16 --no-long-join -r 85 -N 50 -s 65 -z 200 --mask-level 0.9 \
     --min-occ 200 -g 2500 --score-N 2 --cs -t 1 results_hilliam/quast/quast_corrected_input/GCF_000496605.2_ASM49660v2_genomic.fna \
     results_hilliam/quast/quast_corrected_input/3_C8_contigs.fa > results_hilliam/quast/contigs_reports/minimap_output/3_C8_contigs.coords_tmp \
     2>> results_hilliam/quast/contigs_reports/contigs_report_3_C8_contigs.stderr
  60 Analysis is finished.

  66 40_B34_contigs
  66 Logging to files /scratch/mdprieto/results_hilliam/quast/contigs_reports/contigs_report_40_B34_contigs.stdout and contigs_report_40_B34_contigs.stderr...
  66 Aligning contigs to the reference
  61 Analysis is finished.

  67 40_C125_contigs
  67 Logging to files /scratch/mdprieto/results_hilliam/quast/contigs_reports/contigs_report_40_C125_contigs.stdout and contigs_report_40_C125_contigs.stderr...
  67 Aligning contigs to the reference
  66 /cvmfs/soft.computecanada.ca/easybuild/software/2020/avx2/Compiler/gcc9/quast/5.0.2/lib/python3.8/site-packages/quast_libs/minimap2/minimap2 \
     -c -x asm5 -B5 -O4,16 --no-long-join -r 85 -N 50 -s 65 -z 200 --mask-level 0.9 \
     --min-occ 200 -g 2500 --score-N 2 --cs -t 1 results_hilliam/quast/quast_corrected_input/GCF_000496605.2_ASM49660v2_genomic.fna \
     results_hilliam/quast/quast_corrected_input/40_B34_contigs.fa > results_hilliam/quast/contigs_reports/minimap_output/40_B34_contigs.coords_tmp \
     2>> results_hilliam/quast/contigs_reports/contigs_report_40_B34_contigs.stderr
  67 /cvmfs/soft.computecanada.ca/easybuild/software/2020/avx2/Compiler/gcc9/quast/5.0.2/lib/python3.8/site-packages/quast_libs/minimap2/minimap2 \
     -c -x asm5 -B5 -O4,16 --no-long-join -r 85 -N 50 -s 65 -z 200 --mask-level 0.9 \
     --min-occ 200 -g 2500 --score-N 2 --cs -t 1 results_hilliam/quast/quast_corrected_input/GCF_000496605.2_ASM49660v2_genomic.fna \
     results_hilliam/quast/quast_corrected_input/40_C125_contigs.fa > results_hilliam/quast/contigs_reports/minimap_output/40_C125_contigs.coords_tmp \
     2>> results_hilliam/quast/contigs_reports/contigs_report_40_C125_contigs.stderr
  59 Analysis is finished.

  68 41_B37_contigs
  68 Logging to files /scratch/mdprieto/results_hilliam/quast/contigs_reports/contigs_report_41_B37_contigs.stdout and contigs_report_41_B37_contigs.stderr...
  68 Aligning contigs to the reference
  68 /cvmfs/soft.computecanada.ca/easybuild/software/2020/avx2/Compiler/gcc9/quast/5.0.2/lib/python3.8/site-packages/quast_libs/minimap2/minimap2 \
     -c -x asm5 -B5 -O4,16 --no-long-join -r 85 -N 50 -s 65 -z 200 --mask-level 0.9 \
     --min-occ 200 -g 2500 --score-N 2 --cs -t 1 results_hilliam/quast/quast_corrected_input/GCF_000496605.2_ASM49660v2_genomic.fna \
     results_hilliam/quast/quast_corrected_input/41_B37_contigs.fa > results_hilliam/quast/contigs_reports/minimap_output/41_B37_contigs.coords_tmp \
     2>> results_hilliam/quast/contigs_reports/contigs_report_41_B37_contigs.stderr
  62 Analysis is finished.

  69 41_C126_contigs
  69 Logging to files /scratch/mdprieto/results_hilliam/quast/contigs_reports/contigs_report_41_C126_contigs.stdout and contigs_report_41_C126_contigs.stderr...
  69 Aligning contigs to the reference
  69 /cvmfs/soft.computecanada.ca/easybuild/software/2020/avx2/Compiler/gcc9/quast/5.0.2/lib/python3.8/site-packages/quast_libs/minimap2/minimap2 \
     -c -x asm5 -B5 -O4,16 --no-long-join -r 85 -N 50 -s 65 -z 200 --mask-level 0.9 \
     --min-occ 200 -g 2500 --score-N 2 --cs -t 1 results_hilliam/quast/quast_corrected_input/GCF_000496605.2_ASM49660v2_genomic.fna \
     results_hilliam/quast/quast_corrected_input/41_C126_contigs.fa > results_hilliam/quast/contigs_reports/minimap_output/41_C126_contigs.coords_tmp \
     2>> results_hilliam/quast/contigs_reports/contigs_report_41_C126_contigs.stderr
  63 Analysis is finished.

  70 42_B62_contigs
  70 Logging to files /scratch/mdprieto/results_hilliam/quast/contigs_reports/contigs_report_42_B62_contigs.stdout and contigs_report_42_B62_contigs.stderr...
  70 Aligning contigs to the reference
  70 /cvmfs/soft.computecanada.ca/easybuild/software/2020/avx2/Compiler/gcc9/quast/5.0.2/lib/python3.8/site-packages/quast_libs/minimap2/minimap2 \
     -c -x asm5 -B5 -O4,16 --no-long-join -r 85 -N 50 -s 65 -z 200 --mask-level 0.9 \
     --min-occ 200 -g 2500 --score-N 2 --cs -t 1 results_hilliam/quast/quast_corrected_input/GCF_000496605.2_ASM49660v2_genomic.fna \
     results_hilliam/quast/quast_corrected_input/42_B62_contigs.fa > results_hilliam/quast/contigs_reports/minimap_output/42_B62_contigs.coords_tmp \
     2>> results_hilliam/quast/contigs_reports/contigs_report_42_B62_contigs.stderr
  64 Analysis is finished.

  71 42_C127_contigs
  71 Logging to files /scratch/mdprieto/results_hilliam/quast/contigs_reports/contigs_report_42_C127_contigs.stdout and contigs_report_42_C127_contigs.stderr...
  71 Aligning contigs to the reference
  65 Analysis is finished.

  72 43_B113_contigs
  72 Logging to files /scratch/mdprieto/results_hilliam/quast/contigs_reports/contigs_report_43_B113_contigs.stdout and contigs_report_43_B113_contigs.stderr...
  72 Aligning contigs to the reference
  71 /cvmfs/soft.computecanada.ca/easybuild/software/2020/avx2/Compiler/gcc9/quast/5.0.2/lib/python3.8/site-packages/quast_libs/minimap2/minimap2 \
     -c -x asm5 -B5 -O4,16 --no-long-join -r 85 -N 50 -s 65 -z 200 --mask-level 0.9 \
     --min-occ 200 -g 2500 --score-N 2 --cs -t 1 results_hilliam/quast/quast_corrected_input/GCF_000496605.2_ASM49660v2_genomic.fna \
     results_hilliam/quast/quast_corrected_input/42_C127_contigs.fa > results_hilliam/quast/contigs_reports/minimap_output/42_C127_contigs.coords_tmp \
     2>> results_hilliam/quast/contigs_reports/contigs_report_42_C127_contigs.stderr
  72 /cvmfs/soft.computecanada.ca/easybuild/software/2020/avx2/Compiler/gcc9/quast/5.0.2/lib/python3.8/site-packages/quast_libs/minimap2/minimap2 \
     -c -x asm5 -B5 -O4,16 --no-long-join -r 85 -N 50 -s 65 -z 200 --mask-level 0.9 \
     --min-occ 200 -g 2500 --score-N 2 --cs -t 1 results_hilliam/quast/quast_corrected_input/GCF_000496605.2_ASM49660v2_genomic.fna \
     results_hilliam/quast/quast_corrected_input/43_B113_contigs.fa > results_hilliam/quast/contigs_reports/minimap_output/43_B113_contigs.coords_tmp \
     2>> results_hilliam/quast/contigs_reports/contigs_report_43_B113_contigs.stderr
  67 Analysis is finished.

  73 43_C129_contigs
  73 Logging to files /scratch/mdprieto/results_hilliam/quast/contigs_reports/contigs_report_43_C129_contigs.stdout and contigs_report_43_C129_contigs.stderr...
  73 Aligning contigs to the reference
  66 Analysis is finished.

  74 44_B114_contigs
  74 Logging to files /scratch/mdprieto/results_hilliam/quast/contigs_reports/contigs_report_44_B114_contigs.stdout and contigs_report_44_B114_contigs.stderr...
  74 Aligning contigs to the reference
  73 /cvmfs/soft.computecanada.ca/easybuild/software/2020/avx2/Compiler/gcc9/quast/5.0.2/lib/python3.8/site-packages/quast_libs/minimap2/minimap2 \
     -c -x asm5 -B5 -O4,16 --no-long-join -r 85 -N 50 -s 65 -z 200 --mask-level 0.9 \
     --min-occ 200 -g 2500 --score-N 2 --cs -t 1 results_hilliam/quast/quast_corrected_input/GCF_000496605.2_ASM49660v2_genomic.fna \
     results_hilliam/quast/quast_corrected_input/43_C129_contigs.fa > results_hilliam/quast/contigs_reports/minimap_output/43_C129_contigs.coords_tmp \
     2>> results_hilliam/quast/contigs_reports/contigs_report_43_C129_contigs.stderr
  74 /cvmfs/soft.computecanada.ca/easybuild/software/2020/avx2/Compiler/gcc9/quast/5.0.2/lib/python3.8/site-packages/quast_libs/minimap2/minimap2 \
     -c -x asm5 -B5 -O4,16 --no-long-join -r 85 -N 50 -s 65 -z 200 --mask-level 0.9 \
     --min-occ 200 -g 2500 --score-N 2 --cs -t 1 results_hilliam/quast/quast_corrected_input/GCF_000496605.2_ASM49660v2_genomic.fna \
     results_hilliam/quast/quast_corrected_input/44_B114_contigs.fa > results_hilliam/quast/contigs_reports/minimap_output/44_B114_contigs.coords_tmp \
     2>> results_hilliam/quast/contigs_reports/contigs_report_44_B114_contigs.stderr
  68 Analysis is finished.

  75 44_C143_contigs
  75 Logging to files /scratch/mdprieto/results_hilliam/quast/contigs_reports/contigs_report_44_C143_contigs.stdout and contigs_report_44_C143_contigs.stderr...
  75 Aligning contigs to the reference
  75 /cvmfs/soft.computecanada.ca/easybuild/software/2020/avx2/Compiler/gcc9/quast/5.0.2/lib/python3.8/site-packages/quast_libs/minimap2/minimap2 \
     -c -x asm5 -B5 -O4,16 --no-long-join -r 85 -N 50 -s 65 -z 200 --mask-level 0.9 \
     --min-occ 200 -g 2500 --score-N 2 --cs -t 1 results_hilliam/quast/quast_corrected_input/GCF_000496605.2_ASM49660v2_genomic.fna \
     results_hilliam/quast/quast_corrected_input/44_C143_contigs.fa > results_hilliam/quast/contigs_reports/minimap_output/44_C143_contigs.coords_tmp \
     2>> results_hilliam/quast/contigs_reports/contigs_report_44_C143_contigs.stderr
  70 Analysis is finished.

  76 45_B191_contigs
  76 Logging to files /scratch/mdprieto/results_hilliam/quast/contigs_reports/contigs_report_45_B191_contigs.stdout and contigs_report_45_B191_contigs.stderr...
  76 Aligning contigs to the reference
  76 /cvmfs/soft.computecanada.ca/easybuild/software/2020/avx2/Compiler/gcc9/quast/5.0.2/lib/python3.8/site-packages/quast_libs/minimap2/minimap2 \
     -c -x asm5 -B5 -O4,16 --no-long-join -r 85 -N 50 -s 65 -z 200 --mask-level 0.9 \
     --min-occ 200 -g 2500 --score-N 2 --cs -t 1 results_hilliam/quast/quast_corrected_input/GCF_000496605.2_ASM49660v2_genomic.fna \
     results_hilliam/quast/quast_corrected_input/45_B191_contigs.fa > results_hilliam/quast/contigs_reports/minimap_output/45_B191_contigs.coords_tmp \
     2>> results_hilliam/quast/contigs_reports/contigs_report_45_B191_contigs.stderr
  69 Analysis is finished.

  77 45_C144_contigs
  77 Logging to files /scratch/mdprieto/results_hilliam/quast/contigs_reports/contigs_report_45_C144_contigs.stdout and contigs_report_45_C144_contigs.stderr...
  77 Aligning contigs to the reference
  77 /cvmfs/soft.computecanada.ca/easybuild/software/2020/avx2/Compiler/gcc9/quast/5.0.2/lib/python3.8/site-packages/quast_libs/minimap2/minimap2 \
     -c -x asm5 -B5 -O4,16 --no-long-join -r 85 -N 50 -s 65 -z 200 --mask-level 0.9 \
     --min-occ 200 -g 2500 --score-N 2 --cs -t 1 results_hilliam/quast/quast_corrected_input/GCF_000496605.2_ASM49660v2_genomic.fna \
     results_hilliam/quast/quast_corrected_input/45_C144_contigs.fa > results_hilliam/quast/contigs_reports/minimap_output/45_C144_contigs.coords_tmp \
     2>> results_hilliam/quast/contigs_reports/contigs_report_45_C144_contigs.stderr
  71 Analysis is finished.

  78 46_B199_contigs
  78 Logging to files /scratch/mdprieto/results_hilliam/quast/contigs_reports/contigs_report_46_B199_contigs.stdout and contigs_report_46_B199_contigs.stderr...
  78 Aligning contigs to the reference
  78 /cvmfs/soft.computecanada.ca/easybuild/software/2020/avx2/Compiler/gcc9/quast/5.0.2/lib/python3.8/site-packages/quast_libs/minimap2/minimap2 \
     -c -x asm5 -B5 -O4,16 --no-long-join -r 85 -N 50 -s 65 -z 200 --mask-level 0.9 \
     --min-occ 200 -g 2500 --score-N 2 --cs -t 1 results_hilliam/quast/quast_corrected_input/GCF_000496605.2_ASM49660v2_genomic.fna \
     results_hilliam/quast/quast_corrected_input/46_B199_contigs.fa > results_hilliam/quast/contigs_reports/minimap_output/46_B199_contigs.coords_tmp \
     2>> results_hilliam/quast/contigs_reports/contigs_report_46_B199_contigs.stderr
  73 Analysis is finished.

  79 46_C146_contigs
  79 Logging to files /scratch/mdprieto/results_hilliam/quast/contigs_reports/contigs_report_46_C146_contigs.stdout and contigs_report_46_C146_contigs.stderr...
  79 Aligning contigs to the reference
  79 /cvmfs/soft.computecanada.ca/easybuild/software/2020/avx2/Compiler/gcc9/quast/5.0.2/lib/python3.8/site-packages/quast_libs/minimap2/minimap2 \
     -c -x asm5 -B5 -O4,16 --no-long-join -r 85 -N 50 -s 65 -z 200 --mask-level 0.9 \
     --min-occ 200 -g 2500 --score-N 2 --cs -t 1 results_hilliam/quast/quast_corrected_input/GCF_000496605.2_ASM49660v2_genomic.fna \
     results_hilliam/quast/quast_corrected_input/46_C146_contigs.fa > results_hilliam/quast/contigs_reports/minimap_output/46_C146_contigs.coords_tmp \
     2>> results_hilliam/quast/contigs_reports/contigs_report_46_C146_contigs.stderr
  74 Analysis is finished.

  80 47_C148_contigs
  80 Logging to files /scratch/mdprieto/results_hilliam/quast/contigs_reports/contigs_report_47_C148_contigs.stdout and contigs_report_47_C148_contigs.stderr...
  80 Aligning contigs to the reference
  80 /cvmfs/soft.computecanada.ca/easybuild/software/2020/avx2/Compiler/gcc9/quast/5.0.2/lib/python3.8/site-packages/quast_libs/minimap2/minimap2 \
     -c -x asm5 -B5 -O4,16 --no-long-join -r 85 -N 50 -s 65 -z 200 --mask-level 0.9 \
     --min-occ 200 -g 2500 --score-N 2 --cs -t 1 results_hilliam/quast/quast_corrected_input/GCF_000496605.2_ASM49660v2_genomic.fna \
     results_hilliam/quast/quast_corrected_input/47_C148_contigs.fa > results_hilliam/quast/contigs_reports/minimap_output/47_C148_contigs.coords_tmp \
     2>> results_hilliam/quast/contigs_reports/contigs_report_47_C148_contigs.stderr
  76 Analysis is finished.

  81 47_C63_contigs
  81 Logging to files /scratch/mdprieto/results_hilliam/quast/contigs_reports/contigs_report_47_C63_contigs.stdout and contigs_report_47_C63_contigs.stderr...
  81 Aligning contigs to the reference
  72 Analysis is finished.

  82 48_A3_contigs
  82 Logging to files /scratch/mdprieto/results_hilliam/quast/contigs_reports/contigs_report_48_A3_contigs.stdout and contigs_report_48_A3_contigs.stderr...
  82 Aligning contigs to the reference
  81 /cvmfs/soft.computecanada.ca/easybuild/software/2020/avx2/Compiler/gcc9/quast/5.0.2/lib/python3.8/site-packages/quast_libs/minimap2/minimap2 \
     -c -x asm5 -B5 -O4,16 --no-long-join -r 85 -N 50 -s 65 -z 200 --mask-level 0.9 \
     --min-occ 200 -g 2500 --score-N 2 --cs -t 1 results_hilliam/quast/quast_corrected_input/GCF_000496605.2_ASM49660v2_genomic.fna \
     results_hilliam/quast/quast_corrected_input/47_C63_contigs.fa > results_hilliam/quast/contigs_reports/minimap_output/47_C63_contigs.coords_tmp \
     2>> results_hilliam/quast/contigs_reports/contigs_report_47_C63_contigs.stderr
  82 /cvmfs/soft.computecanada.ca/easybuild/software/2020/avx2/Compiler/gcc9/quast/5.0.2/lib/python3.8/site-packages/quast_libs/minimap2/minimap2 \
     -c -x asm5 -B5 -O4,16 --no-long-join -r 85 -N 50 -s 65 -z 200 --mask-level 0.9 \
     --min-occ 200 -g 2500 --score-N 2 --cs -t 1 results_hilliam/quast/quast_corrected_input/GCF_000496605.2_ASM49660v2_genomic.fna \
     results_hilliam/quast/quast_corrected_input/48_A3_contigs.fa > results_hilliam/quast/contigs_reports/minimap_output/48_A3_contigs.coords_tmp \
     2>> results_hilliam/quast/contigs_reports/contigs_report_48_A3_contigs.stderr
  77 Analysis is finished.

  83 48_C66_contigs
  83 Logging to files /scratch/mdprieto/results_hilliam/quast/contigs_reports/contigs_report_48_C66_contigs.stdout and contigs_report_48_C66_contigs.stderr...
  83 Aligning contigs to the reference
  83 /cvmfs/soft.computecanada.ca/easybuild/software/2020/avx2/Compiler/gcc9/quast/5.0.2/lib/python3.8/site-packages/quast_libs/minimap2/minimap2 \
     -c -x asm5 -B5 -O4,16 --no-long-join -r 85 -N 50 -s 65 -z 200 --mask-level 0.9 \
     --min-occ 200 -g 2500 --score-N 2 --cs -t 1 results_hilliam/quast/quast_corrected_input/GCF_000496605.2_ASM49660v2_genomic.fna \
     results_hilliam/quast/quast_corrected_input/48_C66_contigs.fa > results_hilliam/quast/contigs_reports/minimap_output/48_C66_contigs.coords_tmp \
     2>> results_hilliam/quast/contigs_reports/contigs_report_48_C66_contigs.stderr
  75 Analysis is finished.

  84 49_A4_contigs
  84 Logging to files /scratch/mdprieto/results_hilliam/quast/contigs_reports/contigs_report_49_A4_contigs.stdout and contigs_report_49_A4_contigs.stderr...
  84 Aligning contigs to the reference
  84 /cvmfs/soft.computecanada.ca/easybuild/software/2020/avx2/Compiler/gcc9/quast/5.0.2/lib/python3.8/site-packages/quast_libs/minimap2/minimap2 \
     -c -x asm5 -B5 -O4,16 --no-long-join -r 85 -N 50 -s 65 -z 200 --mask-level 0.9 \
     --min-occ 200 -g 2500 --score-N 2 --cs -t 1 results_hilliam/quast/quast_corrected_input/GCF_000496605.2_ASM49660v2_genomic.fna \
     results_hilliam/quast/quast_corrected_input/49_A4_contigs.fa > results_hilliam/quast/contigs_reports/minimap_output/49_A4_contigs.coords_tmp \
     2>> results_hilliam/quast/contigs_reports/contigs_report_49_A4_contigs.stderr
  78 Analysis is finished.

  85 49_C69_contigs
  85 Logging to files /scratch/mdprieto/results_hilliam/quast/contigs_reports/contigs_report_49_C69_contigs.stdout and contigs_report_49_C69_contigs.stderr...
  85 Aligning contigs to the reference
  85 /cvmfs/soft.computecanada.ca/easybuild/software/2020/avx2/Compiler/gcc9/quast/5.0.2/lib/python3.8/site-packages/quast_libs/minimap2/minimap2 \
     -c -x asm5 -B5 -O4,16 --no-long-join -r 85 -N 50 -s 65 -z 200 --mask-level 0.9 \
     --min-occ 200 -g 2500 --score-N 2 --cs -t 1 results_hilliam/quast/quast_corrected_input/GCF_000496605.2_ASM49660v2_genomic.fna \
     results_hilliam/quast/quast_corrected_input/49_C69_contigs.fa > results_hilliam/quast/contigs_reports/minimap_output/49_C69_contigs.coords_tmp \
     2>> results_hilliam/quast/contigs_reports/contigs_report_49_C69_contigs.stderr
  79 Analysis is finished.

  86 4_C10_contigs
  86 Logging to files /scratch/mdprieto/results_hilliam/quast/contigs_reports/contigs_report_4_C10_contigs.stdout and contigs_report_4_C10_contigs.stderr...
  86 Aligning contigs to the reference
  86 /cvmfs/soft.computecanada.ca/easybuild/software/2020/avx2/Compiler/gcc9/quast/5.0.2/lib/python3.8/site-packages/quast_libs/minimap2/minimap2 \
     -c -x asm5 -B5 -O4,16 --no-long-join -r 85 -N 50 -s 65 -z 200 --mask-level 0.9 \
     --min-occ 200 -g 2500 --score-N 2 --cs -t 1 results_hilliam/quast/quast_corrected_input/GCF_000496605.2_ASM49660v2_genomic.fna \
     results_hilliam/quast/quast_corrected_input/4_C10_contigs.fa > results_hilliam/quast/contigs_reports/minimap_output/4_C10_contigs.coords_tmp \
     2>> results_hilliam/quast/contigs_reports/contigs_report_4_C10_contigs.stderr
  80 Analysis is finished.

  87 4_C77_contigs
  87 Logging to files /scratch/mdprieto/results_hilliam/quast/contigs_reports/contigs_report_4_C77_contigs.stdout and contigs_report_4_C77_contigs.stderr...
  87 Aligning contigs to the reference
  87 /cvmfs/soft.computecanada.ca/easybuild/software/2020/avx2/Compiler/gcc9/quast/5.0.2/lib/python3.8/site-packages/quast_libs/minimap2/minimap2 \
     -c -x asm5 -B5 -O4,16 --no-long-join -r 85 -N 50 -s 65 -z 200 --mask-level 0.9 \
     --min-occ 200 -g 2500 --score-N 2 --cs -t 1 results_hilliam/quast/quast_corrected_input/GCF_000496605.2_ASM49660v2_genomic.fna \
     results_hilliam/quast/quast_corrected_input/4_C77_contigs.fa > results_hilliam/quast/contigs_reports/minimap_output/4_C77_contigs.coords_tmp \
     2>> results_hilliam/quast/contigs_reports/contigs_report_4_C77_contigs.stderr
  82 Analysis is finished.

  88 50_A5_contigs
  81 Analysis is finished.

  89 50_C23_contigs
  89 Logging to files /scratch/mdprieto/results_hilliam/quast/contigs_reports/contigs_report_50_C23_contigs.stdout and contigs_report_50_C23_contigs.stderr...
  89 Aligning contigs to the reference
  88 Logging to files /scratch/mdprieto/results_hilliam/quast/contigs_reports/contigs_report_50_A5_contigs.stdout and contigs_report_50_A5_contigs.stderr...
  88 Aligning contigs to the reference
  89 /cvmfs/soft.computecanada.ca/easybuild/software/2020/avx2/Compiler/gcc9/quast/5.0.2/lib/python3.8/site-packages/quast_libs/minimap2/minimap2 \
     -c -x asm5 -B5 -O4,16 --no-long-join -r 85 -N 50 -s 65 -z 200 --mask-level 0.9 \
     --min-occ 200 -g 2500 --score-N 2 --cs -t 1 results_hilliam/quast/quast_corrected_input/GCF_000496605.2_ASM49660v2_genomic.fna \
     results_hilliam/quast/quast_corrected_input/50_C23_contigs.fa > results_hilliam/quast/contigs_reports/minimap_output/50_C23_contigs.coords_tmp \
     2>> results_hilliam/quast/contigs_reports/contigs_report_50_C23_contigs.stderr
  83 Analysis is finished.

  90 51_A46_contigs
  90 Logging to files /scratch/mdprieto/results_hilliam/quast/contigs_reports/contigs_report_51_A46_contigs.stdout and contigs_report_51_A46_contigs.stderr...
  90 Aligning contigs to the reference
  88 /cvmfs/soft.computecanada.ca/easybuild/software/2020/avx2/Compiler/gcc9/quast/5.0.2/lib/python3.8/site-packages/quast_libs/minimap2/minimap2 \
     -c -x asm5 -B5 -O4,16 --no-long-join -r 85 -N 50 -s 65 -z 200 --mask-level 0.9 \
     --min-occ 200 -g 2500 --score-N 2 --cs -t 1 results_hilliam/quast/quast_corrected_input/GCF_000496605.2_ASM49660v2_genomic.fna \
     results_hilliam/quast/quast_corrected_input/50_A5_contigs.fa > results_hilliam/quast/contigs_reports/minimap_output/50_A5_contigs.coords_tmp \
     2>> results_hilliam/quast/contigs_reports/contigs_report_50_A5_contigs.stderr
  90 /cvmfs/soft.computecanada.ca/easybuild/software/2020/avx2/Compiler/gcc9/quast/5.0.2/lib/python3.8/site-packages/quast_libs/minimap2/minimap2 \
     -c -x asm5 -B5 -O4,16 --no-long-join -r 85 -N 50 -s 65 -z 200 --mask-level 0.9 \
     --min-occ 200 -g 2500 --score-N 2 --cs -t 1 results_hilliam/quast/quast_corrected_input/GCF_000496605.2_ASM49660v2_genomic.fna \
     results_hilliam/quast/quast_corrected_input/51_A46_contigs.fa > results_hilliam/quast/contigs_reports/minimap_output/51_A46_contigs.coords_tmp \
     2>> results_hilliam/quast/contigs_reports/contigs_report_51_A46_contigs.stderr
  84 Analysis is finished.

  91 51_C25_contigs
  91 Logging to files /scratch/mdprieto/results_hilliam/quast/contigs_reports/contigs_report_51_C25_contigs.stdout and contigs_report_51_C25_contigs.stderr...
  91 Aligning contigs to the reference
  91 /cvmfs/soft.computecanada.ca/easybuild/software/2020/avx2/Compiler/gcc9/quast/5.0.2/lib/python3.8/site-packages/quast_libs/minimap2/minimap2 \
     -c -x asm5 -B5 -O4,16 --no-long-join -r 85 -N 50 -s 65 -z 200 --mask-level 0.9 \
     --min-occ 200 -g 2500 --score-N 2 --cs -t 1 results_hilliam/quast/quast_corrected_input/GCF_000496605.2_ASM49660v2_genomic.fna \
     results_hilliam/quast/quast_corrected_input/51_C25_contigs.fa > results_hilliam/quast/contigs_reports/minimap_output/51_C25_contigs.coords_tmp \
     2>> results_hilliam/quast/contigs_reports/contigs_report_51_C25_contigs.stderr
  86 Analysis is finished.

  92 52_A48_contigs
  92 Logging to files /scratch/mdprieto/results_hilliam/quast/contigs_reports/contigs_report_52_A48_contigs.stdout and contigs_report_52_A48_contigs.stderr...
  92 Aligning contigs to the reference
  85 Analysis is finished.

  93 52_C29_contigs
  93 Logging to files /scratch/mdprieto/results_hilliam/quast/contigs_reports/contigs_report_52_C29_contigs.stdout and contigs_report_52_C29_contigs.stderr...
  93 Aligning contigs to the reference
  92 /cvmfs/soft.computecanada.ca/easybuild/software/2020/avx2/Compiler/gcc9/quast/5.0.2/lib/python3.8/site-packages/quast_libs/minimap2/minimap2 \
     -c -x asm5 -B5 -O4,16 --no-long-join -r 85 -N 50 -s 65 -z 200 --mask-level 0.9 \
     --min-occ 200 -g 2500 --score-N 2 --cs -t 1 results_hilliam/quast/quast_corrected_input/GCF_000496605.2_ASM49660v2_genomic.fna \
     results_hilliam/quast/quast_corrected_input/52_A48_contigs.fa > results_hilliam/quast/contigs_reports/minimap_output/52_A48_contigs.coords_tmp \
     2>> results_hilliam/quast/contigs_reports/contigs_report_52_A48_contigs.stderr
  93 /cvmfs/soft.computecanada.ca/easybuild/software/2020/avx2/Compiler/gcc9/quast/5.0.2/lib/python3.8/site-packages/quast_libs/minimap2/minimap2 \
     -c -x asm5 -B5 -O4,16 --no-long-join -r 85 -N 50 -s 65 -z 200 --mask-level 0.9 \
     --min-occ 200 -g 2500 --score-N 2 --cs -t 1 results_hilliam/quast/quast_corrected_input/GCF_000496605.2_ASM49660v2_genomic.fna \
     results_hilliam/quast/quast_corrected_input/52_C29_contigs.fa > results_hilliam/quast/contigs_reports/minimap_output/52_C29_contigs.coords_tmp \
     2>> results_hilliam/quast/contigs_reports/contigs_report_52_C29_contigs.stderr
  87 Analysis is finished.

  94 53_A52_contigs
  94 Logging to files /scratch/mdprieto/results_hilliam/quast/contigs_reports/contigs_report_53_A52_contigs.stdout and contigs_report_53_A52_contigs.stderr...
  94 Aligning contigs to the reference
  89 Analysis is finished.

  95 53_C30_contigs
  95 Logging to files /scratch/mdprieto/results_hilliam/quast/contigs_reports/contigs_report_53_C30_contigs.stdout and contigs_report_53_C30_contigs.stderr...
  95 Aligning contigs to the reference
  94 /cvmfs/soft.computecanada.ca/easybuild/software/2020/avx2/Compiler/gcc9/quast/5.0.2/lib/python3.8/site-packages/quast_libs/minimap2/minimap2 \
     -c -x asm5 -B5 -O4,16 --no-long-join -r 85 -N 50 -s 65 -z 200 --mask-level 0.9 \
     --min-occ 200 -g 2500 --score-N 2 --cs -t 1 results_hilliam/quast/quast_corrected_input/GCF_000496605.2_ASM49660v2_genomic.fna \
     results_hilliam/quast/quast_corrected_input/53_A52_contigs.fa > results_hilliam/quast/contigs_reports/minimap_output/53_A52_contigs.coords_tmp \
     2>> results_hilliam/quast/contigs_reports/contigs_report_53_A52_contigs.stderr
  95 /cvmfs/soft.computecanada.ca/easybuild/software/2020/avx2/Compiler/gcc9/quast/5.0.2/lib/python3.8/site-packages/quast_libs/minimap2/minimap2 \
     -c -x asm5 -B5 -O4,16 --no-long-join -r 85 -N 50 -s 65 -z 200 --mask-level 0.9 \
     --min-occ 200 -g 2500 --score-N 2 --cs -t 1 results_hilliam/quast/quast_corrected_input/GCF_000496605.2_ASM49660v2_genomic.fna \
     results_hilliam/quast/quast_corrected_input/53_C30_contigs.fa > results_hilliam/quast/contigs_reports/minimap_output/53_C30_contigs.coords_tmp \
     2>> results_hilliam/quast/contigs_reports/contigs_report_53_C30_contigs.stderr
  90 Analysis is finished.

  96 54_A53_contigs
  96 Logging to files /scratch/mdprieto/results_hilliam/quast/contigs_reports/contigs_report_54_A53_contigs.stdout and contigs_report_54_A53_contigs.stderr...
  96 Aligning contigs to the reference
  96 /cvmfs/soft.computecanada.ca/easybuild/software/2020/avx2/Compiler/gcc9/quast/5.0.2/lib/python3.8/site-packages/quast_libs/minimap2/minimap2 \
     -c -x asm5 -B5 -O4,16 --no-long-join -r 85 -N 50 -s 65 -z 200 --mask-level 0.9 \
     --min-occ 200 -g 2500 --score-N 2 --cs -t 1 results_hilliam/quast/quast_corrected_input/GCF_000496605.2_ASM49660v2_genomic.fna \
     results_hilliam/quast/quast_corrected_input/54_A53_contigs.fa > results_hilliam/quast/contigs_reports/minimap_output/54_A53_contigs.coords_tmp \
     2>> results_hilliam/quast/contigs_reports/contigs_report_54_A53_contigs.stderr
  88 Analysis is finished.

  97 54_C36_contigs
  97 Logging to files /scratch/mdprieto/results_hilliam/quast/contigs_reports/contigs_report_54_C36_contigs.stdout and contigs_report_54_C36_contigs.stderr...
  97 Aligning contigs to the reference
  97 /cvmfs/soft.computecanada.ca/easybuild/software/2020/avx2/Compiler/gcc9/quast/5.0.2/lib/python3.8/site-packages/quast_libs/minimap2/minimap2 \
     -c -x asm5 -B5 -O4,16 --no-long-join -r 85 -N 50 -s 65 -z 200 --mask-level 0.9 \
     --min-occ 200 -g 2500 --score-N 2 --cs -t 1 results_hilliam/quast/quast_corrected_input/GCF_000496605.2_ASM49660v2_genomic.fna \
     results_hilliam/quast/quast_corrected_input/54_C36_contigs.fa > results_hilliam/quast/contigs_reports/minimap_output/54_C36_contigs.coords_tmp \
     2>> results_hilliam/quast/contigs_reports/contigs_report_54_C36_contigs.stderr
  91 Analysis is finished.

  98 55_A54_contigs
  98 Logging to files /scratch/mdprieto/results_hilliam/quast/contigs_reports/contigs_report_55_A54_contigs.stdout and contigs_report_55_A54_contigs.stderr...
  98 Aligning contigs to the reference
  98 /cvmfs/soft.computecanada.ca/easybuild/software/2020/avx2/Compiler/gcc9/quast/5.0.2/lib/python3.8/site-packages/quast_libs/minimap2/minimap2 \
     -c -x asm5 -B5 -O4,16 --no-long-join -r 85 -N 50 -s 65 -z 200 --mask-level 0.9 \
     --min-occ 200 -g 2500 --score-N 2 --cs -t 1 results_hilliam/quast/quast_corrected_input/GCF_000496605.2_ASM49660v2_genomic.fna \
     results_hilliam/quast/quast_corrected_input/55_A54_contigs.fa > results_hilliam/quast/contigs_reports/minimap_output/55_A54_contigs.coords_tmp \
     2>> results_hilliam/quast/contigs_reports/contigs_report_55_A54_contigs.stderr
  92 Analysis is finished.

  99 55_C42_contigs
  99 Logging to files /scratch/mdprieto/results_hilliam/quast/contigs_reports/contigs_report_55_C42_contigs.stdout and contigs_report_55_C42_contigs.stderr...
  99 Aligning contigs to the reference
  93 Analysis is finished.

  100 56_A55_contigs
  100 Logging to files /scratch/mdprieto/results_hilliam/quast/contigs_reports/contigs_report_56_A55_contigs.stdout and contigs_report_56_A55_contigs.stderr...
  100 Aligning contigs to the reference
  100 /cvmfs/soft.computecanada.ca/easybuild/software/2020/avx2/Compiler/gcc9/quast/5.0.2/lib/python3.8/site-packages/quast_libs/minimap2/minimap2 \
      -c -x asm5 -B5 -O4,16 --no-long-join -r 85 -N 50 -s 65 -z 200 --mask-level 0.9 \
      --min-occ 200 -g 2500 --score-N 2 --cs -t 1 results_hilliam/quast/quast_corrected_input/GCF_000496605.2_ASM49660v2_genomic.fna \
      results_hilliam/quast/quast_corrected_input/56_A55_contigs.fa > results_hilliam/quast/contigs_reports/minimap_output/56_A55_contigs.coords_tmp \
      2>> results_hilliam/quast/contigs_reports/contigs_report_56_A55_contigs.stderr
  99 /cvmfs/soft.computecanada.ca/easybuild/software/2020/avx2/Compiler/gcc9/quast/5.0.2/lib/python3.8/site-packages/quast_libs/minimap2/minimap2 \
     -c -x asm5 -B5 -O4,16 --no-long-join -r 85 -N 50 -s 65 -z 200 --mask-level 0.9 \
     --min-occ 200 -g 2500 --score-N 2 --cs -t 1 results_hilliam/quast/quast_corrected_input/GCF_000496605.2_ASM49660v2_genomic.fna \
     results_hilliam/quast/quast_corrected_input/55_C42_contigs.fa > results_hilliam/quast/contigs_reports/minimap_output/55_C42_contigs.coords_tmp \
     2>> results_hilliam/quast/contigs_reports/contigs_report_55_C42_contigs.stderr
  94 Analysis is finished.

  101 56_C43_contigs
  101 Logging to files /scratch/mdprieto/results_hilliam/quast/contigs_reports/contigs_report_56_C43_contigs.stdout and contigs_report_56_C43_contigs.stderr...
  101 Aligning contigs to the reference
  101 /cvmfs/soft.computecanada.ca/easybuild/software/2020/avx2/Compiler/gcc9/quast/5.0.2/lib/python3.8/site-packages/quast_libs/minimap2/minimap2 \
      -c -x asm5 -B5 -O4,16 --no-long-join -r 85 -N 50 -s 65 -z 200 --mask-level 0.9 \
      --min-occ 200 -g 2500 --score-N 2 --cs -t 1 results_hilliam/quast/quast_corrected_input/GCF_000496605.2_ASM49660v2_genomic.fna \
      results_hilliam/quast/quast_corrected_input/56_C43_contigs.fa > results_hilliam/quast/contigs_reports/minimap_output/56_C43_contigs.coords_tmp \
      2>> results_hilliam/quast/contigs_reports/contigs_report_56_C43_contigs.stderr
  96 Analysis is finished.

  102 57_A56_contigs
  102 Logging to files /scratch/mdprieto/results_hilliam/quast/contigs_reports/contigs_report_57_A56_contigs.stdout and contigs_report_57_A56_contigs.stderr...
  102 Aligning contigs to the reference
  102 /cvmfs/soft.computecanada.ca/easybuild/software/2020/avx2/Compiler/gcc9/quast/5.0.2/lib/python3.8/site-packages/quast_libs/minimap2/minimap2 \
      -c -x asm5 -B5 -O4,16 --no-long-join -r 85 -N 50 -s 65 -z 200 --mask-level 0.9 \
      --min-occ 200 -g 2500 --score-N 2 --cs -t 1 results_hilliam/quast/quast_corrected_input/GCF_000496605.2_ASM49660v2_genomic.fna \
      results_hilliam/quast/quast_corrected_input/57_A56_contigs.fa > results_hilliam/quast/contigs_reports/minimap_output/57_A56_contigs.coords_tmp \
      2>> results_hilliam/quast/contigs_reports/contigs_report_57_A56_contigs.stderr
  95 Analysis is finished.

  103 57_C49_contigs
  103 Logging to files /scratch/mdprieto/results_hilliam/quast/contigs_reports/contigs_report_57_C49_contigs.stdout and contigs_report_57_C49_contigs.stderr...
  103 Aligning contigs to the reference
  103 /cvmfs/soft.computecanada.ca/easybuild/software/2020/avx2/Compiler/gcc9/quast/5.0.2/lib/python3.8/site-packages/quast_libs/minimap2/minimap2 \
      -c -x asm5 -B5 -O4,16 --no-long-join -r 85 -N 50 -s 65 -z 200 --mask-level 0.9 \
      --min-occ 200 -g 2500 --score-N 2 --cs -t 1 results_hilliam/quast/quast_corrected_input/GCF_000496605.2_ASM49660v2_genomic.fna \
      results_hilliam/quast/quast_corrected_input/57_C49_contigs.fa > results_hilliam/quast/contigs_reports/minimap_output/57_C49_contigs.coords_tmp \
      2>> results_hilliam/quast/contigs_reports/contigs_report_57_C49_contigs.stderr
  98 Analysis is finished.

  104 58_A58_contigs
  104 Logging to files /scratch/mdprieto/results_hilliam/quast/contigs_reports/contigs_report_58_A58_contigs.stdout and contigs_report_58_A58_contigs.stderr...
  104 Aligning contigs to the reference
  104 /cvmfs/soft.computecanada.ca/easybuild/software/2020/avx2/Compiler/gcc9/quast/5.0.2/lib/python3.8/site-packages/quast_libs/minimap2/minimap2 \
      -c -x asm5 -B5 -O4,16 --no-long-join -r 85 -N 50 -s 65 -z 200 --mask-level 0.9 \
      --min-occ 200 -g 2500 --score-N 2 --cs -t 1 results_hilliam/quast/quast_corrected_input/GCF_000496605.2_ASM49660v2_genomic.fna \
      results_hilliam/quast/quast_corrected_input/58_A58_contigs.fa > results_hilliam/quast/contigs_reports/minimap_output/58_A58_contigs.coords_tmp \
      2>> results_hilliam/quast/contigs_reports/contigs_report_58_A58_contigs.stderr
  97 Analysis is finished.

  105 58_C51_contigs
  105 Logging to files /scratch/mdprieto/results_hilliam/quast/contigs_reports/contigs_report_58_C51_contigs.stdout and contigs_report_58_C51_contigs.stderr...
  105 Aligning contigs to the reference
  105 /cvmfs/soft.computecanada.ca/easybuild/software/2020/avx2/Compiler/gcc9/quast/5.0.2/lib/python3.8/site-packages/quast_libs/minimap2/minimap2 \
      -c -x asm5 -B5 -O4,16 --no-long-join -r 85 -N 50 -s 65 -z 200 --mask-level 0.9 \
      --min-occ 200 -g 2500 --score-N 2 --cs -t 1 results_hilliam/quast/quast_corrected_input/GCF_000496605.2_ASM49660v2_genomic.fna \
      results_hilliam/quast/quast_corrected_input/58_C51_contigs.fa > results_hilliam/quast/contigs_reports/minimap_output/58_C51_contigs.coords_tmp \
      2>> results_hilliam/quast/contigs_reports/contigs_report_58_C51_contigs.stderr
  100 Analysis is finished.

  106 59_A60_contigs
  106 Logging to files /scratch/mdprieto/results_hilliam/quast/contigs_reports/contigs_report_59_A60_contigs.stdout and contigs_report_59_A60_contigs.stderr...
  106 Aligning contigs to the reference
  106 /cvmfs/soft.computecanada.ca/easybuild/software/2020/avx2/Compiler/gcc9/quast/5.0.2/lib/python3.8/site-packages/quast_libs/minimap2/minimap2 \
      -c -x asm5 -B5 -O4,16 --no-long-join -r 85 -N 50 -s 65 -z 200 --mask-level 0.9 \
      --min-occ 200 -g 2500 --score-N 2 --cs -t 1 results_hilliam/quast/quast_corrected_input/GCF_000496605.2_ASM49660v2_genomic.fna \
      results_hilliam/quast/quast_corrected_input/59_A60_contigs.fa > results_hilliam/quast/contigs_reports/minimap_output/59_A60_contigs.coords_tmp \
      2>> results_hilliam/quast/contigs_reports/contigs_report_59_A60_contigs.stderr
  99 Analysis is finished.

  107 59_C54_contigs
  107 Logging to files /scratch/mdprieto/results_hilliam/quast/contigs_reports/contigs_report_59_C54_contigs.stdout and contigs_report_59_C54_contigs.stderr...
  107 Aligning contigs to the reference
  107 /cvmfs/soft.computecanada.ca/easybuild/software/2020/avx2/Compiler/gcc9/quast/5.0.2/lib/python3.8/site-packages/quast_libs/minimap2/minimap2 \
      -c -x asm5 -B5 -O4,16 --no-long-join -r 85 -N 50 -s 65 -z 200 --mask-level 0.9 \
      --min-occ 200 -g 2500 --score-N 2 --cs -t 1 results_hilliam/quast/quast_corrected_input/GCF_000496605.2_ASM49660v2_genomic.fna \
      results_hilliam/quast/quast_corrected_input/59_C54_contigs.fa > results_hilliam/quast/contigs_reports/minimap_output/59_C54_contigs.coords_tmp \
      2>> results_hilliam/quast/contigs_reports/contigs_report_59_C54_contigs.stderr
  101 Analysis is finished.

  108 5_C12_contigs
  108 Logging to files /scratch/mdprieto/results_hilliam/quast/contigs_reports/contigs_report_5_C12_contigs.stdout and contigs_report_5_C12_contigs.stderr...
  108 Aligning contigs to the reference
  108 /cvmfs/soft.computecanada.ca/easybuild/software/2020/avx2/Compiler/gcc9/quast/5.0.2/lib/python3.8/site-packages/quast_libs/minimap2/minimap2 \
      -c -x asm5 -B5 -O4,16 --no-long-join -r 85 -N 50 -s 65 -z 200 --mask-level 0.9 \
      --min-occ 200 -g 2500 --score-N 2 --cs -t 1 results_hilliam/quast/quast_corrected_input/GCF_000496605.2_ASM49660v2_genomic.fna \
      results_hilliam/quast/quast_corrected_input/5_C12_contigs.fa > results_hilliam/quast/contigs_reports/minimap_output/5_C12_contigs.coords_tmp \
      2>> results_hilliam/quast/contigs_reports/contigs_report_5_C12_contigs.stderr
  103 Analysis is finished.

  102 Analysis is finished.

  109 5_C82_contigs
  110 60_A70_contigs
  109 Logging to files /scratch/mdprieto/results_hilliam/quast/contigs_reports/contigs_report_5_C82_contigs.stdout and contigs_report_5_C82_contigs.stderr...
  109 Aligning contigs to the reference
  110 Logging to files /scratch/mdprieto/results_hilliam/quast/contigs_reports/contigs_report_60_A70_contigs.stdout and contigs_report_60_A70_contigs.stderr...
  110 Aligning contigs to the reference
  109 /cvmfs/soft.computecanada.ca/easybuild/software/2020/avx2/Compiler/gcc9/quast/5.0.2/lib/python3.8/site-packages/quast_libs/minimap2/minimap2 \
      -c -x asm5 -B5 -O4,16 --no-long-join -r 85 -N 50 -s 65 -z 200 --mask-level 0.9 \
      --min-occ 200 -g 2500 --score-N 2 --cs -t 1 results_hilliam/quast/quast_corrected_input/GCF_000496605.2_ASM49660v2_genomic.fna \
      results_hilliam/quast/quast_corrected_input/5_C82_contigs.fa > results_hilliam/quast/contigs_reports/minimap_output/5_C82_contigs.coords_tmp \
      2>> results_hilliam/quast/contigs_reports/contigs_report_5_C82_contigs.stderr
  110 /cvmfs/soft.computecanada.ca/easybuild/software/2020/avx2/Compiler/gcc9/quast/5.0.2/lib/python3.8/site-packages/quast_libs/minimap2/minimap2 \
      -c -x asm5 -B5 -O4,16 --no-long-join -r 85 -N 50 -s 65 -z 200 --mask-level 0.9 \
      --min-occ 200 -g 2500 --score-N 2 --cs -t 1 results_hilliam/quast/quast_corrected_input/GCF_000496605.2_ASM49660v2_genomic.fna \
      results_hilliam/quast/quast_corrected_input/60_A70_contigs.fa > results_hilliam/quast/contigs_reports/minimap_output/60_A70_contigs.coords_tmp \
      2>> results_hilliam/quast/contigs_reports/contigs_report_60_A70_contigs.stderr
  104 Analysis is finished.

  111 60_C150_contigs
  111 Logging to files /scratch/mdprieto/results_hilliam/quast/contigs_reports/contigs_report_60_C150_contigs.stdout and contigs_report_60_C150_contigs.stderr...
  111 Aligning contigs to the reference
  111 /cvmfs/soft.computecanada.ca/easybuild/software/2020/avx2/Compiler/gcc9/quast/5.0.2/lib/python3.8/site-packages/quast_libs/minimap2/minimap2 \
      -c -x asm5 -B5 -O4,16 --no-long-join -r 85 -N 50 -s 65 -z 200 --mask-level 0.9 \
      --min-occ 200 -g 2500 --score-N 2 --cs -t 1 results_hilliam/quast/quast_corrected_input/GCF_000496605.2_ASM49660v2_genomic.fna \
      results_hilliam/quast/quast_corrected_input/60_C150_contigs.fa > results_hilliam/quast/contigs_reports/minimap_output/60_C150_contigs.coords_tmp \
      2>> results_hilliam/quast/contigs_reports/contigs_report_60_C150_contigs.stderr
  105 Analysis is finished.

  112 61_A71_contigs
  112 Logging to files /scratch/mdprieto/results_hilliam/quast/contigs_reports/contigs_report_61_A71_contigs.stdout and contigs_report_61_A71_contigs.stderr...
  112 Aligning contigs to the reference
  112 /cvmfs/soft.computecanada.ca/easybuild/software/2020/avx2/Compiler/gcc9/quast/5.0.2/lib/python3.8/site-packages/quast_libs/minimap2/minimap2 \
      -c -x asm5 -B5 -O4,16 --no-long-join -r 85 -N 50 -s 65 -z 200 --mask-level 0.9 \
      --min-occ 200 -g 2500 --score-N 2 --cs -t 1 results_hilliam/quast/quast_corrected_input/GCF_000496605.2_ASM49660v2_genomic.fna \
      results_hilliam/quast/quast_corrected_input/61_A71_contigs.fa > results_hilliam/quast/contigs_reports/minimap_output/61_A71_contigs.coords_tmp \
      2>> results_hilliam/quast/contigs_reports/contigs_report_61_A71_contigs.stderr
  106 Analysis is finished.

  113 61_C151_contigs
  113 Logging to files /scratch/mdprieto/results_hilliam/quast/contigs_reports/contigs_report_61_C151_contigs.stdout and contigs_report_61_C151_contigs.stderr...
  113 Aligning contigs to the reference
  113 /cvmfs/soft.computecanada.ca/easybuild/software/2020/avx2/Compiler/gcc9/quast/5.0.2/lib/python3.8/site-packages/quast_libs/minimap2/minimap2 \
      -c -x asm5 -B5 -O4,16 --no-long-join -r 85 -N 50 -s 65 -z 200 --mask-level 0.9 \
      --min-occ 200 -g 2500 --score-N 2 --cs -t 1 results_hilliam/quast/quast_corrected_input/GCF_000496605.2_ASM49660v2_genomic.fna \
      results_hilliam/quast/quast_corrected_input/61_C151_contigs.fa > results_hilliam/quast/contigs_reports/minimap_output/61_C151_contigs.coords_tmp \
      2>> results_hilliam/quast/contigs_reports/contigs_report_61_C151_contigs.stderr
  107 Analysis is finished.

  114 62_A72_contigs
  114 Logging to files /scratch/mdprieto/results_hilliam/quast/contigs_reports/contigs_report_62_A72_contigs.stdout and contigs_report_62_A72_contigs.stderr...
  114 Aligning contigs to the reference
  114 /cvmfs/soft.computecanada.ca/easybuild/software/2020/avx2/Compiler/gcc9/quast/5.0.2/lib/python3.8/site-packages/quast_libs/minimap2/minimap2 \
      -c -x asm5 -B5 -O4,16 --no-long-join -r 85 -N 50 -s 65 -z 200 --mask-level 0.9 \
      --min-occ 200 -g 2500 --score-N 2 --cs -t 1 results_hilliam/quast/quast_corrected_input/GCF_000496605.2_ASM49660v2_genomic.fna \
      results_hilliam/quast/quast_corrected_input/62_A72_contigs.fa > results_hilliam/quast/contigs_reports/minimap_output/62_A72_contigs.coords_tmp \
      2>> results_hilliam/quast/contigs_reports/contigs_report_62_A72_contigs.stderr
  108 Analysis is finished.

  115 62_C153_contigs
  115 Logging to files /scratch/mdprieto/results_hilliam/quast/contigs_reports/contigs_report_62_C153_contigs.stdout and contigs_report_62_C153_contigs.stderr...
  115 Aligning contigs to the reference
  115 /cvmfs/soft.computecanada.ca/easybuild/software/2020/avx2/Compiler/gcc9/quast/5.0.2/lib/python3.8/site-packages/quast_libs/minimap2/minimap2 \
      -c -x asm5 -B5 -O4,16 --no-long-join -r 85 -N 50 -s 65 -z 200 --mask-level 0.9 \
      --min-occ 200 -g 2500 --score-N 2 --cs -t 1 results_hilliam/quast/quast_corrected_input/GCF_000496605.2_ASM49660v2_genomic.fna \
      results_hilliam/quast/quast_corrected_input/62_C153_contigs.fa > results_hilliam/quast/contigs_reports/minimap_output/62_C153_contigs.coords_tmp \
      2>> results_hilliam/quast/contigs_reports/contigs_report_62_C153_contigs.stderr
  110 Analysis is finished.

  116 63_A73_contigs
  116 Logging to files /scratch/mdprieto/results_hilliam/quast/contigs_reports/contigs_report_63_A73_contigs.stdout and contigs_report_63_A73_contigs.stderr...
  116 Aligning contigs to the reference
  116 /cvmfs/soft.computecanada.ca/easybuild/software/2020/avx2/Compiler/gcc9/quast/5.0.2/lib/python3.8/site-packages/quast_libs/minimap2/minimap2 \
      -c -x asm5 -B5 -O4,16 --no-long-join -r 85 -N 50 -s 65 -z 200 --mask-level 0.9 \
      --min-occ 200 -g 2500 --score-N 2 --cs -t 1 results_hilliam/quast/quast_corrected_input/GCF_000496605.2_ASM49660v2_genomic.fna \
      results_hilliam/quast/quast_corrected_input/63_A73_contigs.fa > results_hilliam/quast/contigs_reports/minimap_output/63_A73_contigs.coords_tmp \
      2>> results_hilliam/quast/contigs_reports/contigs_report_63_A73_contigs.stderr
  109 Analysis is finished.

  117 63_C71_contigs
  117 Logging to files /scratch/mdprieto/results_hilliam/quast/contigs_reports/contigs_report_63_C71_contigs.stdout and contigs_report_63_C71_contigs.stderr...
  117 Aligning contigs to the reference
  117 /cvmfs/soft.computecanada.ca/easybuild/software/2020/avx2/Compiler/gcc9/quast/5.0.2/lib/python3.8/site-packages/quast_libs/minimap2/minimap2 \
      -c -x asm5 -B5 -O4,16 --no-long-join -r 85 -N 50 -s 65 -z 200 --mask-level 0.9 \
      --min-occ 200 -g 2500 --score-N 2 --cs -t 1 results_hilliam/quast/quast_corrected_input/GCF_000496605.2_ASM49660v2_genomic.fna \
      results_hilliam/quast/quast_corrected_input/63_C71_contigs.fa > results_hilliam/quast/contigs_reports/minimap_output/63_C71_contigs.coords_tmp \
      2>> results_hilliam/quast/contigs_reports/contigs_report_63_C71_contigs.stderr
  111 Analysis is finished.

  118 64_A75_contigs
  118 Logging to files /scratch/mdprieto/results_hilliam/quast/contigs_reports/contigs_report_64_A75_contigs.stdout and contigs_report_64_A75_contigs.stderr...
  118 Aligning contigs to the reference
  112 Analysis is finished.

  119 64_C73_contigs
  119 Logging to files /scratch/mdprieto/results_hilliam/quast/contigs_reports/contigs_report_64_C73_contigs.stdout and contigs_report_64_C73_contigs.stderr...
  119 Aligning contigs to the reference
  118 /cvmfs/soft.computecanada.ca/easybuild/software/2020/avx2/Compiler/gcc9/quast/5.0.2/lib/python3.8/site-packages/quast_libs/minimap2/minimap2 \
      -c -x asm5 -B5 -O4,16 --no-long-join -r 85 -N 50 -s 65 -z 200 --mask-level 0.9 \
      --min-occ 200 -g 2500 --score-N 2 --cs -t 1 results_hilliam/quast/quast_corrected_input/GCF_000496605.2_ASM49660v2_genomic.fna \
      results_hilliam/quast/quast_corrected_input/64_A75_contigs.fa > results_hilliam/quast/contigs_reports/minimap_output/64_A75_contigs.coords_tmp \
      2>> results_hilliam/quast/contigs_reports/contigs_report_64_A75_contigs.stderr
  119 /cvmfs/soft.computecanada.ca/easybuild/software/2020/avx2/Compiler/gcc9/quast/5.0.2/lib/python3.8/site-packages/quast_libs/minimap2/minimap2 \
      -c -x asm5 -B5 -O4,16 --no-long-join -r 85 -N 50 -s 65 -z 200 --mask-level 0.9 \
      --min-occ 200 -g 2500 --score-N 2 --cs -t 1 results_hilliam/quast/quast_corrected_input/GCF_000496605.2_ASM49660v2_genomic.fna \
      results_hilliam/quast/quast_corrected_input/64_C73_contigs.fa > results_hilliam/quast/contigs_reports/minimap_output/64_C73_contigs.coords_tmp \
      2>> results_hilliam/quast/contigs_reports/contigs_report_64_C73_contigs.stderr
  113 Analysis is finished.

  120 65_A76_contigs
  120 Logging to files /scratch/mdprieto/results_hilliam/quast/contigs_reports/contigs_report_65_A76_contigs.stdout and contigs_report_65_A76_contigs.stderr...
  120 Aligning contigs to the reference
  120 /cvmfs/soft.computecanada.ca/easybuild/software/2020/avx2/Compiler/gcc9/quast/5.0.2/lib/python3.8/site-packages/quast_libs/minimap2/minimap2 \
      -c -x asm5 -B5 -O4,16 --no-long-join -r 85 -N 50 -s 65 -z 200 --mask-level 0.9 \
      --min-occ 200 -g 2500 --score-N 2 --cs -t 1 results_hilliam/quast/quast_corrected_input/GCF_000496605.2_ASM49660v2_genomic.fna \
      results_hilliam/quast/quast_corrected_input/65_A76_contigs.fa > results_hilliam/quast/contigs_reports/minimap_output/65_A76_contigs.coords_tmp \
      2>> results_hilliam/quast/contigs_reports/contigs_report_65_A76_contigs.stderr
  114 Analysis is finished.

  121 65_C74_contigs
  121 Logging to files /scratch/mdprieto/results_hilliam/quast/contigs_reports/contigs_report_65_C74_contigs.stdout and contigs_report_65_C74_contigs.stderr...
  121 Aligning contigs to the reference
  121 /cvmfs/soft.computecanada.ca/easybuild/software/2020/avx2/Compiler/gcc9/quast/5.0.2/lib/python3.8/site-packages/quast_libs/minimap2/minimap2 \
      -c -x asm5 -B5 -O4,16 --no-long-join -r 85 -N 50 -s 65 -z 200 --mask-level 0.9 \
      --min-occ 200 -g 2500 --score-N 2 --cs -t 1 results_hilliam/quast/quast_corrected_input/GCF_000496605.2_ASM49660v2_genomic.fna \
      results_hilliam/quast/quast_corrected_input/65_C74_contigs.fa > results_hilliam/quast/contigs_reports/minimap_output/65_C74_contigs.coords_tmp \
      2>> results_hilliam/quast/contigs_reports/contigs_report_65_C74_contigs.stderr
  115 Analysis is finished.

  122 66_A77_contigs
  122 Logging to files /scratch/mdprieto/results_hilliam/quast/contigs_reports/contigs_report_66_A77_contigs.stdout and contigs_report_66_A77_contigs.stderr...
  122 Aligning contigs to the reference
  116 Analysis is finished.

  123 66_C2_contigs
  123 Logging to files /scratch/mdprieto/results_hilliam/quast/contigs_reports/contigs_report_66_C2_contigs.stdout and contigs_report_66_C2_contigs.stderr...
  123 Aligning contigs to the reference
  122 /cvmfs/soft.computecanada.ca/easybuild/software/2020/avx2/Compiler/gcc9/quast/5.0.2/lib/python3.8/site-packages/quast_libs/minimap2/minimap2 \
      -c -x asm5 -B5 -O4,16 --no-long-join -r 85 -N 50 -s 65 -z 200 --mask-level 0.9 \
      --min-occ 200 -g 2500 --score-N 2 --cs -t 1 results_hilliam/quast/quast_corrected_input/GCF_000496605.2_ASM49660v2_genomic.fna \
      results_hilliam/quast/quast_corrected_input/66_A77_contigs.fa > results_hilliam/quast/contigs_reports/minimap_output/66_A77_contigs.coords_tmp \
      2>> results_hilliam/quast/contigs_reports/contigs_report_66_A77_contigs.stderr
  123 /cvmfs/soft.computecanada.ca/easybuild/software/2020/avx2/Compiler/gcc9/quast/5.0.2/lib/python3.8/site-packages/quast_libs/minimap2/minimap2 \
      -c -x asm5 -B5 -O4,16 --no-long-join -r 85 -N 50 -s 65 -z 200 --mask-level 0.9 \
      --min-occ 200 -g 2500 --score-N 2 --cs -t 1 results_hilliam/quast/quast_corrected_input/GCF_000496605.2_ASM49660v2_genomic.fna \
      results_hilliam/quast/quast_corrected_input/66_C2_contigs.fa > results_hilliam/quast/contigs_reports/minimap_output/66_C2_contigs.coords_tmp \
      2>> results_hilliam/quast/contigs_reports/contigs_report_66_C2_contigs.stderr
  117 Analysis is finished.

  124 67_A78_contigs
  124 Logging to files /scratch/mdprieto/results_hilliam/quast/contigs_reports/contigs_report_67_A78_contigs.stdout and contigs_report_67_A78_contigs.stderr...
  124 Aligning contigs to the reference
  124 /cvmfs/soft.computecanada.ca/easybuild/software/2020/avx2/Compiler/gcc9/quast/5.0.2/lib/python3.8/site-packages/quast_libs/minimap2/minimap2 \
      -c -x asm5 -B5 -O4,16 --no-long-join -r 85 -N 50 -s 65 -z 200 --mask-level 0.9 \
      --min-occ 200 -g 2500 --score-N 2 --cs -t 1 results_hilliam/quast/quast_corrected_input/GCF_000496605.2_ASM49660v2_genomic.fna \
      results_hilliam/quast/quast_corrected_input/67_A78_contigs.fa > results_hilliam/quast/contigs_reports/minimap_output/67_A78_contigs.coords_tmp \
      2>> results_hilliam/quast/contigs_reports/contigs_report_67_A78_contigs.stderr
  119 Analysis is finished.

  125 67_C5_contigs
  125 Logging to files /scratch/mdprieto/results_hilliam/quast/contigs_reports/contigs_report_67_C5_contigs.stdout and contigs_report_67_C5_contigs.stderr...
  125 Aligning contigs to the reference
  125 /cvmfs/soft.computecanada.ca/easybuild/software/2020/avx2/Compiler/gcc9/quast/5.0.2/lib/python3.8/site-packages/quast_libs/minimap2/minimap2 \
      -c -x asm5 -B5 -O4,16 --no-long-join -r 85 -N 50 -s 65 -z 200 --mask-level 0.9 \
      --min-occ 200 -g 2500 --score-N 2 --cs -t 1 results_hilliam/quast/quast_corrected_input/GCF_000496605.2_ASM49660v2_genomic.fna \
      results_hilliam/quast/quast_corrected_input/67_C5_contigs.fa > results_hilliam/quast/contigs_reports/minimap_output/67_C5_contigs.coords_tmp \
      2>> results_hilliam/quast/contigs_reports/contigs_report_67_C5_contigs.stderr
  118 Analysis is finished.

  126 68_A80_contigs
  126 Logging to files /scratch/mdprieto/results_hilliam/quast/contigs_reports/contigs_report_68_A80_contigs.stdout and contigs_report_68_A80_contigs.stderr...
  126 Aligning contigs to the reference
  126 /cvmfs/soft.computecanada.ca/easybuild/software/2020/avx2/Compiler/gcc9/quast/5.0.2/lib/python3.8/site-packages/quast_libs/minimap2/minimap2 \
      -c -x asm5 -B5 -O4,16 --no-long-join -r 85 -N 50 -s 65 -z 200 --mask-level 0.9 \
      --min-occ 200 -g 2500 --score-N 2 --cs -t 1 results_hilliam/quast/quast_corrected_input/GCF_000496605.2_ASM49660v2_genomic.fna \
      results_hilliam/quast/quast_corrected_input/68_A80_contigs.fa > results_hilliam/quast/contigs_reports/minimap_output/68_A80_contigs.coords_tmp \
      2>> results_hilliam/quast/contigs_reports/contigs_report_68_A80_contigs.stderr
  120 Analysis is finished.

  127 68_C6_contigs
  127 Logging to files /scratch/mdprieto/results_hilliam/quast/contigs_reports/contigs_report_68_C6_contigs.stdout and contigs_report_68_C6_contigs.stderr...
  127 Aligning contigs to the reference
  127 /cvmfs/soft.computecanada.ca/easybuild/software/2020/avx2/Compiler/gcc9/quast/5.0.2/lib/python3.8/site-packages/quast_libs/minimap2/minimap2 \
      -c -x asm5 -B5 -O4,16 --no-long-join -r 85 -N 50 -s 65 -z 200 --mask-level 0.9 \
      --min-occ 200 -g 2500 --score-N 2 --cs -t 1 results_hilliam/quast/quast_corrected_input/GCF_000496605.2_ASM49660v2_genomic.fna \
      results_hilliam/quast/quast_corrected_input/68_C6_contigs.fa > results_hilliam/quast/contigs_reports/minimap_output/68_C6_contigs.coords_tmp \
      2>> results_hilliam/quast/contigs_reports/contigs_report_68_C6_contigs.stderr
  121 Analysis is finished.

  128 69_A81_contigs
  128 Logging to files /scratch/mdprieto/results_hilliam/quast/contigs_reports/contigs_report_69_A81_contigs.stdout and contigs_report_69_A81_contigs.stderr...
  128 Aligning contigs to the reference
  128 /cvmfs/soft.computecanada.ca/easybuild/software/2020/avx2/Compiler/gcc9/quast/5.0.2/lib/python3.8/site-packages/quast_libs/minimap2/minimap2 \
      -c -x asm5 -B5 -O4,16 --no-long-join -r 85 -N 50 -s 65 -z 200 --mask-level 0.9 \
      --min-occ 200 -g 2500 --score-N 2 --cs -t 1 results_hilliam/quast/quast_corrected_input/GCF_000496605.2_ASM49660v2_genomic.fna \
      results_hilliam/quast/quast_corrected_input/69_A81_contigs.fa > results_hilliam/quast/contigs_reports/minimap_output/69_A81_contigs.coords_tmp \
      2>> results_hilliam/quast/contigs_reports/contigs_report_69_A81_contigs.stderr
  122 Analysis is finished.

  129 69_C7_contigs
  129 Logging to files /scratch/mdprieto/results_hilliam/quast/contigs_reports/contigs_report_69_C7_contigs.stdout and contigs_report_69_C7_contigs.stderr...
  129 Aligning contigs to the reference
  124 Analysis is finished.

  130 6_C13_contigs
  130 Logging to files /scratch/mdprieto/results_hilliam/quast/contigs_reports/contigs_report_6_C13_contigs.stdout and contigs_report_6_C13_contigs.stderr...
  130 Aligning contigs to the reference
  129 /cvmfs/soft.computecanada.ca/easybuild/software/2020/avx2/Compiler/gcc9/quast/5.0.2/lib/python3.8/site-packages/quast_libs/minimap2/minimap2 \
      -c -x asm5 -B5 -O4,16 --no-long-join -r 85 -N 50 -s 65 -z 200 --mask-level 0.9 \
      --min-occ 200 -g 2500 --score-N 2 --cs -t 1 results_hilliam/quast/quast_corrected_input/GCF_000496605.2_ASM49660v2_genomic.fna \
      results_hilliam/quast/quast_corrected_input/69_C7_contigs.fa > results_hilliam/quast/contigs_reports/minimap_output/69_C7_contigs.coords_tmp \
      2>> results_hilliam/quast/contigs_reports/contigs_report_69_C7_contigs.stderr
  130 /cvmfs/soft.computecanada.ca/easybuild/software/2020/avx2/Compiler/gcc9/quast/5.0.2/lib/python3.8/site-packages/quast_libs/minimap2/minimap2 \
      -c -x asm5 -B5 -O4,16 --no-long-join -r 85 -N 50 -s 65 -z 200 --mask-level 0.9 \
      --min-occ 200 -g 2500 --score-N 2 --cs -t 1 results_hilliam/quast/quast_corrected_input/GCF_000496605.2_ASM49660v2_genomic.fna \
      results_hilliam/quast/quast_corrected_input/6_C13_contigs.fa > results_hilliam/quast/contigs_reports/minimap_output/6_C13_contigs.coords_tmp \
      2>> results_hilliam/quast/contigs_reports/contigs_report_6_C13_contigs.stderr
  123 Analysis is finished.

  131 6_C86_contigs
  131 Logging to files /scratch/mdprieto/results_hilliam/quast/contigs_reports/contigs_report_6_C86_contigs.stdout and contigs_report_6_C86_contigs.stderr...
  131 Aligning contigs to the reference
  131 /cvmfs/soft.computecanada.ca/easybuild/software/2020/avx2/Compiler/gcc9/quast/5.0.2/lib/python3.8/site-packages/quast_libs/minimap2/minimap2 \
      -c -x asm5 -B5 -O4,16 --no-long-join -r 85 -N 50 -s 65 -z 200 --mask-level 0.9 \
      --min-occ 200 -g 2500 --score-N 2 --cs -t 1 results_hilliam/quast/quast_corrected_input/GCF_000496605.2_ASM49660v2_genomic.fna \
      results_hilliam/quast/quast_corrected_input/6_C86_contigs.fa > results_hilliam/quast/contigs_reports/minimap_output/6_C86_contigs.coords_tmp \
      2>> results_hilliam/quast/contigs_reports/contigs_report_6_C86_contigs.stderr
  125 Analysis is finished.

  132 70_A82_contigs
  132 Logging to files /scratch/mdprieto/results_hilliam/quast/contigs_reports/contigs_report_70_A82_contigs.stdout and contigs_report_70_A82_contigs.stderr...
  132 Aligning contigs to the reference
  132 /cvmfs/soft.computecanada.ca/easybuild/software/2020/avx2/Compiler/gcc9/quast/5.0.2/lib/python3.8/site-packages/quast_libs/minimap2/minimap2 \
      -c -x asm5 -B5 -O4,16 --no-long-join -r 85 -N 50 -s 65 -z 200 --mask-level 0.9 \
      --min-occ 200 -g 2500 --score-N 2 --cs -t 1 results_hilliam/quast/quast_corrected_input/GCF_000496605.2_ASM49660v2_genomic.fna \
      results_hilliam/quast/quast_corrected_input/70_A82_contigs.fa > results_hilliam/quast/contigs_reports/minimap_output/70_A82_contigs.coords_tmp \
      2>> results_hilliam/quast/contigs_reports/contigs_report_70_A82_contigs.stderr
  126 Analysis is finished.

  133 70_C9_contigs
  133 Logging to files /scratch/mdprieto/results_hilliam/quast/contigs_reports/contigs_report_70_C9_contigs.stdout and contigs_report_70_C9_contigs.stderr...
  133 Aligning contigs to the reference
  133 /cvmfs/soft.computecanada.ca/easybuild/software/2020/avx2/Compiler/gcc9/quast/5.0.2/lib/python3.8/site-packages/quast_libs/minimap2/minimap2 \
      -c -x asm5 -B5 -O4,16 --no-long-join -r 85 -N 50 -s 65 -z 200 --mask-level 0.9 \
      --min-occ 200 -g 2500 --score-N 2 --cs -t 1 results_hilliam/quast/quast_corrected_input/GCF_000496605.2_ASM49660v2_genomic.fna \
      results_hilliam/quast/quast_corrected_input/70_C9_contigs.fa > results_hilliam/quast/contigs_reports/minimap_output/70_C9_contigs.coords_tmp \
      2>> results_hilliam/quast/contigs_reports/contigs_report_70_C9_contigs.stderr
  127 Analysis is finished.

  134 71_A85_contigs
  134 Logging to files /scratch/mdprieto/results_hilliam/quast/contigs_reports/contigs_report_71_A85_contigs.stdout and contigs_report_71_A85_contigs.stderr...
  134 Aligning contigs to the reference
  134 /cvmfs/soft.computecanada.ca/easybuild/software/2020/avx2/Compiler/gcc9/quast/5.0.2/lib/python3.8/site-packages/quast_libs/minimap2/minimap2 \
      -c -x asm5 -B5 -O4,16 --no-long-join -r 85 -N 50 -s 65 -z 200 --mask-level 0.9 \
      --min-occ 200 -g 2500 --score-N 2 --cs -t 1 results_hilliam/quast/quast_corrected_input/GCF_000496605.2_ASM49660v2_genomic.fna \
      results_hilliam/quast/quast_corrected_input/71_A85_contigs.fa > results_hilliam/quast/contigs_reports/minimap_output/71_A85_contigs.coords_tmp \
      2>> results_hilliam/quast/contigs_reports/contigs_report_71_A85_contigs.stderr
  128 Analysis is finished.

  135 71_C11_contigs
  135 Logging to files /scratch/mdprieto/results_hilliam/quast/contigs_reports/contigs_report_71_C11_contigs.stdout and contigs_report_71_C11_contigs.stderr...
  135 Aligning contigs to the reference
  135 /cvmfs/soft.computecanada.ca/easybuild/software/2020/avx2/Compiler/gcc9/quast/5.0.2/lib/python3.8/site-packages/quast_libs/minimap2/minimap2 \
      -c -x asm5 -B5 -O4,16 --no-long-join -r 85 -N 50 -s 65 -z 200 --mask-level 0.9 \
      --min-occ 200 -g 2500 --score-N 2 --cs -t 1 results_hilliam/quast/quast_corrected_input/GCF_000496605.2_ASM49660v2_genomic.fna \
      results_hilliam/quast/quast_corrected_input/71_C11_contigs.fa > results_hilliam/quast/contigs_reports/minimap_output/71_C11_contigs.coords_tmp \
      2>> results_hilliam/quast/contigs_reports/contigs_report_71_C11_contigs.stderr
  129 Analysis is finished.

  136 72_A86_contigs
  136 Logging to files /scratch/mdprieto/results_hilliam/quast/contigs_reports/contigs_report_72_A86_contigs.stdout and contigs_report_72_A86_contigs.stderr...
  136 Aligning contigs to the reference
  136 /cvmfs/soft.computecanada.ca/easybuild/software/2020/avx2/Compiler/gcc9/quast/5.0.2/lib/python3.8/site-packages/quast_libs/minimap2/minimap2 \
      -c -x asm5 -B5 -O4,16 --no-long-join -r 85 -N 50 -s 65 -z 200 --mask-level 0.9 \
      --min-occ 200 -g 2500 --score-N 2 --cs -t 1 results_hilliam/quast/quast_corrected_input/GCF_000496605.2_ASM49660v2_genomic.fna \
      results_hilliam/quast/quast_corrected_input/72_A86_contigs.fa > results_hilliam/quast/contigs_reports/minimap_output/72_A86_contigs.coords_tmp \
      2>> results_hilliam/quast/contigs_reports/contigs_report_72_A86_contigs.stderr
  130 Analysis is finished.

  137 72_C16_contigs
  137 Logging to files /scratch/mdprieto/results_hilliam/quast/contigs_reports/contigs_report_72_C16_contigs.stdout and contigs_report_72_C16_contigs.stderr...
  137 Aligning contigs to the reference
  132 Analysis is finished.

  138 73_A90_contigs
  138 Logging to files /scratch/mdprieto/results_hilliam/quast/contigs_reports/contigs_report_73_A90_contigs.stdout and contigs_report_73_A90_contigs.stderr...
  138 Aligning contigs to the reference
  137 /cvmfs/soft.computecanada.ca/easybuild/software/2020/avx2/Compiler/gcc9/quast/5.0.2/lib/python3.8/site-packages/quast_libs/minimap2/minimap2 \
      -c -x asm5 -B5 -O4,16 --no-long-join -r 85 -N 50 -s 65 -z 200 --mask-level 0.9 \
      --min-occ 200 -g 2500 --score-N 2 --cs -t 1 results_hilliam/quast/quast_corrected_input/GCF_000496605.2_ASM49660v2_genomic.fna \
      results_hilliam/quast/quast_corrected_input/72_C16_contigs.fa > results_hilliam/quast/contigs_reports/minimap_output/72_C16_contigs.coords_tmp \
      2>> results_hilliam/quast/contigs_reports/contigs_report_72_C16_contigs.stderr
  138 /cvmfs/soft.computecanada.ca/easybuild/software/2020/avx2/Compiler/gcc9/quast/5.0.2/lib/python3.8/site-packages/quast_libs/minimap2/minimap2 \
      -c -x asm5 -B5 -O4,16 --no-long-join -r 85 -N 50 -s 65 -z 200 --mask-level 0.9 \
      --min-occ 200 -g 2500 --score-N 2 --cs -t 1 results_hilliam/quast/quast_corrected_input/GCF_000496605.2_ASM49660v2_genomic.fna \
      results_hilliam/quast/quast_corrected_input/73_A90_contigs.fa > results_hilliam/quast/contigs_reports/minimap_output/73_A90_contigs.coords_tmp \
      2>> results_hilliam/quast/contigs_reports/contigs_report_73_A90_contigs.stderr
  131 Analysis is finished.

  139 73_C18_contigs
  139 Logging to files /scratch/mdprieto/results_hilliam/quast/contigs_reports/contigs_report_73_C18_contigs.stdout and contigs_report_73_C18_contigs.stderr...
  139 Aligning contigs to the reference
  139 /cvmfs/soft.computecanada.ca/easybuild/software/2020/avx2/Compiler/gcc9/quast/5.0.2/lib/python3.8/site-packages/quast_libs/minimap2/minimap2 \
      -c -x asm5 -B5 -O4,16 --no-long-join -r 85 -N 50 -s 65 -z 200 --mask-level 0.9 \
      --min-occ 200 -g 2500 --score-N 2 --cs -t 1 results_hilliam/quast/quast_corrected_input/GCF_000496605.2_ASM49660v2_genomic.fna \
      results_hilliam/quast/quast_corrected_input/73_C18_contigs.fa > results_hilliam/quast/contigs_reports/minimap_output/73_C18_contigs.coords_tmp \
      2>> results_hilliam/quast/contigs_reports/contigs_report_73_C18_contigs.stderr
  133 Analysis is finished.

  140 74_A91_contigs
  140 Logging to files /scratch/mdprieto/results_hilliam/quast/contigs_reports/contigs_report_74_A91_contigs.stdout and contigs_report_74_A91_contigs.stderr...
  140 Aligning contigs to the reference
  140 /cvmfs/soft.computecanada.ca/easybuild/software/2020/avx2/Compiler/gcc9/quast/5.0.2/lib/python3.8/site-packages/quast_libs/minimap2/minimap2 \
      -c -x asm5 -B5 -O4,16 --no-long-join -r 85 -N 50 -s 65 -z 200 --mask-level 0.9 \
      --min-occ 200 -g 2500 --score-N 2 --cs -t 1 results_hilliam/quast/quast_corrected_input/GCF_000496605.2_ASM49660v2_genomic.fna \
      results_hilliam/quast/quast_corrected_input/74_A91_contigs.fa > results_hilliam/quast/contigs_reports/minimap_output/74_A91_contigs.coords_tmp \
      2>> results_hilliam/quast/contigs_reports/contigs_report_74_A91_contigs.stderr
  134 Analysis is finished.

  141 74_C20_contigs
  141 Logging to files /scratch/mdprieto/results_hilliam/quast/contigs_reports/contigs_report_74_C20_contigs.stdout and contigs_report_74_C20_contigs.stderr...
  141 Aligning contigs to the reference
  141 /cvmfs/soft.computecanada.ca/easybuild/software/2020/avx2/Compiler/gcc9/quast/5.0.2/lib/python3.8/site-packages/quast_libs/minimap2/minimap2 \
      -c -x asm5 -B5 -O4,16 --no-long-join -r 85 -N 50 -s 65 -z 200 --mask-level 0.9 \
      --min-occ 200 -g 2500 --score-N 2 --cs -t 1 results_hilliam/quast/quast_corrected_input/GCF_000496605.2_ASM49660v2_genomic.fna \
      results_hilliam/quast/quast_corrected_input/74_C20_contigs.fa > results_hilliam/quast/contigs_reports/minimap_output/74_C20_contigs.coords_tmp \
      2>> results_hilliam/quast/contigs_reports/contigs_report_74_C20_contigs.stderr
  138 Analysis is finished.

  142 75_A92_contigs
  142 Logging to files /scratch/mdprieto/results_hilliam/quast/contigs_reports/contigs_report_75_A92_contigs.stdout and contigs_report_75_A92_contigs.stderr...
  142 Aligning contigs to the reference
  142 /cvmfs/soft.computecanada.ca/easybuild/software/2020/avx2/Compiler/gcc9/quast/5.0.2/lib/python3.8/site-packages/quast_libs/minimap2/minimap2 \
      -c -x asm5 -B5 -O4,16 --no-long-join -r 85 -N 50 -s 65 -z 200 --mask-level 0.9 \
      --min-occ 200 -g 2500 --score-N 2 --cs -t 1 results_hilliam/quast/quast_corrected_input/GCF_000496605.2_ASM49660v2_genomic.fna \
      results_hilliam/quast/quast_corrected_input/75_A92_contigs.fa > results_hilliam/quast/contigs_reports/minimap_output/75_A92_contigs.coords_tmp \
      2>> results_hilliam/quast/contigs_reports/contigs_report_75_A92_contigs.stderr
  136 Analysis is finished.

  143 75_C135_contigs
  143 Logging to files /scratch/mdprieto/results_hilliam/quast/contigs_reports/contigs_report_75_C135_contigs.stdout and contigs_report_75_C135_contigs.stderr...
  143 Aligning contigs to the reference
  135 Analysis is finished.

  144 76_A95_contigs
  143 /cvmfs/soft.computecanada.ca/easybuild/software/2020/avx2/Compiler/gcc9/quast/5.0.2/lib/python3.8/site-packages/quast_libs/minimap2/minimap2 \
      -c -x asm5 -B5 -O4,16 --no-long-join -r 85 -N 50 -s 65 -z 200 --mask-level 0.9 \
      --min-occ 200 -g 2500 --score-N 2 --cs -t 1 results_hilliam/quast/quast_corrected_input/GCF_000496605.2_ASM49660v2_genomic.fna \
      results_hilliam/quast/quast_corrected_input/75_C135_contigs.fa > results_hilliam/quast/contigs_reports/minimap_output/75_C135_contigs.coords_tmp \
      2>> results_hilliam/quast/contigs_reports/contigs_report_75_C135_contigs.stderr
  144 Logging to files /scratch/mdprieto/results_hilliam/quast/contigs_reports/contigs_report_76_A95_contigs.stdout and contigs_report_76_A95_contigs.stderr...
  144 Aligning contigs to the reference
  144 /cvmfs/soft.computecanada.ca/easybuild/software/2020/avx2/Compiler/gcc9/quast/5.0.2/lib/python3.8/site-packages/quast_libs/minimap2/minimap2 \
      -c -x asm5 -B5 -O4,16 --no-long-join -r 85 -N 50 -s 65 -z 200 --mask-level 0.9 \
      --min-occ 200 -g 2500 --score-N 2 --cs -t 1 results_hilliam/quast/quast_corrected_input/GCF_000496605.2_ASM49660v2_genomic.fna \
      results_hilliam/quast/quast_corrected_input/76_A95_contigs.fa > results_hilliam/quast/contigs_reports/minimap_output/76_A95_contigs.coords_tmp \
      2>> results_hilliam/quast/contigs_reports/contigs_report_76_A95_contigs.stderr
  137 Analysis is finished.

  145 76_C137_contigs
  145 Logging to files /scratch/mdprieto/results_hilliam/quast/contigs_reports/contigs_report_76_C137_contigs.stdout and contigs_report_76_C137_contigs.stderr...
  145 Aligning contigs to the reference
  145 /cvmfs/soft.computecanada.ca/easybuild/software/2020/avx2/Compiler/gcc9/quast/5.0.2/lib/python3.8/site-packages/quast_libs/minimap2/minimap2 \
      -c -x asm5 -B5 -O4,16 --no-long-join -r 85 -N 50 -s 65 -z 200 --mask-level 0.9 \
      --min-occ 200 -g 2500 --score-N 2 --cs -t 1 results_hilliam/quast/quast_corrected_input/GCF_000496605.2_ASM49660v2_genomic.fna \
      results_hilliam/quast/quast_corrected_input/76_C137_contigs.fa > results_hilliam/quast/contigs_reports/minimap_output/76_C137_contigs.coords_tmp \
      2>> results_hilliam/quast/contigs_reports/contigs_report_76_C137_contigs.stderr
  139 Analysis is finished.

  146 77_A97_contigs
  146 Logging to files /scratch/mdprieto/results_hilliam/quast/contigs_reports/contigs_report_77_A97_contigs.stdout and contigs_report_77_A97_contigs.stderr...
  146 Aligning contigs to the reference
  146 /cvmfs/soft.computecanada.ca/easybuild/software/2020/avx2/Compiler/gcc9/quast/5.0.2/lib/python3.8/site-packages/quast_libs/minimap2/minimap2 \
      -c -x asm5 -B5 -O4,16 --no-long-join -r 85 -N 50 -s 65 -z 200 --mask-level 0.9 \
      --min-occ 200 -g 2500 --score-N 2 --cs -t 1 results_hilliam/quast/quast_corrected_input/GCF_000496605.2_ASM49660v2_genomic.fna \
      results_hilliam/quast/quast_corrected_input/77_A97_contigs.fa > results_hilliam/quast/contigs_reports/minimap_output/77_A97_contigs.coords_tmp \
      2>> results_hilliam/quast/contigs_reports/contigs_report_77_A97_contigs.stderr
  140 Analysis is finished.

  147 77_C139_contigs
  147 Logging to files /scratch/mdprieto/results_hilliam/quast/contigs_reports/contigs_report_77_C139_contigs.stdout and contigs_report_77_C139_contigs.stderr...
  147 Aligning contigs to the reference
  147 /cvmfs/soft.computecanada.ca/easybuild/software/2020/avx2/Compiler/gcc9/quast/5.0.2/lib/python3.8/site-packages/quast_libs/minimap2/minimap2 \
      -c -x asm5 -B5 -O4,16 --no-long-join -r 85 -N 50 -s 65 -z 200 --mask-level 0.9 \
      --min-occ 200 -g 2500 --score-N 2 --cs -t 1 results_hilliam/quast/quast_corrected_input/GCF_000496605.2_ASM49660v2_genomic.fna \
      results_hilliam/quast/quast_corrected_input/77_C139_contigs.fa > results_hilliam/quast/contigs_reports/minimap_output/77_C139_contigs.coords_tmp \
      2>> results_hilliam/quast/contigs_reports/contigs_report_77_C139_contigs.stderr
  141 Analysis is finished.

  148 78_A100_contigs
  148 Logging to files /scratch/mdprieto/results_hilliam/quast/contigs_reports/contigs_report_78_A100_contigs.stdout and contigs_report_78_A100_contigs.stderr...
  148 Aligning contigs to the reference
  148 /cvmfs/soft.computecanada.ca/easybuild/software/2020/avx2/Compiler/gcc9/quast/5.0.2/lib/python3.8/site-packages/quast_libs/minimap2/minimap2 \
      -c -x asm5 -B5 -O4,16 --no-long-join -r 85 -N 50 -s 65 -z 200 --mask-level 0.9 \
      --min-occ 200 -g 2500 --score-N 2 --cs -t 1 results_hilliam/quast/quast_corrected_input/GCF_000496605.2_ASM49660v2_genomic.fna \
      results_hilliam/quast/quast_corrected_input/78_A100_contigs.fa > results_hilliam/quast/contigs_reports/minimap_output/78_A100_contigs.coords_tmp \
      2>> results_hilliam/quast/contigs_reports/contigs_report_78_A100_contigs.stderr
  142 Analysis is finished.

  149 78_C141_contigs
  149 Logging to files /scratch/mdprieto/results_hilliam/quast/contigs_reports/contigs_report_78_C141_contigs.stdout and contigs_report_78_C141_contigs.stderr...
  149 Aligning contigs to the reference
  143 Analysis is finished.

  150 79_A106_contigs
  149 /cvmfs/soft.computecanada.ca/easybuild/software/2020/avx2/Compiler/gcc9/quast/5.0.2/lib/python3.8/site-packages/quast_libs/minimap2/minimap2 \
      -c -x asm5 -B5 -O4,16 --no-long-join -r 85 -N 50 -s 65 -z 200 --mask-level 0.9 \
      --min-occ 200 -g 2500 --score-N 2 --cs -t 1 results_hilliam/quast/quast_corrected_input/GCF_000496605.2_ASM49660v2_genomic.fna \
      results_hilliam/quast/quast_corrected_input/78_C141_contigs.fa > results_hilliam/quast/contigs_reports/minimap_output/78_C141_contigs.coords_tmp \
      2>> results_hilliam/quast/contigs_reports/contigs_report_78_C141_contigs.stderr
  150 Logging to files /scratch/mdprieto/results_hilliam/quast/contigs_reports/contigs_report_79_A106_contigs.stdout and contigs_report_79_A106_contigs.stderr...
  150 Aligning contigs to the reference
  150 /cvmfs/soft.computecanada.ca/easybuild/software/2020/avx2/Compiler/gcc9/quast/5.0.2/lib/python3.8/site-packages/quast_libs/minimap2/minimap2 \
      -c -x asm5 -B5 -O4,16 --no-long-join -r 85 -N 50 -s 65 -z 200 --mask-level 0.9 \
      --min-occ 200 -g 2500 --score-N 2 --cs -t 1 results_hilliam/quast/quast_corrected_input/GCF_000496605.2_ASM49660v2_genomic.fna \
      results_hilliam/quast/quast_corrected_input/79_A106_contigs.fa > results_hilliam/quast/contigs_reports/minimap_output/79_A106_contigs.coords_tmp \
      2>> results_hilliam/quast/contigs_reports/contigs_report_79_A106_contigs.stderr
  145 Analysis is finished.

  151 79_C142_contigs
  151 Logging to files /scratch/mdprieto/results_hilliam/quast/contigs_reports/contigs_report_79_C142_contigs.stdout and contigs_report_79_C142_contigs.stderr...
  151 Aligning contigs to the reference
  151 /cvmfs/soft.computecanada.ca/easybuild/software/2020/avx2/Compiler/gcc9/quast/5.0.2/lib/python3.8/site-packages/quast_libs/minimap2/minimap2 \
      -c -x asm5 -B5 -O4,16 --no-long-join -r 85 -N 50 -s 65 -z 200 --mask-level 0.9 \
      --min-occ 200 -g 2500 --score-N 2 --cs -t 1 results_hilliam/quast/quast_corrected_input/GCF_000496605.2_ASM49660v2_genomic.fna \
      results_hilliam/quast/quast_corrected_input/79_C142_contigs.fa > results_hilliam/quast/contigs_reports/minimap_output/79_C142_contigs.coords_tmp \
      2>> results_hilliam/quast/contigs_reports/contigs_report_79_C142_contigs.stderr
  144 Analysis is finished.

  152 7_C14_contigs
  152 Logging to files /scratch/mdprieto/results_hilliam/quast/contigs_reports/contigs_report_7_C14_contigs.stdout and contigs_report_7_C14_contigs.stderr...
  152 Aligning contigs to the reference
  152 /cvmfs/soft.computecanada.ca/easybuild/software/2020/avx2/Compiler/gcc9/quast/5.0.2/lib/python3.8/site-packages/quast_libs/minimap2/minimap2 \
      -c -x asm5 -B5 -O4,16 --no-long-join -r 85 -N 50 -s 65 -z 200 --mask-level 0.9 \
      --min-occ 200 -g 2500 --score-N 2 --cs -t 1 results_hilliam/quast/quast_corrected_input/GCF_000496605.2_ASM49660v2_genomic.fna \
      results_hilliam/quast/quast_corrected_input/7_C14_contigs.fa > results_hilliam/quast/contigs_reports/minimap_output/7_C14_contigs.coords_tmp \
      2>> results_hilliam/quast/contigs_reports/contigs_report_7_C14_contigs.stderr
  147 Analysis is finished.

  153 7_C88_contigs
  153 Logging to files /scratch/mdprieto/results_hilliam/quast/contigs_reports/contigs_report_7_C88_contigs.stdout and contigs_report_7_C88_contigs.stderr...
  153 Aligning contigs to the reference
  153 /cvmfs/soft.computecanada.ca/easybuild/software/2020/avx2/Compiler/gcc9/quast/5.0.2/lib/python3.8/site-packages/quast_libs/minimap2/minimap2 \
      -c -x asm5 -B5 -O4,16 --no-long-join -r 85 -N 50 -s 65 -z 200 --mask-level 0.9 \
      --min-occ 200 -g 2500 --score-N 2 --cs -t 1 results_hilliam/quast/quast_corrected_input/GCF_000496605.2_ASM49660v2_genomic.fna \
      results_hilliam/quast/quast_corrected_input/7_C88_contigs.fa > results_hilliam/quast/contigs_reports/minimap_output/7_C88_contigs.coords_tmp \
      2>> results_hilliam/quast/contigs_reports/contigs_report_7_C88_contigs.stderr
  146 Analysis is finished.

  154 80_A107_contigs
  154 Logging to files /scratch/mdprieto/results_hilliam/quast/contigs_reports/contigs_report_80_A107_contigs.stdout and contigs_report_80_A107_contigs.stderr...
  154 Aligning contigs to the reference
  154 /cvmfs/soft.computecanada.ca/easybuild/software/2020/avx2/Compiler/gcc9/quast/5.0.2/lib/python3.8/site-packages/quast_libs/minimap2/minimap2 \
      -c -x asm5 -B5 -O4,16 --no-long-join -r 85 -N 50 -s 65 -z 200 --mask-level 0.9 \
      --min-occ 200 -g 2500 --score-N 2 --cs -t 1 results_hilliam/quast/quast_corrected_input/GCF_000496605.2_ASM49660v2_genomic.fna \
      results_hilliam/quast/quast_corrected_input/80_A107_contigs.fa > results_hilliam/quast/contigs_reports/minimap_output/80_A107_contigs.coords_tmp \
      2>> results_hilliam/quast/contigs_reports/contigs_report_80_A107_contigs.stderr
  148 Analysis is finished.

  155 80_C104_contigs
  155 Logging to files /scratch/mdprieto/results_hilliam/quast/contigs_reports/contigs_report_80_C104_contigs.stdout and contigs_report_80_C104_contigs.stderr...
  155 Aligning contigs to the reference
  155 /cvmfs/soft.computecanada.ca/easybuild/software/2020/avx2/Compiler/gcc9/quast/5.0.2/lib/python3.8/site-packages/quast_libs/minimap2/minimap2 \
      -c -x asm5 -B5 -O4,16 --no-long-join -r 85 -N 50 -s 65 -z 200 --mask-level 0.9 \
      --min-occ 200 -g 2500 --score-N 2 --cs -t 1 results_hilliam/quast/quast_corrected_input/GCF_000496605.2_ASM49660v2_genomic.fna \
      results_hilliam/quast/quast_corrected_input/80_C104_contigs.fa > results_hilliam/quast/contigs_reports/minimap_output/80_C104_contigs.coords_tmp \
      2>> results_hilliam/quast/contigs_reports/contigs_report_80_C104_contigs.stderr
  149 Analysis is finished.

  156 81_A119_contigs
  156 Logging to files /scratch/mdprieto/results_hilliam/quast/contigs_reports/contigs_report_81_A119_contigs.stdout and contigs_report_81_A119_contigs.stderr...
  156 Aligning contigs to the reference
  156 /cvmfs/soft.computecanada.ca/easybuild/software/2020/avx2/Compiler/gcc9/quast/5.0.2/lib/python3.8/site-packages/quast_libs/minimap2/minimap2 \
      -c -x asm5 -B5 -O4,16 --no-long-join -r 85 -N 50 -s 65 -z 200 --mask-level 0.9 \
      --min-occ 200 -g 2500 --score-N 2 --cs -t 1 results_hilliam/quast/quast_corrected_input/GCF_000496605.2_ASM49660v2_genomic.fna \
      results_hilliam/quast/quast_corrected_input/81_A119_contigs.fa > results_hilliam/quast/contigs_reports/minimap_output/81_A119_contigs.coords_tmp \
      2>> results_hilliam/quast/contigs_reports/contigs_report_81_A119_contigs.stderr
  150 Analysis is finished.

  157 81_C105_contigs
  157 Logging to files /scratch/mdprieto/results_hilliam/quast/contigs_reports/contigs_report_81_C105_contigs.stdout and contigs_report_81_C105_contigs.stderr...
  157 Aligning contigs to the reference
  157 /cvmfs/soft.computecanada.ca/easybuild/software/2020/avx2/Compiler/gcc9/quast/5.0.2/lib/python3.8/site-packages/quast_libs/minimap2/minimap2 \
      -c -x asm5 -B5 -O4,16 --no-long-join -r 85 -N 50 -s 65 -z 200 --mask-level 0.9 \
      --min-occ 200 -g 2500 --score-N 2 --cs -t 1 results_hilliam/quast/quast_corrected_input/GCF_000496605.2_ASM49660v2_genomic.fna \
      results_hilliam/quast/quast_corrected_input/81_C105_contigs.fa > results_hilliam/quast/contigs_reports/minimap_output/81_C105_contigs.coords_tmp \
      2>> results_hilliam/quast/contigs_reports/contigs_report_81_C105_contigs.stderr
  152 Analysis is finished.

  158 82_A122_contigs
  158 Logging to files /scratch/mdprieto/results_hilliam/quast/contigs_reports/contigs_report_82_A122_contigs.stdout and contigs_report_82_A122_contigs.stderr...
  158 Aligning contigs to the reference
  151 Analysis is finished.

  159 82_C107_contigs
  159 Logging to files /scratch/mdprieto/results_hilliam/quast/contigs_reports/contigs_report_82_C107_contigs.stdout and contigs_report_82_C107_contigs.stderr...
  159 Aligning contigs to the reference
  158 /cvmfs/soft.computecanada.ca/easybuild/software/2020/avx2/Compiler/gcc9/quast/5.0.2/lib/python3.8/site-packages/quast_libs/minimap2/minimap2 \
      -c -x asm5 -B5 -O4,16 --no-long-join -r 85 -N 50 -s 65 -z 200 --mask-level 0.9 \
      --min-occ 200 -g 2500 --score-N 2 --cs -t 1 results_hilliam/quast/quast_corrected_input/GCF_000496605.2_ASM49660v2_genomic.fna \
      results_hilliam/quast/quast_corrected_input/82_A122_contigs.fa > results_hilliam/quast/contigs_reports/minimap_output/82_A122_contigs.coords_tmp \
      2>> results_hilliam/quast/contigs_reports/contigs_report_82_A122_contigs.stderr
  159 /cvmfs/soft.computecanada.ca/easybuild/software/2020/avx2/Compiler/gcc9/quast/5.0.2/lib/python3.8/site-packages/quast_libs/minimap2/minimap2 \
      -c -x asm5 -B5 -O4,16 --no-long-join -r 85 -N 50 -s 65 -z 200 --mask-level 0.9 \
      --min-occ 200 -g 2500 --score-N 2 --cs -t 1 results_hilliam/quast/quast_corrected_input/GCF_000496605.2_ASM49660v2_genomic.fna \
      results_hilliam/quast/quast_corrected_input/82_C107_contigs.fa > results_hilliam/quast/contigs_reports/minimap_output/82_C107_contigs.coords_tmp \
      2>> results_hilliam/quast/contigs_reports/contigs_report_82_C107_contigs.stderr
  153 Analysis is finished.

  160 83_A123_contigs
  160 Logging to files /scratch/mdprieto/results_hilliam/quast/contigs_reports/contigs_report_83_A123_contigs.stdout and contigs_report_83_A123_contigs.stderr...
  160 Aligning contigs to the reference
  154 Analysis is finished.

  161 83_C109_contigs
  161 Logging to files /scratch/mdprieto/results_hilliam/quast/contigs_reports/contigs_report_83_C109_contigs.stdout and contigs_report_83_C109_contigs.stderr...
  161 Aligning contigs to the reference
  160 /cvmfs/soft.computecanada.ca/easybuild/software/2020/avx2/Compiler/gcc9/quast/5.0.2/lib/python3.8/site-packages/quast_libs/minimap2/minimap2 \
      -c -x asm5 -B5 -O4,16 --no-long-join -r 85 -N 50 -s 65 -z 200 --mask-level 0.9 \
      --min-occ 200 -g 2500 --score-N 2 --cs -t 1 results_hilliam/quast/quast_corrected_input/GCF_000496605.2_ASM49660v2_genomic.fna \
      results_hilliam/quast/quast_corrected_input/83_A123_contigs.fa > results_hilliam/quast/contigs_reports/minimap_output/83_A123_contigs.coords_tmp \
      2>> results_hilliam/quast/contigs_reports/contigs_report_83_A123_contigs.stderr
  161 /cvmfs/soft.computecanada.ca/easybuild/software/2020/avx2/Compiler/gcc9/quast/5.0.2/lib/python3.8/site-packages/quast_libs/minimap2/minimap2 \
      -c -x asm5 -B5 -O4,16 --no-long-join -r 85 -N 50 -s 65 -z 200 --mask-level 0.9 \
      --min-occ 200 -g 2500 --score-N 2 --cs -t 1 results_hilliam/quast/quast_corrected_input/GCF_000496605.2_ASM49660v2_genomic.fna \
      results_hilliam/quast/quast_corrected_input/83_C109_contigs.fa > results_hilliam/quast/contigs_reports/minimap_output/83_C109_contigs.coords_tmp \
      2>> results_hilliam/quast/contigs_reports/contigs_report_83_C109_contigs.stderr
  155 Analysis is finished.

  162 84_A126_contigs
  162 Logging to files /scratch/mdprieto/results_hilliam/quast/contigs_reports/contigs_report_84_A126_contigs.stdout and contigs_report_84_A126_contigs.stderr...
  162 Aligning contigs to the reference
  162 /cvmfs/soft.computecanada.ca/easybuild/software/2020/avx2/Compiler/gcc9/quast/5.0.2/lib/python3.8/site-packages/quast_libs/minimap2/minimap2 \
      -c -x asm5 -B5 -O4,16 --no-long-join -r 85 -N 50 -s 65 -z 200 --mask-level 0.9 \
      --min-occ 200 -g 2500 --score-N 2 --cs -t 1 results_hilliam/quast/quast_corrected_input/GCF_000496605.2_ASM49660v2_genomic.fna \
      results_hilliam/quast/quast_corrected_input/84_A126_contigs.fa > results_hilliam/quast/contigs_reports/minimap_output/84_A126_contigs.coords_tmp \
      2>> results_hilliam/quast/contigs_reports/contigs_report_84_A126_contigs.stderr
  156 Analysis is finished.

  163 84_C110_contigs
  163 Logging to files /scratch/mdprieto/results_hilliam/quast/contigs_reports/contigs_report_84_C110_contigs.stdout and contigs_report_84_C110_contigs.stderr...
  163 Aligning contigs to the reference
  163 /cvmfs/soft.computecanada.ca/easybuild/software/2020/avx2/Compiler/gcc9/quast/5.0.2/lib/python3.8/site-packages/quast_libs/minimap2/minimap2 \
      -c -x asm5 -B5 -O4,16 --no-long-join -r 85 -N 50 -s 65 -z 200 --mask-level 0.9 \
      --min-occ 200 -g 2500 --score-N 2 --cs -t 1 results_hilliam/quast/quast_corrected_input/GCF_000496605.2_ASM49660v2_genomic.fna \
      results_hilliam/quast/quast_corrected_input/84_C110_contigs.fa > results_hilliam/quast/contigs_reports/minimap_output/84_C110_contigs.coords_tmp \
      2>> results_hilliam/quast/contigs_reports/contigs_report_84_C110_contigs.stderr
  157 Analysis is finished.

  164 85_A130_contigs
  164 Logging to files /scratch/mdprieto/results_hilliam/quast/contigs_reports/contigs_report_85_A130_contigs.stdout and contigs_report_85_A130_contigs.stderr...
  164 Aligning contigs to the reference
  164 /cvmfs/soft.computecanada.ca/easybuild/software/2020/avx2/Compiler/gcc9/quast/5.0.2/lib/python3.8/site-packages/quast_libs/minimap2/minimap2 \
      -c -x asm5 -B5 -O4,16 --no-long-join -r 85 -N 50 -s 65 -z 200 --mask-level 0.9 \
      --min-occ 200 -g 2500 --score-N 2 --cs -t 1 results_hilliam/quast/quast_corrected_input/GCF_000496605.2_ASM49660v2_genomic.fna \
      results_hilliam/quast/quast_corrected_input/85_A130_contigs.fa > results_hilliam/quast/contigs_reports/minimap_output/85_A130_contigs.coords_tmp \
      2>> results_hilliam/quast/contigs_reports/contigs_report_85_A130_contigs.stderr
  158 Analysis is finished.

  165 85_C111_contigs
  165 Logging to files /scratch/mdprieto/results_hilliam/quast/contigs_reports/contigs_report_85_C111_contigs.stdout and contigs_report_85_C111_contigs.stderr...
  165 Aligning contigs to the reference
  165 /cvmfs/soft.computecanada.ca/easybuild/software/2020/avx2/Compiler/gcc9/quast/5.0.2/lib/python3.8/site-packages/quast_libs/minimap2/minimap2 \
      -c -x asm5 -B5 -O4,16 --no-long-join -r 85 -N 50 -s 65 -z 200 --mask-level 0.9 \
      --min-occ 200 -g 2500 --score-N 2 --cs -t 1 results_hilliam/quast/quast_corrected_input/GCF_000496605.2_ASM49660v2_genomic.fna \
      results_hilliam/quast/quast_corrected_input/85_C111_contigs.fa > results_hilliam/quast/contigs_reports/minimap_output/85_C111_contigs.coords_tmp \
      2>> results_hilliam/quast/contigs_reports/contigs_report_85_C111_contigs.stderr
  159 Analysis is finished.

  166 86_A134_contigs
  166 Logging to files /scratch/mdprieto/results_hilliam/quast/contigs_reports/contigs_report_86_A134_contigs.stdout and contigs_report_86_A134_contigs.stderr...
  166 Aligning contigs to the reference
  166 /cvmfs/soft.computecanada.ca/easybuild/software/2020/avx2/Compiler/gcc9/quast/5.0.2/lib/python3.8/site-packages/quast_libs/minimap2/minimap2 \
      -c -x asm5 -B5 -O4,16 --no-long-join -r 85 -N 50 -s 65 -z 200 --mask-level 0.9 \
      --min-occ 200 -g 2500 --score-N 2 --cs -t 1 results_hilliam/quast/quast_corrected_input/GCF_000496605.2_ASM49660v2_genomic.fna \
      results_hilliam/quast/quast_corrected_input/86_A134_contigs.fa > results_hilliam/quast/contigs_reports/minimap_output/86_A134_contigs.coords_tmp \
      2>> results_hilliam/quast/contigs_reports/contigs_report_86_A134_contigs.stderr
  161 Analysis is finished.

  167 86_C112_contigs
  167 Logging to files /scratch/mdprieto/results_hilliam/quast/contigs_reports/contigs_report_86_C112_contigs.stdout and contigs_report_86_C112_contigs.stderr...
  167 Aligning contigs to the reference
  167 /cvmfs/soft.computecanada.ca/easybuild/software/2020/avx2/Compiler/gcc9/quast/5.0.2/lib/python3.8/site-packages/quast_libs/minimap2/minimap2 \
      -c -x asm5 -B5 -O4,16 --no-long-join -r 85 -N 50 -s 65 -z 200 --mask-level 0.9 \
      --min-occ 200 -g 2500 --score-N 2 --cs -t 1 results_hilliam/quast/quast_corrected_input/GCF_000496605.2_ASM49660v2_genomic.fna \
      results_hilliam/quast/quast_corrected_input/86_C112_contigs.fa > results_hilliam/quast/contigs_reports/minimap_output/86_C112_contigs.coords_tmp \
      2>> results_hilliam/quast/contigs_reports/contigs_report_86_C112_contigs.stderr
  160 Analysis is finished.

  168 87_A137_contigs
  168 Logging to files /scratch/mdprieto/results_hilliam/quast/contigs_reports/contigs_report_87_A137_contigs.stdout and contigs_report_87_A137_contigs.stderr...
  168 Aligning contigs to the reference
  168 /cvmfs/soft.computecanada.ca/easybuild/software/2020/avx2/Compiler/gcc9/quast/5.0.2/lib/python3.8/site-packages/quast_libs/minimap2/minimap2 \
      -c -x asm5 -B5 -O4,16 --no-long-join -r 85 -N 50 -s 65 -z 200 --mask-level 0.9 \
      --min-occ 200 -g 2500 --score-N 2 --cs -t 1 results_hilliam/quast/quast_corrected_input/GCF_000496605.2_ASM49660v2_genomic.fna \
      results_hilliam/quast/quast_corrected_input/87_A137_contigs.fa > results_hilliam/quast/contigs_reports/minimap_output/87_A137_contigs.coords_tmp \
      2>> results_hilliam/quast/contigs_reports/contigs_report_87_A137_contigs.stderr
  162 Analysis is finished.

  169 87_C114_contigs
  169 Logging to files /scratch/mdprieto/results_hilliam/quast/contigs_reports/contigs_report_87_C114_contigs.stdout and contigs_report_87_C114_contigs.stderr...
  169 Aligning contigs to the reference
  169 /cvmfs/soft.computecanada.ca/easybuild/software/2020/avx2/Compiler/gcc9/quast/5.0.2/lib/python3.8/site-packages/quast_libs/minimap2/minimap2 \
      -c -x asm5 -B5 -O4,16 --no-long-join -r 85 -N 50 -s 65 -z 200 --mask-level 0.9 \
      --min-occ 200 -g 2500 --score-N 2 --cs -t 1 results_hilliam/quast/quast_corrected_input/GCF_000496605.2_ASM49660v2_genomic.fna \
      results_hilliam/quast/quast_corrected_input/87_C114_contigs.fa > results_hilliam/quast/contigs_reports/minimap_output/87_C114_contigs.coords_tmp \
      2>> results_hilliam/quast/contigs_reports/contigs_report_87_C114_contigs.stderr
  164 Analysis is finished.

  170 88_C117_contigs
  170 Logging to files /scratch/mdprieto/results_hilliam/quast/contigs_reports/contigs_report_88_C117_contigs.stdout and contigs_report_88_C117_contigs.stderr...
  170 Aligning contigs to the reference
  170 /cvmfs/soft.computecanada.ca/easybuild/software/2020/avx2/Compiler/gcc9/quast/5.0.2/lib/python3.8/site-packages/quast_libs/minimap2/minimap2 \
      -c -x asm5 -B5 -O4,16 --no-long-join -r 85 -N 50 -s 65 -z 200 --mask-level 0.9 \
      --min-occ 200 -g 2500 --score-N 2 --cs -t 1 results_hilliam/quast/quast_corrected_input/GCF_000496605.2_ASM49660v2_genomic.fna \
      results_hilliam/quast/quast_corrected_input/88_C117_contigs.fa > results_hilliam/quast/contigs_reports/minimap_output/88_C117_contigs.coords_tmp \
      2>> results_hilliam/quast/contigs_reports/contigs_report_88_C117_contigs.stderr
  163 Analysis is finished.

  171 89_A141_contigs
  171 Logging to files /scratch/mdprieto/results_hilliam/quast/contigs_reports/contigs_report_89_A141_contigs.stdout and contigs_report_89_A141_contigs.stderr...
  171 Aligning contigs to the reference
  171 /cvmfs/soft.computecanada.ca/easybuild/software/2020/avx2/Compiler/gcc9/quast/5.0.2/lib/python3.8/site-packages/quast_libs/minimap2/minimap2 \
      -c -x asm5 -B5 -O4,16 --no-long-join -r 85 -N 50 -s 65 -z 200 --mask-level 0.9 \
      --min-occ 200 -g 2500 --score-N 2 --cs -t 1 results_hilliam/quast/quast_corrected_input/GCF_000496605.2_ASM49660v2_genomic.fna \
      results_hilliam/quast/quast_corrected_input/89_A141_contigs.fa > results_hilliam/quast/contigs_reports/minimap_output/89_A141_contigs.coords_tmp \
      2>> results_hilliam/quast/contigs_reports/contigs_report_89_A141_contigs.stderr
  165 Analysis is finished.

  172 89_C156_contigs
  172 Logging to files /scratch/mdprieto/results_hilliam/quast/contigs_reports/contigs_report_89_C156_contigs.stdout and contigs_report_89_C156_contigs.stderr...
  172 Aligning contigs to the reference
  172 /cvmfs/soft.computecanada.ca/easybuild/software/2020/avx2/Compiler/gcc9/quast/5.0.2/lib/python3.8/site-packages/quast_libs/minimap2/minimap2 \
      -c -x asm5 -B5 -O4,16 --no-long-join -r 85 -N 50 -s 65 -z 200 --mask-level 0.9 \
      --min-occ 200 -g 2500 --score-N 2 --cs -t 1 results_hilliam/quast/quast_corrected_input/GCF_000496605.2_ASM49660v2_genomic.fna \
      results_hilliam/quast/quast_corrected_input/89_C156_contigs.fa > results_hilliam/quast/contigs_reports/minimap_output/89_C156_contigs.coords_tmp \
      2>> results_hilliam/quast/contigs_reports/contigs_report_89_C156_contigs.stderr
  166 Analysis is finished.

  173 8_C15_contigs
  173 Logging to files /scratch/mdprieto/results_hilliam/quast/contigs_reports/contigs_report_8_C15_contigs.stdout and contigs_report_8_C15_contigs.stderr...
  173 Aligning contigs to the reference
  173 /cvmfs/soft.computecanada.ca/easybuild/software/2020/avx2/Compiler/gcc9/quast/5.0.2/lib/python3.8/site-packages/quast_libs/minimap2/minimap2 \
      -c -x asm5 -B5 -O4,16 --no-long-join -r 85 -N 50 -s 65 -z 200 --mask-level 0.9 \
      --min-occ 200 -g 2500 --score-N 2 --cs -t 1 results_hilliam/quast/quast_corrected_input/GCF_000496605.2_ASM49660v2_genomic.fna \
      results_hilliam/quast/quast_corrected_input/8_C15_contigs.fa > results_hilliam/quast/contigs_reports/minimap_output/8_C15_contigs.coords_tmp \
      2>> results_hilliam/quast/contigs_reports/contigs_report_8_C15_contigs.stderr
  167 Analysis is finished.

  174 8_C89_contigs
  174 Logging to files /scratch/mdprieto/results_hilliam/quast/contigs_reports/contigs_report_8_C89_contigs.stdout and contigs_report_8_C89_contigs.stderr...
  174 Aligning contigs to the reference
  168 Analysis is finished.

  175 90_A144_contigs
  175 Logging to files /scratch/mdprieto/results_hilliam/quast/contigs_reports/contigs_report_90_A144_contigs.stdout and contigs_report_90_A144_contigs.stderr...
  174 /cvmfs/soft.computecanada.ca/easybuild/software/2020/avx2/Compiler/gcc9/quast/5.0.2/lib/python3.8/site-packages/quast_libs/minimap2/minimap2 \
      -c -x asm5 -B5 -O4,16 --no-long-join -r 85 -N 50 -s 65 -z 200 --mask-level 0.9 \
      --min-occ 200 -g 2500 --score-N 2 --cs -t 1 results_hilliam/quast/quast_corrected_input/GCF_000496605.2_ASM49660v2_genomic.fna \
      results_hilliam/quast/quast_corrected_input/8_C89_contigs.fa > results_hilliam/quast/contigs_reports/minimap_output/8_C89_contigs.coords_tmp \
      2>> results_hilliam/quast/contigs_reports/contigs_report_8_C89_contigs.stderr
  175 Aligning contigs to the reference
  175 /cvmfs/soft.computecanada.ca/easybuild/software/2020/avx2/Compiler/gcc9/quast/5.0.2/lib/python3.8/site-packages/quast_libs/minimap2/minimap2 \
      -c -x asm5 -B5 -O4,16 --no-long-join -r 85 -N 50 -s 65 -z 200 --mask-level 0.9 \
      --min-occ 200 -g 2500 --score-N 2 --cs -t 1 results_hilliam/quast/quast_corrected_input/GCF_000496605.2_ASM49660v2_genomic.fna \
      results_hilliam/quast/quast_corrected_input/90_A144_contigs.fa > results_hilliam/quast/contigs_reports/minimap_output/90_A144_contigs.coords_tmp \
      2>> results_hilliam/quast/contigs_reports/contigs_report_90_A144_contigs.stderr
  169 Analysis is finished.

  176 90_C158_contigs
  176 Logging to files /scratch/mdprieto/results_hilliam/quast/contigs_reports/contigs_report_90_C158_contigs.stdout and contigs_report_90_C158_contigs.stderr...
  176 Aligning contigs to the reference
  176 /cvmfs/soft.computecanada.ca/easybuild/software/2020/avx2/Compiler/gcc9/quast/5.0.2/lib/python3.8/site-packages/quast_libs/minimap2/minimap2 \
      -c -x asm5 -B5 -O4,16 --no-long-join -r 85 -N 50 -s 65 -z 200 --mask-level 0.9 \
      --min-occ 200 -g 2500 --score-N 2 --cs -t 1 results_hilliam/quast/quast_corrected_input/GCF_000496605.2_ASM49660v2_genomic.fna \
      results_hilliam/quast/quast_corrected_input/90_C158_contigs.fa > results_hilliam/quast/contigs_reports/minimap_output/90_C158_contigs.coords_tmp \
      2>> results_hilliam/quast/contigs_reports/contigs_report_90_C158_contigs.stderr
  171 Analysis is finished.

  177 91_A147_contigs
  177 Logging to files /scratch/mdprieto/results_hilliam/quast/contigs_reports/contigs_report_91_A147_contigs.stdout and contigs_report_91_A147_contigs.stderr...
  170 Analysis is finished.

  178 91_C159_contigs
  177 Aligning contigs to the reference
  178 Logging to files /scratch/mdprieto/results_hilliam/quast/contigs_reports/contigs_report_91_C159_contigs.stdout and contigs_report_91_C159_contigs.stderr...
  178 Aligning contigs to the reference
  177 /cvmfs/soft.computecanada.ca/easybuild/software/2020/avx2/Compiler/gcc9/quast/5.0.2/lib/python3.8/site-packages/quast_libs/minimap2/minimap2 \
      -c -x asm5 -B5 -O4,16 --no-long-join -r 85 -N 50 -s 65 -z 200 --mask-level 0.9 \
      --min-occ 200 -g 2500 --score-N 2 --cs -t 1 results_hilliam/quast/quast_corrected_input/GCF_000496605.2_ASM49660v2_genomic.fna \
      results_hilliam/quast/quast_corrected_input/91_A147_contigs.fa > results_hilliam/quast/contigs_reports/minimap_output/91_A147_contigs.coords_tmp \
      2>> results_hilliam/quast/contigs_reports/contigs_report_91_A147_contigs.stderr
  178 /cvmfs/soft.computecanada.ca/easybuild/software/2020/avx2/Compiler/gcc9/quast/5.0.2/lib/python3.8/site-packages/quast_libs/minimap2/minimap2 \
      -c -x asm5 -B5 -O4,16 --no-long-join -r 85 -N 50 -s 65 -z 200 --mask-level 0.9 \
      --min-occ 200 -g 2500 --score-N 2 --cs -t 1 results_hilliam/quast/quast_corrected_input/GCF_000496605.2_ASM49660v2_genomic.fna \
      results_hilliam/quast/quast_corrected_input/91_C159_contigs.fa > results_hilliam/quast/contigs_reports/minimap_output/91_C159_contigs.coords_tmp \
      2>> results_hilliam/quast/contigs_reports/contigs_report_91_C159_contigs.stderr
  172 Analysis is finished.

  179 92_A148_contigs
  179 Logging to files /scratch/mdprieto/results_hilliam/quast/contigs_reports/contigs_report_92_A148_contigs.stdout and contigs_report_92_A148_contigs.stderr...
  179 Aligning contigs to the reference
  173 Analysis is finished.

  180 92_C160_contigs
  180 Logging to files /scratch/mdprieto/results_hilliam/quast/contigs_reports/contigs_report_92_C160_contigs.stdout and contigs_report_92_C160_contigs.stderr...
  180 Aligning contigs to the reference
  179 /cvmfs/soft.computecanada.ca/easybuild/software/2020/avx2/Compiler/gcc9/quast/5.0.2/lib/python3.8/site-packages/quast_libs/minimap2/minimap2 \
      -c -x asm5 -B5 -O4,16 --no-long-join -r 85 -N 50 -s 65 -z 200 --mask-level 0.9 \
      --min-occ 200 -g 2500 --score-N 2 --cs -t 1 results_hilliam/quast/quast_corrected_input/GCF_000496605.2_ASM49660v2_genomic.fna \
      results_hilliam/quast/quast_corrected_input/92_A148_contigs.fa > results_hilliam/quast/contigs_reports/minimap_output/92_A148_contigs.coords_tmp \
      2>> results_hilliam/quast/contigs_reports/contigs_report_92_A148_contigs.stderr
  180 /cvmfs/soft.computecanada.ca/easybuild/software/2020/avx2/Compiler/gcc9/quast/5.0.2/lib/python3.8/site-packages/quast_libs/minimap2/minimap2 \
      -c -x asm5 -B5 -O4,16 --no-long-join -r 85 -N 50 -s 65 -z 200 --mask-level 0.9 \
      --min-occ 200 -g 2500 --score-N 2 --cs -t 1 results_hilliam/quast/quast_corrected_input/GCF_000496605.2_ASM49660v2_genomic.fna \
      results_hilliam/quast/quast_corrected_input/92_C160_contigs.fa > results_hilliam/quast/contigs_reports/minimap_output/92_C160_contigs.coords_tmp \
      2>> results_hilliam/quast/contigs_reports/contigs_report_92_C160_contigs.stderr
  174 Analysis is finished.

  181 93_A151_contigs
  181 Logging to files /scratch/mdprieto/results_hilliam/quast/contigs_reports/contigs_report_93_A151_contigs.stdout and contigs_report_93_A151_contigs.stderr...
  181 Aligning contigs to the reference
  181 /cvmfs/soft.computecanada.ca/easybuild/software/2020/avx2/Compiler/gcc9/quast/5.0.2/lib/python3.8/site-packages/quast_libs/minimap2/minimap2 \
      -c -x asm5 -B5 -O4,16 --no-long-join -r 85 -N 50 -s 65 -z 200 --mask-level 0.9 \
      --min-occ 200 -g 2500 --score-N 2 --cs -t 1 results_hilliam/quast/quast_corrected_input/GCF_000496605.2_ASM49660v2_genomic.fna \
      results_hilliam/quast/quast_corrected_input/93_A151_contigs.fa > results_hilliam/quast/contigs_reports/minimap_output/93_A151_contigs.coords_tmp \
      2>> results_hilliam/quast/contigs_reports/contigs_report_93_A151_contigs.stderr
  175 Analysis is finished.

  182 93_C161_contigs
  182 Logging to files /scratch/mdprieto/results_hilliam/quast/contigs_reports/contigs_report_93_C161_contigs.stdout and contigs_report_93_C161_contigs.stderr...
  182 Aligning contigs to the reference
  182 /cvmfs/soft.computecanada.ca/easybuild/software/2020/avx2/Compiler/gcc9/quast/5.0.2/lib/python3.8/site-packages/quast_libs/minimap2/minimap2 \
      -c -x asm5 -B5 -O4,16 --no-long-join -r 85 -N 50 -s 65 -z 200 --mask-level 0.9 \
      --min-occ 200 -g 2500 --score-N 2 --cs -t 1 results_hilliam/quast/quast_corrected_input/GCF_000496605.2_ASM49660v2_genomic.fna \
      results_hilliam/quast/quast_corrected_input/93_C161_contigs.fa > results_hilliam/quast/contigs_reports/minimap_output/93_C161_contigs.coords_tmp \
      2>> results_hilliam/quast/contigs_reports/contigs_report_93_C161_contigs.stderr
  176 Analysis is finished.

  183 94_A154_contigs
  183 Logging to files /scratch/mdprieto/results_hilliam/quast/contigs_reports/contigs_report_94_A154_contigs.stdout and contigs_report_94_A154_contigs.stderr...
  183 Aligning contigs to the reference
  183 /cvmfs/soft.computecanada.ca/easybuild/software/2020/avx2/Compiler/gcc9/quast/5.0.2/lib/python3.8/site-packages/quast_libs/minimap2/minimap2 \
      -c -x asm5 -B5 -O4,16 --no-long-join -r 85 -N 50 -s 65 -z 200 --mask-level 0.9 \
      --min-occ 200 -g 2500 --score-N 2 --cs -t 1 results_hilliam/quast/quast_corrected_input/GCF_000496605.2_ASM49660v2_genomic.fna \
      results_hilliam/quast/quast_corrected_input/94_A154_contigs.fa > results_hilliam/quast/contigs_reports/minimap_output/94_A154_contigs.coords_tmp \
      2>> results_hilliam/quast/contigs_reports/contigs_report_94_A154_contigs.stderr
  178 Analysis is finished.

  184 94_C164_contigs
  184 Logging to files /scratch/mdprieto/results_hilliam/quast/contigs_reports/contigs_report_94_C164_contigs.stdout and contigs_report_94_C164_contigs.stderr...
  184 Aligning contigs to the reference
  177 Analysis is finished.

  185 95_A156_contigs
  185 Logging to files /scratch/mdprieto/results_hilliam/quast/contigs_reports/contigs_report_95_A156_contigs.stdout and contigs_report_95_A156_contigs.stderr...
  185 Aligning contigs to the reference
  184 /cvmfs/soft.computecanada.ca/easybuild/software/2020/avx2/Compiler/gcc9/quast/5.0.2/lib/python3.8/site-packages/quast_libs/minimap2/minimap2 \
      -c -x asm5 -B5 -O4,16 --no-long-join -r 85 -N 50 -s 65 -z 200 --mask-level 0.9 \
      --min-occ 200 -g 2500 --score-N 2 --cs -t 1 results_hilliam/quast/quast_corrected_input/GCF_000496605.2_ASM49660v2_genomic.fna \
      results_hilliam/quast/quast_corrected_input/94_C164_contigs.fa > results_hilliam/quast/contigs_reports/minimap_output/94_C164_contigs.coords_tmp \
      2>> results_hilliam/quast/contigs_reports/contigs_report_94_C164_contigs.stderr
  185 /cvmfs/soft.computecanada.ca/easybuild/software/2020/avx2/Compiler/gcc9/quast/5.0.2/lib/python3.8/site-packages/quast_libs/minimap2/minimap2 \
      -c -x asm5 -B5 -O4,16 --no-long-join -r 85 -N 50 -s 65 -z 200 --mask-level 0.9 \
      --min-occ 200 -g 2500 --score-N 2 --cs -t 1 results_hilliam/quast/quast_corrected_input/GCF_000496605.2_ASM49660v2_genomic.fna \
      results_hilliam/quast/quast_corrected_input/95_A156_contigs.fa > results_hilliam/quast/contigs_reports/minimap_output/95_A156_contigs.coords_tmp \
      2>> results_hilliam/quast/contigs_reports/contigs_report_95_A156_contigs.stderr
  180 Analysis is finished.

  186 95_C167_contigs
  186 Logging to files /scratch/mdprieto/results_hilliam/quast/contigs_reports/contigs_report_95_C167_contigs.stdout and contigs_report_95_C167_contigs.stderr...
  186 Aligning contigs to the reference
  186 /cvmfs/soft.computecanada.ca/easybuild/software/2020/avx2/Compiler/gcc9/quast/5.0.2/lib/python3.8/site-packages/quast_libs/minimap2/minimap2 \
      -c -x asm5 -B5 -O4,16 --no-long-join -r 85 -N 50 -s 65 -z 200 --mask-level 0.9 \
      --min-occ 200 -g 2500 --score-N 2 --cs -t 1 results_hilliam/quast/quast_corrected_input/GCF_000496605.2_ASM49660v2_genomic.fna \
      results_hilliam/quast/quast_corrected_input/95_C167_contigs.fa > results_hilliam/quast/contigs_reports/minimap_output/95_C167_contigs.coords_tmp \
      2>> results_hilliam/quast/contigs_reports/contigs_report_95_C167_contigs.stderr
  181 Analysis is finished.

  187 96_A163_contigs
  187 Logging to files /scratch/mdprieto/results_hilliam/quast/contigs_reports/contigs_report_96_A163_contigs.stdout and contigs_report_96_A163_contigs.stderr...
  187 Aligning contigs to the reference
  187 /cvmfs/soft.computecanada.ca/easybuild/software/2020/avx2/Compiler/gcc9/quast/5.0.2/lib/python3.8/site-packages/quast_libs/minimap2/minimap2 \
      -c -x asm5 -B5 -O4,16 --no-long-join -r 85 -N 50 -s 65 -z 200 --mask-level 0.9 \
      --min-occ 200 -g 2500 --score-N 2 --cs -t 1 results_hilliam/quast/quast_corrected_input/GCF_000496605.2_ASM49660v2_genomic.fna \
      results_hilliam/quast/quast_corrected_input/96_A163_contigs.fa > results_hilliam/quast/contigs_reports/minimap_output/96_A163_contigs.coords_tmp \
      2>> results_hilliam/quast/contigs_reports/contigs_report_96_A163_contigs.stderr
  179 Analysis is finished.

  188 96_C168_contigs
  188 Logging to files /scratch/mdprieto/results_hilliam/quast/contigs_reports/contigs_report_96_C168_contigs.stdout and contigs_report_96_C168_contigs.stderr...
  188 Aligning contigs to the reference
  188 /cvmfs/soft.computecanada.ca/easybuild/software/2020/avx2/Compiler/gcc9/quast/5.0.2/lib/python3.8/site-packages/quast_libs/minimap2/minimap2 \
      -c -x asm5 -B5 -O4,16 --no-long-join -r 85 -N 50 -s 65 -z 200 --mask-level 0.9 \
      --min-occ 200 -g 2500 --score-N 2 --cs -t 1 results_hilliam/quast/quast_corrected_input/GCF_000496605.2_ASM49660v2_genomic.fna \
      results_hilliam/quast/quast_corrected_input/96_C168_contigs.fa > results_hilliam/quast/contigs_reports/minimap_output/96_C168_contigs.coords_tmp \
      2>> results_hilliam/quast/contigs_reports/contigs_report_96_C168_contigs.stderr
  182 Analysis is finished.

  189 9_C17_contigs
  189 Logging to files /scratch/mdprieto/results_hilliam/quast/contigs_reports/contigs_report_9_C17_contigs.stdout and contigs_report_9_C17_contigs.stderr...
  189 Aligning contigs to the reference
  189 /cvmfs/soft.computecanada.ca/easybuild/software/2020/avx2/Compiler/gcc9/quast/5.0.2/lib/python3.8/site-packages/quast_libs/minimap2/minimap2 \
      -c -x asm5 -B5 -O4,16 --no-long-join -r 85 -N 50 -s 65 -z 200 --mask-level 0.9 \
      --min-occ 200 -g 2500 --score-N 2 --cs -t 1 results_hilliam/quast/quast_corrected_input/GCF_000496605.2_ASM49660v2_genomic.fna \
      results_hilliam/quast/quast_corrected_input/9_C17_contigs.fa > results_hilliam/quast/contigs_reports/minimap_output/9_C17_contigs.coords_tmp \
      2>> results_hilliam/quast/contigs_reports/contigs_report_9_C17_contigs.stderr
  183 Analysis is finished.

  190 9_C91_contigs
  190 Logging to files /scratch/mdprieto/results_hilliam/quast/contigs_reports/contigs_report_9_C91_contigs.stdout and contigs_report_9_C91_contigs.stderr...
  190 Aligning contigs to the reference
  190 /cvmfs/soft.computecanada.ca/easybuild/software/2020/avx2/Compiler/gcc9/quast/5.0.2/lib/python3.8/site-packages/quast_libs/minimap2/minimap2 \
      -c -x asm5 -B5 -O4,16 --no-long-join -r 85 -N 50 -s 65 -z 200 --mask-level 0.9 \
      --min-occ 200 -g 2500 --score-N 2 --cs -t 1 results_hilliam/quast/quast_corrected_input/GCF_000496605.2_ASM49660v2_genomic.fna \
      results_hilliam/quast/quast_corrected_input/9_C91_contigs.fa > results_hilliam/quast/contigs_reports/minimap_output/9_C91_contigs.coords_tmp \
      2>> results_hilliam/quast/contigs_reports/contigs_report_9_C91_contigs.stderr
  185 Analysis is finished.

  184 Analysis is finished.

  187 Analysis is finished.

  186 Analysis is finished.

  188 Analysis is finished.

  189 Analysis is finished.

  190 Analysis is finished.

  Creating total report...
    saved to /scratch/mdprieto/results_hilliam/quast/contigs_reports/misassemblies_report.txt, misassemblies_report.tsv, and misassemblies_report.tex
  Transposed version of total report...
    saved to /scratch/mdprieto/results_hilliam/quast/contigs_reports/transposed_report_misassemblies.txt, transposed_report_misassemblies.tsv, and transposed_report_misassemblies.tex
  Creating total report...
    saved to /scratch/mdprieto/results_hilliam/quast/contigs_reports/unaligned_report.txt, unaligned_report.tsv, and unaligned_report.tex
  Drawing misassemblies by types plot...
    saved to /scratch/mdprieto/results_hilliam/quast/contigs_reports/misassemblies_plot.pdf
  Drawing misassemblies FRCurve plot...
    saved to /scratch/mdprieto/results_hilliam/quast/contigs_reports/misassemblies_frcurve_plot.pdf
Done.

2022-08-03 14:59:40
Running NA-NGA calculation...
  1  10_C21_contigs, Largest alignment = 306592, NA50 = 92785, NGA50 = 92785, LA50 = 19, LGA50 = 19
  2  10_C92_contigs, Largest alignment = 339298, NA50 = 102414, NGA50 = 116935, LA50 = 19, LGA50 = 16
  3  11_C145_contigs, Largest alignment = 317067, NA50 = 88807, NGA50 = 92014, LA50 = 22, LGA50 = 20
  4  11_C22_contigs, Largest alignment = 306592, NA50 = 84588, NGA50 = 90788, LA50 = 22, LGA50 = 21
  5  12_C147_contigs, Largest alignment = 302991, NA50 = 108905, NGA50 = 118862, LA50 = 19, LGA50 = 18
  6  12_C31_contigs, Largest alignment = 158923, NA50 = 32078, NGA50 = 33431, LA50 = 67, LGA50 = 61
  7  13_C149_contigs, Largest alignment = 403398, NA50 = 125155, NGA50 = 126219, LA50 = 17, LGA50 = 16
  8  13_C32_contigs, Largest alignment = 207085, NA50 = 57544, NGA50 = 60575, LA50 = 34, LGA50 = 31
  9  14_C33_contigs, Largest alignment = 277211, NA50 = 98210, NGA50 = 102916, LA50 = 21, LGA50 = 19
  10 14_C94_contigs, Largest alignment = 362093, NA50 = 124947, NGA50 = 136717, LA50 = 16, LGA50 = 15
  11 15_C44_contigs, Largest alignment = 136841, NA50 = 48705, NGA50 = 48705, LA50 = 42, LGA50 = 42
  12 15_C96_contigs, Largest alignment = 317067, NA50 = 92014, NGA50 = 94275, LA50 = 22, LGA50 = 20
  13 16_C100_contigs, Largest alignment = 411948, NA50 = 128103, NGA50 = 128103, LA50 = 16, LGA50 = 16
  14 16_C45_contigs, Largest alignment = 127530, NA50 = 49667, NGA50 = 49667, LA50 = 43, LGA50 = 43
  15 17_C102_contigs, Largest alignment = 341358, NA50 = 130878, NGA50 = 130878, LA50 = 15, LGA50 = 15
  16 17_C64_contigs, Largest alignment = 370587, NA50 = 165018, NGA50 = 165018, LA50 = 13, LGA50 = 13
  17 18_C119_contigs, Largest alignment = 272772, NA50 = 68260, NGA50 = 68320, LA50 = 27, LGA50 = 26
  18 18_C65_contigs, Largest alignment = 383298, NA50 = 121815, NGA50 = 117600, LA50 = 16, LGA50 = 17
  19 19_C120_contigs, Largest alignment = 384708, NA50 = 100381, NGA50 = 107076, LA50 = 19, LGA50 = 18
  20 19_C67_contigs, Largest alignment = 411527, NA50 = 152984, NGA50 = 152984, LA50 = 14, LGA50 = 14
  21 1_C3_contigs, Largest alignment = 131764, NA50 = 31818, NGA50 = 31631, LA50 = 62, LGA50 = 63
  22 20_C123_contigs, Largest alignment = 303184, NA50 = 107825, NGA50 = 110297, LA50 = 19, LGA50 = 18
  23 20_C68_contigs, Largest alignment = 391170, NA50 = 169485, NGA50 = 169485, LA50 = 12, LGA50 = 12
  24 21_C124_contigs, Largest alignment = 260342, NA50 = 47523, NGA50 = 63402, LA50 = 43, LGA50 = 30
  25 21_C78_contigs, Largest alignment = 425093, NA50 = 157464, NGA50 = 156284, LA50 = 13, LGA50 = 14
  26 22_C128_contigs, Largest alignment = 421912, NA50 = 121811, NGA50 = 127510, LA50 = 16, LGA50 = 15
  27 22_C79_contigs, Largest alignment = 286418, NA50 = 95370, NGA50 = 103754, LA50 = 21, LGA50 = 19
  28 23_C131_contigs, Largest alignment = 317066, NA50 = 92014, NGA50 = 102431, LA50 = 23, LGA50 = 21
  29 23_C80_contigs, Largest alignment = 286422, NA50 = 93032, NGA50 = 95369, LA50 = 23, LGA50 = 21
  30 24_C133_contigs, Largest alignment = 317068, NA50 = 102586, NGA50 = 104525, LA50 = 20, LGA50 = 19
  31 24_C81_contigs, Largest alignment = 217829, NA50 = 59000, NGA50 = 63817, LA50 = 37, LGA50 = 35
  32 25_C134_contigs, Largest alignment = 317068, NA50 = 92789, NGA50 = 102433, LA50 = 21, LGA50 = 20
  33 25_C83_contigs, Largest alignment = 230750, NA50 = 68124, NGA50 = 69514, LA50 = 30, LGA50 = 28
  34 26_A1_contigs, Largest alignment = 486217, NA50 = 115912, NGA50 = 126419, LA50 = 17, LGA50 = 15
  35 26_C84_contigs, Largest alignment = 286422, NA50 = 93032, NGA50 = 96634, LA50 = 22, LGA50 = 20
  36 27_A2_contigs, Largest alignment = 341201, NA50 = 94425, NGA50 = 100301, LA50 = 20, LGA50 = 19
  37 27_C85_contigs, Largest alignment = 365763, NA50 = 106748, NGA50 = 108875, LA50 = 20, LGA50 = 19
  38 28_A12_contigs, Largest alignment = 370322, NA50 = 98450, NGA50 = 103714, LA50 = 20, LGA50 = 19
  39 28_C87_contigs, Largest alignment = 247842, NA50 = 72569, NGA50 = 84461, LA50 = 25, LGA50 = 24
  40 29_A19_contigs, Largest alignment = 382864, NA50 = 81414, NGA50 = 81414, LA50 = 22, LGA50 = 22
  41 29_C95_contigs, Largest alignment = 317067, NA50 = 70596, NGA50 = 87856, LA50 = 26, LGA50 = 22
  42 2_C155_contigs, Largest alignment = 409699, NA50 = 164488, NGA50 = 160610, LA50 = 12, LGA50 = 13
  43 2_C4_contigs, Largest alignment = 255428, NA50 = 67424, NGA50 = 63816, LA50 = 28, LGA50 = 31
  44 30_A36_contigs, Largest alignment = 308422, NA50 = 138093, NGA50 = 138093, LA50 = 16, LGA50 = 16
  45 30_C97_contigs, Largest alignment = 317217, NA50 = 92014, NGA50 = 102431, LA50 = 24, LGA50 = 21
  46 31_C55_contigs, Largest alignment = 376812, NA50 = 157236, NGA50 = 157236, LA50 = 15, LGA50 = 15
  47 31_C98_contigs, Largest alignment = 317067, NA50 = 88807, NGA50 = 93856, LA50 = 24, LGA50 = 20
  48 32_C56_contigs, Largest alignment = 376812, NA50 = 157423, NGA50 = 157423, LA50 = 15, LGA50 = 15
  49 32_C99_contigs, Largest alignment = 317067, NA50 = 88807, NGA50 = 92789, LA50 = 24, LGA50 = 21
  50 33_C101_contigs, Largest alignment = 341103, NA50 = 124809, NGA50 = 114348, LA50 = 17, LGA50 = 18
  51 33_C57_contigs, Largest alignment = 346646, NA50 = 157235, NGA50 = 157235, LA50 = 15, LGA50 = 15
  52 34_C103_contigs, Largest alignment = 339650, NA50 = 126436, NGA50 = 112153, LA50 = 16, LGA50 = 17
  53 34_C58_contigs, Largest alignment = 376812, NA50 = 157424, NGA50 = 157236, LA50 = 14, LGA50 = 15
  54 35_C106_contigs, Largest alignment = 300083, NA50 = 78014, NGA50 = 89730, LA50 = 25, LGA50 = 21
  55 35_C59_contigs, Largest alignment = 466678, NA50 = 164182, NGA50 = 164182, LA50 = 13, LGA50 = 13
  56 36_C108_contigs, Largest alignment = 183521, NA50 = 32151, NGA50 = 36440, LA50 = 58, LGA50 = 51
  57 36_C60_contigs, Largest alignment = 376812, NA50 = 143207, NGA50 = 143207, LA50 = 15, LGA50 = 15
  58 37_C115_contigs, Largest alignment = 274819, NA50 = 68338, NGA50 = 74929, LA50 = 31, LGA50 = 28
  59 37_C61_contigs, Largest alignment = 301406, NA50 = 90333, NGA50 = 92202, LA50 = 24, LGA50 = 23
  60 38_B3_contigs, Largest alignment = 315520, NA50 = 130123, NGA50 = 130123, LA50 = 17, LGA50 = 17
  61 38_C116_contigs, Largest alignment = 429980, NA50 = 171732, NGA50 = 168643, LA50 = 13, LGA50 = 14
  62 39_B16_contigs, Largest alignment = 338684, NA50 = 102436, NGA50 = 102436, LA50 = 20, LGA50 = 20
  63 39_C118_contigs, Largest alignment = 563622, NA50 = 184609, NGA50 = 184609, LA50 = 12, LGA50 = 12
  64 3_C76_contigs, Largest alignment = 286512, NA50 = 84586, NGA50 = 90275, LA50 = 24, LGA50 = 21
  65 3_C8_contigs, Largest alignment = 218038, NA50 = 33936, NGA50 = 35389, LA50 = 49, LGA50 = 47
  66 40_B34_contigs, Largest alignment = 334187, NA50 = 101171, NGA50 = 106544, LA50 = 20, LGA50 = 18
  67 40_C125_contigs, Largest alignment = 316379, NA50 = 102431, NGA50 = 102431, LA50 = 20, LGA50 = 20
  68 41_B37_contigs, Largest alignment = 376141, NA50 = 117363, NGA50 = 117363, LA50 = 16, LGA50 = 16
  69 41_C126_contigs, Largest alignment = 55410, NA50 = 2555, NGA50 = 3072, LA50 = 712, LGA50 = 553
  70 42_B62_contigs, Largest alignment = 411742, NA50 = 164147, NGA50 = 164147, LA50 = 14, LGA50 = 14
  71 42_C127_contigs, Largest alignment = 293143, NA50 = 121811, NGA50 = 127512, LA50 = 17, LGA50 = 16
  72 43_B113_contigs, Largest alignment = 400323, NA50 = 81854, NGA50 = 79263, LA50 = 22, LGA50 = 23
  73 43_C129_contigs, Largest alignment = 504654, NA50 = 160052, NGA50 = 159102, LA50 = 11, LGA50 = 12
  74 44_B114_contigs, Largest alignment = 501787, NA50 = 119694, NGA50 = 117671, LA50 = 14, LGA50 = 15
  75 44_C143_contigs, Largest alignment = 30938, NA50 = 1341, NGA50 = 1592, LA50 = 1647, LGA50 = 1232
  76 45_B191_contigs, Largest alignment = 385037, NA50 = 114310, NGA50 = 114286, LA50 = 15, LGA50 = 16
  77 45_C144_contigs, Largest alignment = 286483, NA50 = 58530, NGA50 = 73130, LA50 = 34, LGA50 = 26
  78 46_B199_contigs, Largest alignment = 286712, NA50 = 85759, NGA50 = 86572, LA50 = 23, LGA50 = 22
  79 46_C146_contigs, Largest alignment = 362092, NA50 = 118862, NGA50 = 124136, LA50 = 18, LGA50 = 16
  80 47_C148_contigs, Largest alignment = 362092, NA50 = 108905, NGA50 = 124019, LA50 = 18, LGA50 = 16
  81 47_C63_contigs, Largest alignment = 301830, NA50 = 112839, NGA50 = 114570, LA50 = 17, LGA50 = 16
  82 48_A3_contigs, Largest alignment = 259030, NA50 = 94256, NGA50 = 99531, LA50 = 24, LGA50 = 23
  83 48_C66_contigs, Largest alignment = 411521, NA50 = 169485, NGA50 = 169485, LA50 = 12, LGA50 = 12
  84 49_A4_contigs, Largest alignment = 200996, NA50 = 76450, NGA50 = 84712, LA50 = 27, LGA50 = 26
  85 49_C69_contigs, Largest alignment = 315415, NA50 = 138999, NGA50 = 125290, LA50 = 14, LGA50 = 15
  86 4_C10_contigs, Largest alignment = 28944, NA50 = 6121, NGA50 = 5965, LA50 = 302, LGA50 = 318
  87 4_C77_contigs, Largest alignment = 388114, NA50 = 99284, NGA50 = 103595, LA50 = 22, LGA50 = 21
  88 50_A5_contigs, Largest alignment = 339315, NA50 = 102400, NGA50 = 103802, LA50 = 20, LGA50 = 19
  89 50_C23_contigs, Largest alignment = 306592, NA50 = 90084, NGA50 = 90811, LA50 = 21, LGA50 = 20
  90 51_A46_contigs, Largest alignment = 357805, NA50 = 115911, NGA50 = 133324, LA50 = 18, LGA50 = 16
  91 51_C25_contigs, Largest alignment = 317055, NA50 = 102595, NGA50 = 104525, LA50 = 20, LGA50 = 19
  92 52_A48_contigs, Largest alignment = 220899, NA50 = 89946, NGA50 = 94237, LA50 = 25, LGA50 = 23
  93 52_C29_contigs, Largest alignment = 316673, NA50 = 94068, NGA50 = 102414, LA50 = 20, LGA50 = 18
  94 53_A52_contigs, Largest alignment = 268474, NA50 = 90743, NGA50 = 94239, LA50 = 25, LGA50 = 23
  95 53_C30_contigs, Largest alignment = 316946, NA50 = 121820, NGA50 = 131947, LA50 = 17, LGA50 = 16
  96 54_A53_contigs, Largest alignment = 440048, NA50 = 104475, NGA50 = 108946, LA50 = 19, LGA50 = 17
  97 54_C36_contigs, Largest alignment = 317067, NA50 = 88807, NGA50 = 93151, LA50 = 23, LGA50 = 20
  98 55_A54_contigs, Largest alignment = 357805, NA50 = 101128, NGA50 = 102693, LA50 = 21, LGA50 = 19
  99 55_C42_contigs, Largest alignment = 375635, NA50 = 102417, NGA50 = 104194, LA50 = 21, LGA50 = 19
  100 56_A55_contigs, Largest alignment = 485951, NA50 = 115910, NGA50 = 124600, LA50 = 16, LGA50 = 14
  101 56_C43_contigs, Largest alignment = 181093, NA50 = 52769, NGA50 = 55380, LA50 = 40, LGA50 = 38
  102 57_A56_contigs, Largest alignment = 276890, NA50 = 101744, NGA50 = 104475, LA50 = 22, LGA50 = 20
  103 57_C49_contigs, Largest alignment = 296244, NA50 = 91005, NGA50 = 106170, LA50 = 24, LGA50 = 20
  104 58_A58_contigs, Largest alignment = 439618, NA50 = 97955, NGA50 = 102695, LA50 = 20, LGA50 = 18
  105 58_C51_contigs, Largest alignment = 326027, NA50 = 116222, NGA50 = 116222, LA50 = 15, LGA50 = 15
  106 59_A60_contigs, Largest alignment = 134300, NA50 = 30805, NGA50 = 31769, LA50 = 66, LGA50 = 61
  107 59_C54_contigs, Largest alignment = 244159, NA50 = 68391, NGA50 = 70590, LA50 = 30, LGA50 = 28
  108 5_C12_contigs, Largest alignment = 158955, NA50 = 33095, NGA50 = 34320, LA50 = 61, LGA50 = 55
  109 5_C82_contigs, Largest alignment = 286423, NA50 = 96634, NGA50 = 103750, LA50 = 21, LGA50 = 20
  110 60_A70_contigs, Largest alignment = 233827, NA50 = 56036, NGA50 = 60545, LA50 = 38, LGA50 = 33
  111 60_C150_contigs, Largest alignment = 317067, NA50 = 102585, NGA50 = 104525, LA50 = 20, LGA50 = 19
  112 61_A71_contigs, Largest alignment = 293559, NA50 = 56029, NGA50 = 58836, LA50 = 39, LGA50 = 36
  113 61_C151_contigs, Largest alignment = 378243, NA50 = 111784, NGA50 = 111784, LA50 = 17, LGA50 = 17
  114 62_A72_contigs, Largest alignment = 357805, NA50 = 102693, NGA50 = 108982, LA50 = 20, LGA50 = 18
  115 62_C153_contigs, Largest alignment = 277212, NA50 = 105154, NGA50 = 106857, LA50 = 22, LGA50 = 20
  116 63_A73_contigs, Largest alignment = 485981, NA50 = 108946, NGA50 = 117679, LA50 = 17, LGA50 = 15
  117 63_C71_contigs, Largest alignment = 376940, NA50 = 121809, NGA50 = 114555, LA50 = 15, LGA50 = 16
  118 64_A75_contigs, Largest alignment = 375655, NA50 = 104786, NGA50 = 110295, LA50 = 19, LGA50 = 17
  119 64_C73_contigs, Largest alignment = 376150, NA50 = 117671, NGA50 = 125700, LA50 = 16, LGA50 = 15
  120 65_A76_contigs, Largest alignment = 440387, NA50 = 104786, NGA50 = 115910, LA50 = 18, LGA50 = 16
  121 65_C74_contigs, Largest alignment = 384585, NA50 = 138384, NGA50 = 138384, LA50 = 14, LGA50 = 14
  122 66_A77_contigs, Largest alignment = 317107, NA50 = 116264, NGA50 = 118510, LA50 = 19, LGA50 = 18
  123 66_C2_contigs, Largest alignment = 317067, NA50 = 93856, NGA50 = 102431, LA50 = 21, LGA50 = 20
  124 67_A78_contigs, Largest alignment = 486370, NA50 = 100451, NGA50 = 100451, LA50 = 21, LGA50 = 21
  125 67_C5_contigs, Largest alignment = 376219, NA50 = 164398, NGA50 = 164398, LA50 = 13, LGA50 = 13
  126 68_A80_contigs, Largest alignment = 317107, NA50 = 115599, NGA50 = 118510, LA50 = 20, LGA50 = 19
  127 68_C6_contigs, Largest alignment = 303082, NA50 = 103661, NGA50 = 103661, LA50 = 19, LGA50 = 19
  128 69_A81_contigs, Largest alignment = 485275, NA50 = 109295, NGA50 = 109295, LA50 = 19, LGA50 = 19
  129 69_C7_contigs, Largest alignment = 284647, NA50 = 103661, NGA50 = 98823, LA50 = 19, LGA50 = 20
  130 6_C13_contigs, Largest alignment = 356034, NA50 = 52330, NGA50 = 52968, LA50 = 36, LGA50 = 35
  131 6_C86_contigs, Largest alignment = 387860, NA50 = 103589, NGA50 = 106317, LA50 = 21, LGA50 = 19
  132 70_A82_contigs, Largest alignment = 304813, NA50 = 108944, NGA50 = 110584, LA50 = 19, LGA50 = 18
  133 70_C9_contigs, Largest alignment = 445306, NA50 = 121834, NGA50 = 123729, LA50 = 16, LGA50 = 15
  134 71_A85_contigs, Largest alignment = 317107, NA50 = 114491, NGA50 = 114794, LA50 = 20, LGA50 = 19
  135 71_C11_contigs, Largest alignment = 410259, NA50 = 106759, NGA50 = 111140, LA50 = 19, LGA50 = 16
  136 72_A86_contigs, Largest alignment = 293119, NA50 = 90091, NGA50 = 93654, LA50 = 24, LGA50 = 22
  137 72_C16_contigs, Largest alignment = 412008, NA50 = 142635, NGA50 = 142635, LA50 = 14, LGA50 = 14
  138 73_A90_contigs, Largest alignment = 166190, NA50 = 32944, NGA50 = 33280, LA50 = 57, LGA50 = 54
  139 73_C18_contigs, Largest alignment = 320957, NA50 = 92781, NGA50 = 110236, LA50 = 20, LGA50 = 18
  140 74_A91_contigs, Largest alignment = 226100, NA50 = 73700, NGA50 = 74818, LA50 = 33, LGA50 = 31
  141 74_C20_contigs, Largest alignment = 328624, NA50 = 114413, NGA50 = 114413, LA50 = 17, LGA50 = 17
  142 75_A92_contigs, Largest alignment = 192608, NA50 = 57872, NGA50 = 60487, LA50 = 32, LGA50 = 30
  143 75_C135_contigs, Largest alignment = 311955, NA50 = 117671, NGA50 = 117671, LA50 = 15, LGA50 = 15
  144 76_A95_contigs, Largest alignment = 207745, NA50 = 76885, NGA50 = 80866, LA50 = 28, LGA50 = 26
  145 76_C137_contigs, Largest alignment = 376094, NA50 = 154625, NGA50 = 154625, LA50 = 13, LGA50 = 13
  146 77_A97_contigs, Largest alignment = 317107, NA50 = 98333, NGA50 = 103272, LA50 = 22, LGA50 = 20
  147 77_C139_contigs, Largest alignment = 375824, NA50 = 101225, NGA50 = 101225, LA50 = 18, LGA50 = 18
  148 78_A100_contigs, Largest alignment = 486370, NA50 = 122856, NGA50 = 128389, LA50 = 15, LGA50 = 14
  149 78_C141_contigs, Largest alignment = 375824, NA50 = 101011, NGA50 = 101011, LA50 = 18, LGA50 = 18
  150 79_A106_contigs, Largest alignment = 274936, NA50 = 74765, NGA50 = 79390, LA50 = 29, LGA50 = 27
  151 79_C142_contigs, Largest alignment = 316946, NA50 = 102414, NGA50 = 116935, LA50 = 20, LGA50 = 18
  152 7_C14_contigs, Largest alignment = 301831, NA50 = 55825, NGA50 = 56775, LA50 = 35, LGA50 = 33
  153 7_C88_contigs, Largest alignment = 376196, NA50 = 158976, NGA50 = 150114, LA50 = 15, LGA50 = 16
  154 80_A107_contigs, Largest alignment = 18824, NA50 = 3750, NGA50 = 3882, LA50 = 556, LGA50 = 523
  155 80_C104_contigs, Largest alignment = 362091, NA50 = 113931, NGA50 = 124751, LA50 = 18, LGA50 = 16
  156 81_A119_contigs, Largest alignment = 376480, NA50 = 63401, NGA50 = 67128, LA50 = 31, LGA50 = 29
  157 81_C105_contigs, Largest alignment = 402572, NA50 = 156284, NGA50 = 156284, LA50 = 14, LGA50 = 14
  158 82_A122_contigs, Largest alignment = 376847, NA50 = 57906, NGA50 = 59396, LA50 = 33, LGA50 = 31
  159 82_C107_contigs, Largest alignment = 320670, NA50 = 103760, NGA50 = 106187, LA50 = 19, LGA50 = 18
  160 83_A123_contigs, Largest alignment = 376577, NA50 = 68295, NGA50 = 69440, LA50 = 30, LGA50 = 29
  161 83_C109_contigs, Largest alignment = 339240, NA50 = 126502, NGA50 = 121834, LA50 = 15, LGA50 = 16
  162 84_A126_contigs, Largest alignment = 139790, NA50 = 27275, NGA50 = 28110, LA50 = 65, LGA50 = 62
  163 84_C110_contigs, Largest alignment = 452438, NA50 = 108877, NGA50 = 109475, LA50 = 18, LGA50 = 17
  164 85_A130_contigs, Largest alignment = 85803, NA50 = 17313, NGA50 = 17423, LA50 = 101, LGA50 = 98
  165 85_C111_contigs, Largest alignment = 388492, NA50 = 105957, NGA50 = 106544, LA50 = 20, LGA50 = 19
  166 86_A134_contigs, Largest alignment = 210562, NA50 = 33276, NGA50 = 33629, LA50 = 53, LGA50 = 51
  167 86_C112_contigs, Largest alignment = 276986, NA50 = 106544, NGA50 = 109189, LA50 = 21, LGA50 = 19
  168 87_A137_contigs, Largest alignment = 376480, NA50 = 70596, NGA50 = 73799, LA50 = 27, LGA50 = 25
  169 87_C114_contigs, Largest alignment = 302239, NA50 = 110432, NGA50 = 124751, LA50 = 18, LGA50 = 16
  170 88_C117_contigs, Largest alignment = 387345, NA50 = 171773, NGA50 = 164002, LA50 = 12, LGA50 = 13
  171 89_A141_contigs, Largest alignment = 217264, NA50 = 41832, NGA50 = 43566, LA50 = 47, LGA50 = 45
  172 89_C156_contigs, Largest alignment = 500986, NA50 = 154619, NGA50 = 154619, LA50 = 13, LGA50 = 13
  173 8_C15_contigs, Largest alignment = 412073, NA50 = 114392, NGA50 = 114392, LA50 = 16, LGA50 = 16
  174 8_C89_contigs, Largest alignment = 403422, NA50 = 158969, NGA50 = 155952, LA50 = 12, LGA50 = 13
  175 90_A144_contigs, Largest alignment = 330853, NA50 = 71625, NGA50 = 73799, LA50 = 27, LGA50 = 26
  176 90_C158_contigs, Largest alignment = 302658, NA50 = 98450, NGA50 = 106614, LA50 = 22, LGA50 = 19
  177 91_A147_contigs, Largest alignment = 220494, NA50 = 66864, NGA50 = 69440, LA50 = 32, LGA50 = 30
  178 91_C159_contigs, Largest alignment = 376235, NA50 = 142650, NGA50 = 154613, LA50 = 14, LGA50 = 13
  179 92_A148_contigs, Largest alignment = 376480, NA50 = 45277, NGA50 = 45649, LA50 = 41, LGA50 = 39
  180 92_C160_contigs, Largest alignment = 331410, NA50 = 117876, NGA50 = 117876, LA50 = 16, LGA50 = 16
  181 93_A151_contigs, Largest alignment = 217880, NA50 = 41795, NGA50 = 44036, LA50 = 46, LGA50 = 44
  182 93_C161_contigs, Largest alignment = 293066, NA50 = 114721, NGA50 = 114721, LA50 = 16, LGA50 = 16
  183 94_A154_contigs, Largest alignment = 197716, NA50 = 35121, NGA50 = 36491, LA50 = 49, LGA50 = 47
  184 94_C164_contigs, Largest alignment = 375724, NA50 = 109392, NGA50 = 104610, LA50 = 18, LGA50 = 19
  185 95_A156_contigs, Largest alignment = 172243, NA50 = 41794, NGA50 = 44036, LA50 = 45, LGA50 = 43
  186 95_C167_contigs, Largest alignment = 376022, NA50 = 91694, NGA50 = 91694, LA50 = 18, LGA50 = 18
  187 96_A163_contigs, Largest alignment = 99052, NA50 = 14254, NGA50 = 13323, LA50 = 122, LGA50 = 135
  188 96_C168_contigs, Largest alignment = 486211, NA50 = 117679, NGA50 = 126645, LA50 = 17, LGA50 = 15
  189 9_C17_contigs, Largest alignment = 412071, NA50 = 121803, NGA50 = 142635, LA50 = 15, LGA50 = 14
  190 9_C91_contigs, Largest alignment = 317067, NA50 = 92820, NGA50 = 102431, LA50 = 21, LGA50 = 20
  Drawing cumulative plot...
    saved to /scratch/mdprieto/results_hilliam/quast/aligned_stats/cumulative_plot.pdf
  Drawing NAx plot...
    saved to /scratch/mdprieto/results_hilliam/quast/aligned_stats/NAx_plot.pdf
  Drawing NGAx plot...
    saved to /scratch/mdprieto/results_hilliam/quast/aligned_stats/NGAx_plot.pdf
Done.

2022-08-03 15:01:04
Running Genome analyzer...
  NOTICE: No file with operons were provided. Use the -O option if you want to specify it.
  Loaded 6393 genomic features of type "ANY"
  1  10_C21_contigs
  2  10_C92_contigs
  3  11_C145_contigs
  4  11_C22_contigs
  5  12_C147_contigs
  6  12_C31_contigs
  7  13_C149_contigs
  1  Analysis is finished.
  8  13_C32_contigs
  2  Analysis is finished.
  4  Analysis is finished.
  9  14_C33_contigs
  5  Analysis is finished.
  10 14_C94_contigs
  7  Analysis is finished.
  11 15_C44_contigs
  12 15_C96_contigs
  3  Analysis is finished.
  6  Analysis is finished.
  13 16_C100_contigs
  14 16_C45_contigs
  8  Analysis is finished.
  15 17_C102_contigs
  9  Analysis is finished.
  11 Analysis is finished.
  16 17_C64_contigs
  17 18_C119_contigs
  14 Analysis is finished.
  18 18_C65_contigs
  10 Analysis is finished.
  13 Analysis is finished.
  19 19_C120_contigs
  20 19_C67_contigs
  12 Analysis is finished.
  21 1_C3_contigs
  16 Analysis is finished.
  22 20_C123_contigs
  17 Analysis is finished.
  23 20_C68_contigs
  19 Analysis is finished.
  15 Analysis is finished.
  24 21_C124_contigs
  25 21_C78_contigs
  20 Analysis is finished.
  26 22_C128_contigs
  18 Analysis is finished.
  27 22_C79_contigs
  21 Analysis is finished.
  28 23_C131_contigs
  22 Analysis is finished.
  29 23_C80_contigs
  23 Analysis is finished.
  30 24_C133_contigs
  25 Analysis is finished.
  26 Analysis is finished.
  24 Analysis is finished.
  31 24_C81_contigs
  32 25_C134_contigs
  33 25_C83_contigs
  27 Analysis is finished.
  34 26_A1_contigs
  28 Analysis is finished.
  35 26_C84_contigs
  29 Analysis is finished.
  36 27_A2_contigs
  30 Analysis is finished.
  37 27_C85_contigs
  31 Analysis is finished.
  33 Analysis is finished.
  38 28_A12_contigs
  39 28_C87_contigs
  32 Analysis is finished.
  40 29_A19_contigs
  34 Analysis is finished.
  41 29_C95_contigs
  35 Analysis is finished.
  42 2_C155_contigs
  36 Analysis is finished.
  43 2_C4_contigs
  38 Analysis is finished.
  39 Analysis is finished.
  44 30_A36_contigs
  37 Analysis is finished.
  45 30_C97_contigs
  46 31_C55_contigs
  40 Analysis is finished.
  47 31_C98_contigs
  41 Analysis is finished.
  48 32_C56_contigs
  42 Analysis is finished.
  49 32_C99_contigs
  43 Analysis is finished.
  50 33_C101_contigs
  45 Analysis is finished.
  51 33_C57_contigs
  46 Analysis is finished.
  52 34_C103_contigs
  47 Analysis is finished.
  53 34_C58_contigs
  48 Analysis is finished.
  54 35_C106_contigs
  49 Analysis is finished.
  55 35_C59_contigs
  44 Analysis is finished.
  56 36_C108_contigs
  50 Analysis is finished.
  57 36_C60_contigs
  51 Analysis is finished.
  58 37_C115_contigs
  52 Analysis is finished.
  59 37_C61_contigs
  53 Analysis is finished.
  60 38_B3_contigs
  55 Analysis is finished.
  61 38_C116_contigs
  56 Analysis is finished.
  54 Analysis is finished.
  62 39_B16_contigs
  63 39_C118_contigs
  57 Analysis is finished.
  64 3_C76_contigs
  58 Analysis is finished.
  65 3_C8_contigs
  59 Analysis is finished.
  66 40_B34_contigs
  60 Analysis is finished.
  67 40_C125_contigs
  61 Analysis is finished.
  68 41_B37_contigs
  63 Analysis is finished.
  69 41_C126_contigs
  62 Analysis is finished.
  70 42_B62_contigs
  64 Analysis is finished.
  71 42_C127_contigs
  66 Analysis is finished.
  67 Analysis is finished.
  72 43_B113_contigs
  65 Analysis is finished.
  73 43_C129_contigs
  74 44_B114_contigs
  68 Analysis is finished.
  75 44_C143_contigs
  70 Analysis is finished.
  76 45_B191_contigs
  71 Analysis is finished.
  77 45_C144_contigs
  73 Analysis is finished.
  78 46_B199_contigs
  74 Analysis is finished.
  72 Analysis is finished.
  79 46_C146_contigs
  80 47_C148_contigs
  76 Analysis is finished.
  81 47_C63_contigs
  69 Analysis is finished.
  82 48_A3_contigs
  77 Analysis is finished.
  83 48_C66_contigs
  78 Analysis is finished.
  84 49_A4_contigs
  79 Analysis is finished.
  85 49_C69_contigs
  80 Analysis is finished.
  86 4_C10_contigs
  81 Analysis is finished.
  87 4_C77_contigs
  82 Analysis is finished.
  88 50_A5_contigs
  83 Analysis is finished.
  89 50_C23_contigs
  85 Analysis is finished.
  84 Analysis is finished.
  90 51_A46_contigs
  91 51_C25_contigs
  87 Analysis is finished.
  92 52_A48_contigs
  86 Analysis is finished.
  93 52_C29_contigs
  88 Analysis is finished.
  94 53_A52_contigs
  91 Analysis is finished.
  95 53_C30_contigs
  90 Analysis is finished.
  96 54_A53_contigs
  89 Analysis is finished.
  97 54_C36_contigs
  92 Analysis is finished.
  98 55_A54_contigs
  75 Analysis is finished.
  99 55_C42_contigs
  93 Analysis is finished.
  100 56_A55_contigs
  94 Analysis is finished.
  101 56_C43_contigs
  95 Analysis is finished.
  102 57_A56_contigs
  96 Analysis is finished.
  103 57_C49_contigs
  97 Analysis is finished.
  104 58_A58_contigs
  99 Analysis is finished.
  105 58_C51_contigs
  98 Analysis is finished.
  106 59_A60_contigs
  100 Analysis is finished.
  107 59_C54_contigs
  101 Analysis is finished.
  108 5_C12_contigs
  102 Analysis is finished.
  103 Analysis is finished.
  104 Analysis is finished.
  109 5_C82_contigs
  105 Analysis is finished.
  107 Analysis is finished.
  110 60_A70_contigs
  106 Analysis is finished.
  111 60_C150_contigs
  112 61_A71_contigs
  113 61_C151_contigs
  108 Analysis is finished.
  109 Analysis is finished.
  114 62_A72_contigs
  115 62_C153_contigs
  116 63_A73_contigs
  110 Analysis is finished.
  117 63_C71_contigs
  113 Analysis is finished.
  111 Analysis is finished.
  112 Analysis is finished.
  118 64_A75_contigs
  119 64_C73_contigs
  120 65_A76_contigs
  114 Analysis is finished.
  121 65_C74_contigs
  115 Analysis is finished.
  122 66_A77_contigs
  116 Analysis is finished.
  123 66_C2_contigs
  117 Analysis is finished.
  124 67_A78_contigs
  119 Analysis is finished.
  125 67_C5_contigs
  118 Analysis is finished.
  126 68_A80_contigs
  120 Analysis is finished.
  127 68_C6_contigs
  122 Analysis is finished.
  121 Analysis is finished.
  128 69_A81_contigs
  129 69_C7_contigs
  123 Analysis is finished.
  130 6_C13_contigs
  124 Analysis is finished.
  131 6_C86_contigs
  125 Analysis is finished.
  132 70_A82_contigs
  126 Analysis is finished.
  133 70_C9_contigs
  127 Analysis is finished.
  134 71_A85_contigs
  129 Analysis is finished.
  135 71_C11_contigs
  128 Analysis is finished.
  130 Analysis is finished.
  131 Analysis is finished.
  136 72_A86_contigs
  137 72_C16_contigs
  138 73_A90_contigs
  133 Analysis is finished.
  132 Analysis is finished.
  139 73_C18_contigs
  140 74_A91_contigs
  134 Analysis is finished.
  135 Analysis is finished.
  141 74_C20_contigs
  142 75_A92_contigs
  136 Analysis is finished.
  143 75_C135_contigs
  137 Analysis is finished.
  144 76_A95_contigs
  138 Analysis is finished.
  145 76_C137_contigs
  139 Analysis is finished.
  146 77_A97_contigs
  140 Analysis is finished.
  147 77_C139_contigs
  141 Analysis is finished.
  148 78_A100_contigs
  142 Analysis is finished.
  143 Analysis is finished.
  149 78_C141_contigs
  144 Analysis is finished.
  150 79_A106_contigs
  151 79_C142_contigs
  145 Analysis is finished.
  152 7_C14_contigs
  146 Analysis is finished.
  153 7_C88_contigs
  147 Analysis is finished.
  154 80_A107_contigs
  148 Analysis is finished.
  155 80_C104_contigs
  149 Analysis is finished.
  150 Analysis is finished.
  156 81_A119_contigs
  157 81_C105_contigs
  152 Analysis is finished.
  158 82_A122_contigs
  151 Analysis is finished.
  159 82_C107_contigs
  153 Analysis is finished.
  160 83_A123_contigs
  155 Analysis is finished.
  161 83_C109_contigs
  157 Analysis is finished.
  162 84_A126_contigs
  156 Analysis is finished.
  163 84_C110_contigs
  159 Analysis is finished.
  164 85_A130_contigs
  158 Analysis is finished.
  165 85_C111_contigs
  160 Analysis is finished.
  166 86_A134_contigs
  154 Analysis is finished.
  167 86_C112_contigs
  161 Analysis is finished.
  168 87_A137_contigs
  162 Analysis is finished.
  163 Analysis is finished.
  169 87_C114_contigs
  170 88_C117_contigs
  165 Analysis is finished.
  171 89_A141_contigs
  164 Analysis is finished.
  172 89_C156_contigs
  166 Analysis is finished.
  173 8_C15_contigs
  167 Analysis is finished.
  174 8_C89_contigs
  168 Analysis is finished.
  175 90_A144_contigs
  169 Analysis is finished.
  176 90_C158_contigs
  170 Analysis is finished.
  177 91_A147_contigs
  171 Analysis is finished.
  178 91_C159_contigs
  172 Analysis is finished.
  179 92_A148_contigs
  174 Analysis is finished.
  180 92_C160_contigs
  173 Analysis is finished.
  181 93_A151_contigs
  175 Analysis is finished.
  182 93_C161_contigs
  176 Analysis is finished.
  183 94_A154_contigs
  177 Analysis is finished.
  184 94_C164_contigs
  178 Analysis is finished.
  185 95_A156_contigs
  179 Analysis is finished.
  186 95_C167_contigs
  180 Analysis is finished.
  187 96_A163_contigs
  182 Analysis is finished.
  188 96_C168_contigs
  181 Analysis is finished.
  189 9_C17_contigs
  183 Analysis is finished.
  190 9_C91_contigs
  184 Analysis is finished.
  185 Analysis is finished.
  186 Analysis is finished.
  188 Analysis is finished.
  189 Analysis is finished.
  187 Analysis is finished.
  190 Analysis is finished.
  Drawing genomic features cumulative plot...
    saved to /scratch/mdprieto/results_hilliam/quast/genome_stats/features_cumulative_plot.pdf
  Drawing genomic features FRCurve plot...
    saved to /scratch/mdprieto/results_hilliam/quast/genome_stats/features_frcurve_plot.pdf
  Drawing # complete genomic features histogram...
    saved to /scratch/mdprieto/results_hilliam/quast/genome_stats/complete_features_histogram.pdf
  Drawing Genome fraction, % histogram...
    saved to /scratch/mdprieto/results_hilliam/quast/genome_stats/genome_fraction_histogram.pdf
Done.

NOTICE: Genes are not predicted by default. Use --gene-finding or --glimmer option to enable it.

2022-08-03 15:03:21
Creating large visual summaries...
This may take a while: press Ctrl-C to skip this step..
  1 of 2: Creating Icarus viewers...
  2 of 2: Creating PDF with all tables and plots...
Done

2022-08-03 15:21:38
RESULTS:
  Text versions of total report are saved to /scratch/mdprieto/results_hilliam/quast/report.txt, report.tsv, and report.tex
  Text versions of transposed total report are saved to /scratch/mdprieto/results_hilliam/quast/transposed_report.txt, transposed_report.tsv, and transposed_report.tex
  HTML version (interactive tables and plots) is saved to /scratch/mdprieto/results_hilliam/quast/report.html
  PDF version (tables and plots) is saved to /scratch/mdprieto/results_hilliam/quast/report.pdf
  Icarus (contig browser) is saved to /scratch/mdprieto/results_hilliam/quast/icarus.html
  Log is saved to /scratch/mdprieto/results_hilliam/quast/quast.log

Finished: 2022-08-03 15:21:39
Elapsed time: 0:27:45.504781
NOTICEs: 3; WARNINGs: 0; non-fatal ERRORs: 0

Thank you for using QUAST!
