All statistics are based on contigs of size >= 500 bp, unless otherwise noted (e.g., "# contigs (>= 0 bp)" and "Total length (>= 0 bp)" include all contigs).

Assembly                     10_C21_contigs  10_C92_contigs   11_C145_contigs  11_C22_contigs   12_C147_contigs  12_C31_contigs   13_C149_contigs  13_C32_contigs   14_C33_contigs   14_C94_contigs  15_C44_contigs   15_C96_contigs   16_C100_contigs  16_C45_contigs   17_C102_contigs  17_C64_contigs  18_C119_contigs  18_C65_contigs   19_C120_contigs  19_C67_contigs  1_C3_contigs     20_C123_contigs  20_C68_contigs  21_C124_contigs  21_C78_contigs  22_C128_contigs  22_C79_contigs   23_C131_contigs  23_C80_contigs   24_C133_contigs  24_C81_contigs   25_C134_contigs  25_C83_contigs   26_A1_contigs   26_C84_contigs   27_A2_contigs    27_C85_contigs  28_A12_contigs  28_C87_contigs   29_A19_contigs   29_C95_contigs   2_C155_contigs  2_C4_contigs     30_A36_contigs  30_C97_contigs   31_C55_contigs  31_C98_contigs   32_C56_contigs  32_C99_contigs   33_C101_contigs  33_C57_contigs  34_C103_contigs  34_C58_contigs  35_C106_contigs  35_C59_contigs  36_C108_contigs  36_C60_contigs  37_C115_contigs  37_C61_contigs   38_B3_contigs   38_C116_contigs  39_B16_contigs  39_C118_contigs  3_C76_contigs   3_C8_contigs     40_B34_contigs  40_C125_contigs  41_B37_contigs  41_C126_contigs   42_B62_contigs  42_C127_contigs  43_B113_contigs  43_C129_contigs  44_B114_contigs  44_C143_contigs   45_B191_contigs  45_C144_contigs  46_B199_contigs  46_C146_contigs  47_C148_contigs  47_C63_contigs  48_A3_contigs    48_C66_contigs  49_A4_contigs    49_C69_contigs  4_C10_contigs     4_C77_contigs   50_A5_contigs    50_C23_contigs  51_A46_contigs  51_C25_contigs   52_A48_contigs   52_C29_contigs   53_A52_contigs   53_C30_contigs   54_A53_contigs  54_C36_contigs   55_A54_contigs   55_C42_contigs  56_A55_contigs  56_C43_contigs   57_A56_contigs  57_C49_contigs   58_A58_contigs  58_C51_contigs  59_A60_contigs   59_C54_contigs   5_C12_contigs    5_C82_contigs    60_A70_contigs   60_C150_contigs  61_A71_contigs   61_C151_contigs  62_A72_contigs  62_C153_contigs  63_A73_contigs  63_C71_contigs  64_A75_contigs  64_C73_contigs  65_A76_contigs  65_C74_contigs  66_A77_contigs   66_C2_contigs    67_A78_contigs   67_C5_contigs   68_A80_contigs   68_C6_contigs   69_A81_contigs   69_C7_contigs   6_C13_contigs    6_C86_contigs   70_A82_contigs  70_C9_contigs    71_A85_contigs   71_C11_contigs  72_A86_contigs   72_C16_contigs  73_A90_contigs   73_C18_contigs   74_A91_contigs   74_C20_contigs  75_A92_contigs   75_C135_contigs  76_A95_contigs   76_C137_contigs  77_A97_contigs   77_C139_contigs  78_A100_contigs  78_C141_contigs  79_A106_contigs  79_C142_contigs  7_C14_contigs    7_C88_contigs   80_A107_contigs   80_C104_contigs  81_A119_contigs  81_C105_contigs  82_A122_contigs  82_C107_contigs  83_A123_contigs  83_C109_contigs  84_A126_contigs  84_C110_contigs  85_A130_contigs  85_C111_contigs  86_A134_contigs  86_C112_contigs  87_A137_contigs  87_C114_contigs  88_C117_contigs  89_A141_contigs  89_C156_contigs  8_C15_contigs   8_C89_contigs   90_A144_contigs  90_C158_contigs  91_A147_contigs  91_C159_contigs  92_A148_contigs  92_C160_contigs  93_A151_contigs  93_C161_contigs  94_A154_contigs  94_C164_contigs  95_A156_contigs  95_C167_contigs  96_A163_contigs  96_C168_contigs  9_C17_contigs   9_C91_contigs  
# contigs (>= 0 bp)          191             201              167              189              139              422              85               276              148              83              207              188              121              253              122              117             163              110              156              92              432              165              88              576              131             133              90               137              110              182              203              184              157              96              125              84               142             233             192              382              261              69              249              143             216              127             284              135             292              126              148             148              138             301              131             405              152             191              153              115             110              161             111              196             376              123             202              86              8437              142             126              170              82               96               13677             75               453              223              109              113              188             215              106             248              84              1290              153             194              183             102             140              171              163              140              139              93              201              150              182             142             238              132             239              111             166             390              267              416              107              219              186              212              123              126             191              98              70              92              112             96              129             118              163              132              114             140              145             95               132             266              139             119             126              129              168             175              117             361              170              200              153             241              92               207              91               156              126              115              129              174              234              251              97              5253              124              175              191              224              160              173              162              369              109              638              141              315              137              148              139              142              295              88               141             47              166              185              187              123              248              154              258              133              285              141              273              213              759              121              141             189            
# contigs (>= 1000 bp)       55              64               50               75               39               285              33               133              51               26              167              55               46               172              30               27              63               40               51               28              322              43               19              316              33              31               35               37               45               42               117              42               86               33              48               29               63              65              90               143              70               19              122              40              60               39              76               42              75               41               42              43               42              134              38              269              45              102              46               34              35               44              27               51              245              34              61               28              1870              39              39               37               32               24               2628              27               277              64               36               43               36              100              22              123              40              1160              44              89               54              41              40               82               56               60               45               39              65               64               38              34              154              40              50               43              35              274              119              282              39               134              50               139              56               52              76               32              27              36              23              34              29              33               47               47               27              40               34              38               34              160              38              41              41               38               43              57               37              271              54               105              38              127              35               83               25               52               69               28               68               93               63               147              24              1853              38               71               36               101              42               74               36               252              33               456              38               220              43               61               48               32               182              39               38              16              71               78               71               42               157              48               164              31               190              42               166              58               623              35               37              53             
# contigs (>= 5000 bp)       40              51               39               58               28               196              29               104              39               19              152              43               33               152              25               23              52               33               42               23              211              33               15              174              24              22               29               30               37               34               94               33               75               28              40               23               48              45              74               103              57               17              96               31              49               36              60               37              58               36               37              36               37              80               33              182              41              86               38               29              24               33              20               42              175              31              40               23              310               30              32               31               27               20               120               26               140              50               24               32               28              79               16              96               35              449               38              65               41              34              30               69               43               51               33               35              51               58               31              29              137              38              42               37              30              224              95               204              33               114              37               111              43               42              61               29              24              32              21              32              27              27               36               45               21              34               26              34               26              120              33              36              30               31               37              47               27              196              41               83               27              103              30               75               21               46               57               25               56               75               47               116              20              375               30               58               24               82               33               59               28               192              28               283              32               161              37               45               40               25               136              34               31              15              53               63               59               37               119              39               123              25               139              34               131              42               338              26               26              41             
# contigs (>= 10000 bp)      36              47               37               51               25               157              28               87               36               19              130              38               28               130              25               23              48               33               40               22              159              31               15              135              23              18               27               28               35               32               86               31               71               28              38               23               40              38              64               85               51               16              81               28              44               33              50               34              51               36               34              35               34              60               31              148              38              75               37               28              24               31              19               40              140              29              36               22              74                28              27               30               25               19               34                25               107              46               23               29               27              67               16              79               33              143               37              56               37              34              29               66               41               48               31               34              42               56               28              29              121              37              39               37              28              173              87               158              31               100              33               97               41               42              55               29              23              32              20              32              25              25               32               43               21              30               26              33               26              101              32              34              29               29               34              45               26              158              39               74               23              90               29               72               20               44               53               23               52               68               43               97               19              39                29               56               23               74               31               55               27               155              26               192              30               134              34               43               38               24               117              33               30              14              49               57               58               36               104              38               108              23               124              33               114              33               188              26               25              39             
# contigs (>= 25000 bp)      33              41               33               48               22               89               26               69               34               19              94               31               23               94               25               23              42               31               37               21              78               30               15              83               21              15               23               27               31               30               70               30               59               26              34               22               34              33              55               65               46               16              53               26              36               31              40               32              44               34               31              35               30              48               28              83               34              62               35               27              23               27              18               37              78               27              33               21              11                25              22               28               20               19               15                24               70               39               20               27               25              58               15              60               28              8                 35              48               33              31              28               53               39               42               29               30              39               49               27              26              90               32              34               33              26              98               65               78               27               68               30               70               37               36              48               24              21              30              18              29              24              24               31               37               21              27               25              31               25              81               31              31              27               26               34              39               26              87               35               60               22              66               26               57               20               40               42               21               42               55               37               73               17              0                 25               50               21               59               29               49               24               86               24               82               29               83               31               41               35               22               80               27               29              14              44               50               53               31               75               35               77               21               81               31               74               26               53               23               25              37             
# contigs (>= 50000 bp)      27              28               31               39               20               40               22               49               26               17              50               31               19               53               23               20              34               27               27               19              29               28               13              49               18              14               21               26               28               27               49               28               48               24              30               19               27              28              42               41               41               16              36               22              33               27              35               28              39               26               28              26               26              38               24              41               28              44               30               23              18               25              17               32              38               25              28               20              4                 24              22               24               17               18               4                 17               43               35               19               25               23              43               12              45               23              0                 32              37               28              29              26               39               31               36               24               25              35               37               24              23              54               27              31               29              20              40               39               38               24               48               26               51               28               28              39               23              18              27              18              24              18              20               28               34               18              20               20              28               20              44               29              27              22               17               25              28               21              36               29               46               21              41               21               43               17               31               33               19               33               42               31               44               15              0                 23               35               17               39               25               35               21               35               21               25               25               38               28               30               27               19               42               19               26              12              31               40               39               22               44               27               47               17               43               26               44               22               11               22               23              33             
Total length (>= 0 bp)       6615613         7023102          7018298          6570597          6934601          6912551          6788173          6939676          6947252          6897813         6545360          6976566          6503278          6548697          6323778          6358091         6730098          6405806          6706257          6406386         6460576          6708455          6406242         7989970          6269681         6761007          6774999          6914756          6773096          6683465          6770147          6686083          6807251          7083202         6773955          6555035          6680379         6708964         6674276          6685641          7133721          6203427         6130828          6488101         7129096          6407761         7150853          6408527         7132853          6196611          6407561         6320459          6408289         7264289          6408277         6993190          6410484         6963243          6794990          6667588         6250924          6553924         6251960          6987932         6657281          6897827         6377631          6531440         8631944           6399314         6709317          6452470          6244212          6397361          9644831           6258058          7619116          6742269          6933281          6932364          6760709         6680610          6358780         6676326          6425099         6314532           6736499         6678482          6616002         6867437         6757505          6864157          6780878          6874472          6779822          6874521         7124996          6867229          6834702         6876066         6674455          6874953         7133523          6872126         6423434         6858141          6777801          6928922          6773935          7045595          6807211          6860260          6478771          6869823         6957975          6872838         6265863         6872851         6692038         6873807         6386046         6786913          6748696          6622663          6505894         6786345          6376982         6620340          6375455         6669377          6735930         6643214         6688914          6785628          6975756         6787228          6720532         6718479          6942218          6782984          6540682         6778347          6369872          6788343          6437782          6786656          6601329          6621785          6601838          6783595          6915438          6669078          6401696         7291820           6912054          6707440          6275689          6705341          6675024          6706985          6274461          6677731          6857044          6636185          6867029          6644370          6814544          6706782          6965324          6250277          6695933          6638645          6683043         6243256         6706834          6956766          6709549          6593065          6699061          6492471          6699540          6300548          6689344          6140206          6695724          6614490          6165115          6855911          6719499         6818389        
Total length (>= 1000 bp)    6587902         6986354          6991951          6547758          6918792          6870943          6776197          6908315          6925996          6884825         6535058          6946428          6486943          6529597          6306868          6336672         6707440          6390519          6685969          6392296         6419932          6683347          6389701         7912189          6248541         6740072          6759218          6892249          6757339          6651199          6747587          6657098          6787654          7070387         6753347          6541468          6661830         6672264         6649914          6625830          7093942          6193939         6100553          6469122         7092348          6384943         7102787          6385883         7083150          6179317          6382551         6295062          6384010         7214271          6385142         6950325          6384811         6943284          6771740          6646746         6232171          6529807         6234419          6958411         6623163          6880199         6342760          6518535         6618258           6379056         6691080          6424371          6233041          6379658          6297397           6246329          7563815          6708312          6920140          6920733          6727380         6656767          6340577         6645562          6415192         6227916           6712584         6658636          6590416         6855859         6733679          6847428          6755989          6861023          6758941          6864012         7095485          6850591          6804375         6854119         6655273          6856008         7090861          6855221         6393079         6827450          6746158          6889372          6757457          7025256          6775587          6843401          6460570          6855970         6932381          6858838         6253803         6861550         6674867         6862687         6364642         6766612          6722589          6605437          6489630         6762179          6352366         6608543          6353231         6638537          6713040         6626386         6669745          6764007          6949463         6759045          6701592         6689935          6916433          6760427          6515839         6752173          6357047          6761473          6424994          6763414          6589882          6604582          6590198          6763356          6873385          6643342          6388039         6452977           6893184          6685083          6247024          6676767          6648984          6686363          6250578          6647823          6840959          6571279          6847930          6616822          6795666          6687608          6942980          6225085          6665579          6628531          6659020         6235944         6688341          6930939          6684371          6579456          6675983          6465614          6674884          6276509          6664459          6120115          6672082          6584298          6092053          6837834          6696109         6788236        
Total length (>= 5000 bp)    6553176         6960867          6965487          6506257          6893676          6651164          6767007          6838751          6907001          6864912         6492568          6918521          6460863          6473752          6298694          6329034         6677786          6378003          6665648          6383089         6141401          6660116          6382063         7616911          6230725         6719082          6748491          6875316          6740516          6632210          6686859          6636200          6763308          7058872         6739217          6522809          6622610         6614990         6611544          6520785          7064183          6190580         6033007          6450189         7066430          6380089         7065552          6378739         7045257          6171930          6371048         6285344          6372440         7086145          6373272         6725067          6378815         6899433          6754372          6637486         6206362          6503447         6219165          6938946         6441754          6871083         6300681          6507913         3103008           6360139         6676521          6405900          6223948          6371558          1671417           6242034          7274833          6675463          6892555          6895037          6710605         6603676          6328174         6572905          6406087         4268286           6701499         6599106          6560660         6842169         6710904          6814981          6732634          6839576          6736033          6852771         7061961          6839093          6784419         6842335         6611091          6849518         7072896          6837384         6382490         6667525          6692442          6695051          6746090          6964709          6747406          6765755          6434841          6828155         6903579          6847474         6245226         6852271         6672322         6856186         6359723         6754577          6699118          6601455          6477716         6750144          6340174         6597969          6340691         6539140          6703550         6618838         6645742          6749939          6937094         6738199          6680990         6496047          6890544          6696384          6493783         6694777          6346690          6740287          6416975          6750700          6563890          6599847          6564206          6709590          6839917          6565639          6378286         2754759           6875682          6652725          6221772          6629743          6629008          6652136          6232096          6490038          6828613          6144234          6834411          6457403          6781753          6652092          6931129          6209226          6544734          6616781          6643259         6233575         6647240          6902117          6655347          6567809          6581147          6448196          6575980          6264936          6534577          6105680          6582720          6551876          5398911          6810446          6673708         6761588        
Total length (>= 10000 bp)   6524727         6928174          6947735          6460798          6874155          6373737          6761466          6710253          6886820          6864912         6317723          6876666          6428924          6308075          6298694          6329034         6643490          6378003          6655034          6377967         5755727          6647229          6382063         7352370          6224907         6695240          6733364          6857564          6725388          6614458          6631777          6619492          6731253          7058872         6724089          6522809          6563706         6565262         6543181          6393713          7020299          6185038         5916908          6430932         7027315          6359506         6982854          6358079         6996585          6171930          6350614         6279740          6351857         6947541          6362463         6477560          6358172         6821201          6748980          6631985         6206362          6487732         6211511          6921194         6192463          6856310         6269520          6499440         1478470           6346475         6645434          6400093          6212100          6366306          1084174           6236748          7044145          6646821          6887515          6875342          6705565         6520695          6328174         6452395          6393718         2142598           6696416         6534235          6534912         6842169         6702641          6797972          6717728          6818717          6721127          6845788         7000412          6827748          6765624         6842335         6496084          6844307         7055721          6837384         6367115         6299442          6637089          6353155          6730960          6857890          6721607          6658875          6423233          6828155         6867672          6847474         6239011         6852271         6666844         6856186         6349244         6741949          6669765          6590645          6477716         6725010          6340174         6592758          6340691         6400021          6698467         6608362         6640029          6737391          6919816         6725651          6675950         6215857          6877827          6627529          6467714         6600083          6341280          6720485          6411453          6738152          6535855          6589207          6535428          6663273          6807587          6417751          6372753         495863            6868225          6637430          6215970          6573739          6612300          6621731          6222199          6219464          6813810          5461270          6819608          6244522          6761015          6638240          6917720          6203952          6399140          6611259          6636690         6228269         6618451          6865779          6649742          6562116          6473387          6441959          6460951          6250886          6427521          6100664          6465859          6488618          4351938          6810446          6668668         6748302        
Total length (>= 25000 bp)   6486856         6815516          6866674          6420160          6814474          5253702          6731619          6403868          6845838          6864912         5693894          6753189          6351358          5687480          6298694          6329034         6530764          6349679          6616431          6365722         4424732          6630476          6382063         6492368          6199341         6652397          6673118          6841830          6665143          6586361          6365116          6603758          6548349          7020600         6661370          6506736          6475092         6487621         6409782          6029366          6920651          6185038         5422732          6403234         6869682          6333350         6799359          6331922         6867660          6141675          6300820         6279740          6285878         6772991          6312669         5404421          6299066         6624187          6717368          6616047         6195156          6430507         6200305          6866638         5144890          6831649         6209437          6476710         603931            6297477         6577080          6364971          6129086          6366306          789873            6216399          6480944          6539143          6833923          6837273          6673056         6389366          6312236         6152372          6319637         218350            6663610         6409160          6474523         6780645         6686907          6563099          6674271          6694534          6681982          6772770         6942970          6695819          6744903         6783344         5979198          6748089         6969542          6762444         6323401         5067688          6257554          5020653          6670715          6338502          6668992          6191905          6348719          6711359         6745918          6745665         6200559         6817049         6628572         6810764         6333093         6718228          6654031          6484696          6477716         6687839          6324323         6564193          6325188         6076400          6675989         6563232         6603662          6682635          6919816         6635919          6675950         5078553          6819876          6406248          6447429         6226590          6281427          6475952          6411453          6675474          6349561          6548753          6368996          6461431          6691983          6005322          6346377         0                 6800501          6537580          6186207          6327574          6576660          6519540          6165985          5119940          6790947          3769216          6807992          5402763          6713731          6603991          6867529          6176826          5822790          6515425          6621167         6228269         6548781          6747185          6570568          6485538          6007532          6383919          5964950          6211609          5722468          6065827          5801098          6370445          2197524          6760991          6668668         6715217        
Total length (>= 50000 bp)   6262929         6345266          6771732          6079105          6741780          3446471          6570150          5702134          6557182          6796597         4101480          6753189          6206440          4181699          6227882          6228879         6220829          6232483          6217403          6306527         2660180          6556528          6323885         5219604          6107435         6604182          6605178          6793630          6558833          6468829          5547409          6528488          6141108          6960173         6523724          6384599          6196001         6308806         5928123          5176045          6753012          6185038         4793453          6259626         6767633          6201812         6615875          6200805         6690119          5863596          6195997         5920834          6132988         6407381          6177511         3813928          6086236         5973185          6546398          6472326         6030523          6340075         6161965          6677024         3697297          6764516         6015093          6434359         334779            6264706         6577080          6201630          6020379          6331940          411836            5920157          5499716          6377480          6795748          6761309          6603076         5865941          6193905         5628401          6108394         0                 6560577         6006462          6285049         6703732         6596475          5999437          6353690          6457089          6459895          6571658         6786396          6232749          6637455         6657310         4649535          6587009         6869857          6602777         6097397         3037653          5240629          3497483          6565926          5589586          6505876          5436699          6020031          6387755         6442816          6696757         6085867         6685300         6628572         6608661         6098595         6561462          6522100          6392852          6360668         6423495          6133066         6458073          6130198         4742433          6614105         6408111         6396488          6336616          6592555         6223043          6486319         3258969          6601524          5886586          6402997         5326732          6062147          5968326          6299004          6347945          6042911          6469110          6062940          5978423          6461453          4961988          6261410         0                 6729382          6007283          6050031          5610611          6433306          6021009          6065720          3376355          6686244          1824072          6664356          3807362          6603001          6234405          6585327          6062358          4435939          6228795          6496563         6137917         6083912          6399733          6068873          6137931          4902406          6101898          4858402          6041967          4388642          5881824          4710279          6213102          770827           6725140          6583182         6581647        
# contigs                    62              83               61               81               40               313              38               143              58               30              171              67               52               179              33               35              74               44               54               32              352              47               25              358              38              37               43               45               50               55               126              52               96               37              59               35               69              77              101              165              85               21              134              44              74               49              96               52              96               43               51              53               51              166              47              299              54              109              54               44              44               53              31               60              264              39              76               31              2943              43              44               44               34               32               4559              33               310              77               37               44               44              109              25              139              44              1256              49              91               60              43              50               84               69               60               53               41              75               67               48              38              162              47              59               53              44              287              131              304              45               145              63               147              63               56              88               38              34              38              25              34              35              41               57               51               30              50               44              41               43              177              44              44              48               47               51              70               43              291              65               114              45              136              40               91               28               60               71               31               69               102              79               157              28              2270              44               77               42               111              50               79               41               269              40               505              43               238              50               67               59               43               197              42               46              18              73               91               78               45               168              60               175              42               202              47               175              64               705              40               44              64             
Largest contig               566479          925598           662519           443126           1237530          231266           1075930          343956           937011           963065          161820           554730           672297           128092           582080           745093          554055           738311           500067           1246711         280169           499653           972347          260343           891087          1016458          965440           755207           716920           680603           317972           626521           466906           1080893         806665           837290           781783          623328          484984           476297           443094           890846          385910           788968          554731           727808          675080           727807          443107           1052523          728067          507186           700416          632153           790558          270566           700624          592620           962582           659392          938724           819976          815710           590191          278532           742935          820972           1274814         122679            1073278         1212976          1091398          1332899          1324720          122083            1212200          290541           431244           1237520          791996           709071          606223           972335          457793           810775          28944             667091          944558           570036          987007          671011           388135           660816           722921           1340359          724059          662519           847563           1165793         807357          209885           610409          834728           779368          1070617         172114           393249           201981           778001           379733           850442           306823           617544           981193          499808           704131          970420          610424          1267461         1029601         886342          777284           716506           681746           1054736         899292           1188341         723508           1044286         496351           676147          819941          1065830          1049345          889330          650750           680469          251019           558396           563020           944705          430923           904181           356888           950915           658442           700068           1267276          700068           450410           743230           303423           1383757         20382             799793           396136           891087           395532           793812           400672           664395           276845           1281994          123595           707230           260118           641698           586540           413712           938317           293835           1022168          623442          1362058         586540           616915           348545           897417           396358           650642           260071           971304           260072           1066729          260074           868254           124415           1003162          680467          677969         
Total length                 6592134         6998288          6999496          6551668          6919398          6891765          6779657          6915953          6931204          6888214         6538146          6953930          6491476          6534282          6308861          6342590         6715178          6393305          6688188          6395150         6442860          6686056          6393723         7945175          6252067         6744343          6765554          6898091          6761361          6660699          6754549          6663658          6795313          7072840         6761072          6545290          6666341         6681150         6657477          6640015          7103480          6195273         6108841          6471680         7101661          6392475         7115865          6393106         7096823          6180973          6389142         6301815          6390930         7238005          6392045         6973012          6391695         6948873          6778083          6653777         6237517          6536224         6237572          6964834         6636840          6883870         6353865          6520987         7384431           6381682         6694797          6429570          6234657          6385673          7716616           6250422          7590407          6717406          6920847          6921339          6733237         6662625          6342555         6656210          6418496         6301143           6716151         6660116          6594408         6857261         6740749          6848496          6764384          6861023          6764312          6865330         7102784          6852586          6811084         6856486         6661155          6860137         7097281          6861157         6399359         6837220          6754519          6906196          6762091          7031970          6784263          6849449          6465010          6858499         6940385          6862394         6258478         6862817         6676153         6862687         6368757         6773173          6729853          6608281          6491395         6769768          6359360         6610602          6359487         6651706          6717686         6629077         6674909          6770742          6954503         6768843          6706089         6705555          6923163          6767886          6520847         6759269          6360472          6767903          6426722          6770080          6591318          6606673          6590964          6770864          6883517          6651160          6390457         6753496           6897505          6690159          6251659          6683968          6654717          6690366          6254210          6661508          6845882          6608181          6851601          6630564          6800073          6692158          6949709          6232028          6677710          6630352          6665013         6237114         6690007          6940507          6690394          6581365          6684818          6473923          6683697          6284013          6674379          6123807          6678893          6588272          6153538          6841405          6701682         6795712        
Reference length             6498072         6498072          6498072          6498072          6498072          6498072          6498072          6498072          6498072          6498072         6498072          6498072          6498072          6498072          6498072          6498072         6498072          6498072          6498072          6498072         6498072          6498072          6498072         6498072          6498072         6498072          6498072          6498072          6498072          6498072          6498072          6498072          6498072          6498072         6498072          6498072          6498072         6498072         6498072          6498072          6498072          6498072         6498072          6498072         6498072          6498072         6498072          6498072         6498072          6498072          6498072         6498072          6498072         6498072          6498072         6498072          6498072         6498072          6498072          6498072         6498072          6498072         6498072          6498072         6498072          6498072         6498072          6498072         6498072           6498072         6498072          6498072          6498072          6498072          6498072           6498072          6498072          6498072          6498072          6498072          6498072         6498072          6498072         6498072          6498072         6498072           6498072         6498072          6498072         6498072         6498072          6498072          6498072          6498072          6498072          6498072         6498072          6498072          6498072         6498072         6498072          6498072         6498072          6498072         6498072         6498072          6498072          6498072          6498072          6498072          6498072          6498072          6498072          6498072         6498072          6498072         6498072         6498072         6498072         6498072         6498072         6498072          6498072          6498072          6498072         6498072          6498072         6498072          6498072         6498072          6498072         6498072         6498072          6498072          6498072         6498072          6498072         6498072          6498072          6498072          6498072         6498072          6498072          6498072          6498072          6498072          6498072          6498072          6498072          6498072          6498072          6498072          6498072         6498072           6498072          6498072          6498072          6498072          6498072          6498072          6498072          6498072          6498072          6498072          6498072          6498072          6498072          6498072          6498072          6498072          6498072          6498072          6498072         6498072         6498072          6498072          6498072          6498072          6498072          6498072          6498072          6498072          6498072          6498072          6498072          6498072          6498072          6498072          6498072         6498072        
GC (%)                       65.85           65.77            65.76            65.92            66.02            66.00            66.25            66.03            66.04            66.05           66.22            65.67            65.87            66.22            66.52            66.36           65.84            66.34            66.20            66.34           66.28            66.30            66.34           65.45            66.54           66.15            66.14            66.01            66.14            66.15            66.13            66.15            66.11            65.96           66.14            66.22            66.05           65.91           66.06            65.83            65.73            66.42           66.23            66.44           65.73            66.40           65.70            66.40           65.72            66.47            66.40           66.52            66.40           65.77            66.40           65.90            66.40           66.05            66.07            66.21           66.56            66.31           66.56            65.83           66.08            66.03           66.21            66.35           65.64             66.18           66.18            66.29            66.56            66.48            65.27             66.56            65.28            66.03            66.02            66.02            66.28           66.25            66.36           66.25            66.39           66.25             66.17           66.25            65.85           66.16           66.11            66.16            66.09            66.16            66.09            66.16           65.74            66.16            66.10           66.16           66.27            66.16           65.90            66.16           66.31           66.15            65.83            66.06            66.14            66.15            66.09            66.14            66.57            66.16           66.13            66.16           66.56           66.16           66.14           66.16           66.45           66.16            66.16            66.21            66.31           66.16            66.14           66.21            66.14           66.29            66.17           66.22           66.12            66.16            66.12           66.16            66.28           66.17            66.01            66.15            66.28           66.15            66.33            66.16            66.32            66.16            66.19            66.21            66.19            66.15            66.04            66.28            66.44           66.16             66.05            66.05            66.54            66.05            66.18            66.05            66.54            66.01            66.10            65.95            66.10            66.05            66.13            66.05            66.06            66.57            66.03            66.25            66.30           66.62           66.06            66.13            66.05            66.29            66.04            66.55            66.04            66.54            66.03            66.42            66.04            66.23            66.23            66.16            66.28           66.14          
Reference GC (%)             66.35           66.35            66.35            66.35            66.35            66.35            66.35            66.35            66.35            66.35           66.35            66.35            66.35            66.35            66.35            66.35           66.35            66.35            66.35            66.35           66.35            66.35            66.35           66.35            66.35           66.35            66.35            66.35            66.35            66.35            66.35            66.35            66.35            66.35           66.35            66.35            66.35           66.35           66.35            66.35            66.35            66.35           66.35            66.35           66.35            66.35           66.35            66.35           66.35            66.35            66.35           66.35            66.35           66.35            66.35           66.35            66.35           66.35            66.35            66.35           66.35            66.35           66.35            66.35           66.35            66.35           66.35            66.35           66.35             66.35           66.35            66.35            66.35            66.35            66.35             66.35            66.35            66.35            66.35            66.35            66.35           66.35            66.35           66.35            66.35           66.35             66.35           66.35            66.35           66.35           66.35            66.35            66.35            66.35            66.35            66.35           66.35            66.35            66.35           66.35           66.35            66.35           66.35            66.35           66.35           66.35            66.35            66.35            66.35            66.35            66.35            66.35            66.35            66.35           66.35            66.35           66.35           66.35           66.35           66.35           66.35           66.35            66.35            66.35            66.35           66.35            66.35           66.35            66.35           66.35            66.35           66.35           66.35            66.35            66.35           66.35            66.35           66.35            66.35            66.35            66.35           66.35            66.35            66.35            66.35            66.35            66.35            66.35            66.35            66.35            66.35            66.35            66.35           66.35             66.35            66.35            66.35            66.35            66.35            66.35            66.35            66.35            66.35            66.35            66.35            66.35            66.35            66.35            66.35            66.35            66.35            66.35            66.35           66.35           66.35            66.35            66.35            66.35            66.35            66.35            66.35            66.35            66.35            66.35            66.35            66.35            66.35            66.35            66.35           66.35          
N50                          308908          300555           324041           238119           498464           50541            445995           118290           268594           656189          62283            271735           413520           63080            389311           427129          309268           317413           284647           425607          41205            345231           744071          79414            484191          765097           582018           432982           383219           324043           102905           306922           134023           307802          288927           541853           245114          365724          139793           114484           215128           509832          113295           387934          273268           263891          223803           262271          232890           256747           302787          269448           263891          189481           335149          56595            232404          157239           281422           510447          501046           374553          591515           239793          56594            415693          266560           531968          4040              421396          497790           340573           466207           547913           2019              639907           110581           218652           560891           392093           346983          133722           744948          119642           322680          7210              260002          170156           305352          308621          444497           174639           272904           174662           303227           317836          236060           243192           413025          421466          70519            347904          301969           354537          357748          43814            130906           50446            386506           106017           353104           92587            270683           272962          176323           372438          464280          341421          495780          375931          496945          515006           308433           295265           432683          395882           409012          354072           402236          71946            381600          355333          440189           464823           398203          267308           396648          48130            298481           117532           490089          123347           331636           173873           679878           255182           233401           469731           233401           178951           260519           84231            626418          4198              392114           219997           488198           131748           349000           199820           406673           52741            439215           28566            395331           56819            321999           248994           303635           501004           78222            390743           398371          662386          248983           176827           159211           272746           87099            277448           81790            414433           66442            347198           81786            388609           18193            426929           426041          275457         
NG50                         308908          300555           324141           238119           592559           52575            470634           125096           270524           797594          63006            338478           413520           63080            389311           427129          309268           317413           313143           425607          40616            352269           744071          92982            480575          765097           582018           432982           383219           342118           111905           306922           134218           420455          288927           541853           309078          365724          139793           123545           238188           509832          102567           387934          294454           263891          240214           262271          237753           256747           264040          269448           263891          193514           308042          58958            232404          162508           287134           510447          501046           374553          591515           253702          56759            421437          262802           531968          4776              304144          497790           340573           454492           547913           2418              639907           122463           218652           642482           392093           346983          133802           744948          119642           322680          7007              260002          170156           308908          308621          444497           178325           272904           178103           307658           317836          261591           243192           413025          421466          70883            347904          308827           423817          357748          45622            139320           53954            386506           114257           446482           94788            270683           292207          187652           372438          464280          375910          506799          388835          472067          515006           308433           295265           432683          408403           409012          354072           402236          72011            381600          355333          485258           464823           398755          316402           396648          50356            306242           155938           490089          131375           331636           176234           679878           255182           233401           469731           233401           190132           272903           84231            626418          4385              394338           219997           488198           134402           349000           219997           352673           53950            439215           29794            395331           58421            348416           248994           312416           501004           79034            390743           398371          662386          248983           188042           159211           272746           90884            277448           82155            409169           70093            265815           84239            388609           17076            426929           426041          275457         
N75                          238778          136220           145832           90788            270324           27994            226989           59101            202087           593044          38376            155644           349871           39219            244192           303113          121146           177872           179777           260517          20244            200087           431420          36616            395888          409706           274504           183059           182261           165450           68762            217036           81147            221437          166127           252488           155470          129704          101050           54788            117595           393757          59490            260742          146462           185195          123838           200336          117595           156460           184882          208005           200336          104966           204274          28395            183941          69891            142841           207797          270852           165444          268937           142940          28521            245058          145078           256861          1940              225713          247962           213085           259850           278466           1175              286762           44721            137973           342061           251060           249626          84618            431420          65855            257218          4202              144978          104693           198372          171077          165456           86104            133850           128967           210977           219079          131814           108936           239007          229588          42345            173451          157907           258519          234451          24162            56043            22938            214836           56066            156586           55161            161323           209689          114146           299111          271002          226331          384925          204848          270902          268769           165456           125231           260061          246347           252275          140491           248139          45872            198768          219419          258697           265674           245299          147787           268119          25673            194151           69721            269498          56147            270774           73740            298297           171466           116137           301910           116137           79390            149006           48037            348394          2516              268464           119385           307718           80753            165444           124636           270941           26702            270393           13527            199614           30742            194170           143366           245385           246597           42000            257490           251415          442253          132795           105225           113382           219040           46686            176875           47515            271992           36364            149574           44742            209589           8491             318613           261047          142925         
NG75                         238778          177734           165444           90788            278531           31788            260121           71149            209260           593044          38376            165456           349871           39360            232102           303113          124994           177872           179777           260517          20110            250701           431420          58578            309062          512359           287123           217035           195433           169855           69873            237326           82926            270770          176285           271663           170722          141445          101955           61268            139305           327020          47992            260742          165456           185195          136716           185195          132393           145079           184882          164544           185509          132053           204274          34796            165311          80941            162307           271219          270852           169381          268937           159308          29612            269779          143389           256861          2585              200559          247962           213085           233663           278466           1527              286762           86044            142871           392093           263354           268164          84925            431420          76450            257218          3946              165661          104725           198372          204898          209797           108935           163086           136663           210977           227564          143976           118242           273201          258555          45974            234660          210297           271562          234451          27863            65894            28155            222847           65513            160313           58836            161323           233148          138495           299111          266471          227669          384925          227667          270902          268769           170526           125231           260061          246347           248060          144232           211645          47799            205397          219419          266469           265674           266648          184226           288585          28504            245074           70765            269498          58518            270774           80866            298297           176358           116137           426242           116137           84610            175391           51028            348394          2712              279322           122065           297248           84290            217035           129963           263584           27679            310621           14187            232332           33642            218364           144029           245780           246597           43566            257490           251415          434831          134247           121191           119104           219040           50277            176875           48950            271992           38537            139883           46214            209589           7335             318613           288586          145832         
L50                          8               7                8                11               5                40               6                19               7                5               36               9                7                37               7                6               9                8                9                5               42               9                4               30               5               4                5                6                7                8                20               8                15               6               8                5                8               7               15               17               11               5               14               7               10               8               10               8               11               7                8               10               8               12               6               36               9               13               7                6               5                6               5                10              31               7               7                4               441               5               4                7                4                4                892               4                23               11               5                6                7               15               4               16               7               265               8               10               9               8               6                13               8                11               6                7               9                10               5               6               33               8               8                7               5               49               16               38               6                20               6                22               9                9               12               7               5               8               5               7               5               6                7                8                4               6                5               6                6               21               7               7               6                5                7               8                7               38               10               14               5               15               6                14               4                9                10               5                10               13               10               19               4               511               7                12               5                15               7                12               6                35               5                65               7                29               8                10               10               5                24               5                7               3               10               12               14               7                22               8                23               5                25               6                23               6                96               5                7               9              
LG50                         8               7                7                11               4                37               5                17               6                4               35               8                7                37               7                6               9                8                8                5               43               8                4               21               6               4                5                6                7                7                19               8                14               5               8                5                7               7               15               16               10               5               16               7               9                8               8                8               10               7                9               10               8               11               7               31               9               12               6                6               5                6               5                9               30               6               8                4               340               6               4                7                5                4                616               4                18               11               4                6                7               14               4               16               7               279               8               10               8               8               6                12               8                10               5                7               8                10               5               6               32               8               7                6               5               45               15               34               6                17               5                20               9                8               11               7               5               7               4               6               6               6                7                8                4               5                5               6                6               20               7               7               5                5                6               7                7               36               9                13               5               14               6                13               4                9                10               5                10               12               9                19               4               481               6                12               5                14               7                11               7                33               5                63               7                28               7                10               9                5                23               5                7               3               10               11               14               7                21               8                22               6                24               7                22               6                106              5                7               9              
L75                          14              16               16               22               9                86               11               40               15               7               69               17               11               70               12               11              21               14               15               10              97               15               7               67               9               7                10               12               14               15               41               15               32               13              16               10               16              14              29               38               23               8               33               13              19               15              21               15              23               14               16              16               15              25               13              77               16              31               15               11              9                13              9                19              72               12              15               8               1106              11              9                14               9                8                2158              8                48               21               8                12               13              30               7               35               12              549               16              23               15              15              13               27               17               22               12               14              20               22               10              12              62               15              16               12              11              101              36               85               12               43               14               46               17               15              24               12              9               14              8               13              10              10               14               17               9               11               10              14               11              50               14              13              11               10               13              16               12              86               17               33               10              37               11               29               8                17               20               9                20               28               18               45               7               1028              12               24               8                31               13               23               11               82               10               149              13               68               14               19               16               9                55               11               13              6               20               24               27               13               47               15               51               10               58               13               51               11               217              10               12              18             
LG75                         14              14               14               22               8                77               10               35               13               7               69               15               11               69               13               11              19               14               15               10              99               14               7               43               10              6                9                11               13               14               39               14               30               11              15               9                15              13              28               36               20               9               38               13              16               15              17               16              20               16               16              17               16              20               13              66               17              27               14               10              9                12              9                17              69               11              16               8               810               12              9                14               10               8                1475              8                34               20               7                11               12              29               7               33               12              585               15              22               15              14              12               24               15               20               12               13              16               20               9               11              59               13              13               11              11              91               33               73               11               36               12               41               17               14              21               12              10              13              8               12              10              10               13               17               9               11               11              13               12              47               13              13              10               10               11              15               11              80               15               30               10              33               11               26               8                16               20               8                20               25               16               43               7               955               11               23               9                29               12               22               12               77               9                143              12               65               13               18               15               9                52               11               13              7               19               21               25               13               44               15               48               10               54               15               48               11               250              10               11              17             
# misassemblies              66              60               73               63               71               54               64               58               68               69              45               70               63               46               56               52              86               55               60               57              53               57               55              50               49              66               67               77               62               72               60               75               60               62              60               82               57              53              55               35               68               51              55               45              74               54              70               54              65               50               52              53               51              55               52              65               53              66               70               62              38               63              41               71              54               70              55               61              25                47              64               97               43               68               26                50               46               76               71               71               59              47               55              45               43              43                69              48               67              62              70               55               58               58               61               68              69               60               65              65              46               68              68               70              59              50               48               50               63               59               77               62               38               63              59               67              53              67              65              67              57              72               80               63               57              67               77              63               77              52               68              62              61               70               66              66               53              56               63               67               63              65               60               64               51               71               65               62               65               67               58               53               69              26                69               74               49               73               66               76               49               68               58               63               60               62               58               79               57               38               73               49               54              50              77               56               76               49               74               39               72               53               67               60               69               60               43               60               52              72             
# misassembled contigs       21              25               22               27               16               35               19               33               23               13              33               22               15               36               16               15              30               20               24               15              29               21               10              38               13              13               17               22               21               25               38               25               34               18              23               16               25              21              33               24               25               12              25               17              26               24              23               25              27               16               24              19               25              30               24              38               26              30               25               14              12               19              12               25              35               20              19               16              21                17              16               25               14               14               26                15               38               24               17               22               18              26               10              27               15              39                23              22               22              19              21               24               24               23               19               19              26               25               17              17              35               19              23               21              17              33               32               31               20               32               21               30               20               20              22               18              17              22              16              19              18              20               22               23               13              20               15              18               17              30               20              19              18               19               23              22               17              35               25               33               14              33               17               34               12               28               30               15               30               31               25               32               13              26                22               30               12               33               22               28               14               43               17               49               20               41               21               25               21               12               43               13               21              10              27               22               30               17               44               17               44               15               42               23               41               22               36               15               18              28             
Misassembled contigs length  5489977         5271096          5507658          4022171          6206578          2306034          5706164          3626865          5946453          6132038         1787182          5519461          5818493          1744026          5407616          5244565         5694643          5025605          5371138          5781068         2019632          5838995          5426230         2980513          5074143         6527879          5988355          6308214          5396795          5958548          3927841          5949240          4420639          5848753         5173703          6015465          5139915         5640684         4758183          2796882          5170236          5092202         3365893          5524950         5701350          5123077         5091872          5154942         5317386          4777420          4756813         4879252          5118518         4655182          5563077         2787796          5107512         3917254          5755743          5451294         5357634          5456920         5341606          5750334         2451202          6066981         4890830          5750459         148961            5426484         5953478          6042424          5583545          5982047          87402             5680002          3204494          5075122          6662844          6136949          5653581         3833337          5770059         3519249          4685771         390953            5350726         3756961          5193000         5436236         6011416          3745662          5251291          4454000          5495004          5453153         5606912          4451930          5914055         5821437         2350453          5253537         5742139          5701474         5758083         1566330          4246120          2000986          5894796          3631182          5931557          3471179          4824220          5131986         4228751          5988617         5934954         5824155         6372257         5734544         5867288         6457077          5813400          5385078          5740359         6159042          5189954         5307712          5350626         2961790          5461819         5405388         5886329          6233103          6291180         5468414          5730725         2086176          5550185          4482422          5558967         4072317          5617417          4762802          5478136          5931693          5124799          6089192          5124802          4826501          5397206          3253465          5911622         138864            6513602          5040137          5078761          4419586          6093421          4910384          4734038          2617612          5952322          1636276          5859791          2865870          5583201          5618387          5206582          5404696          3303608          5235018          5930960         5994454         5620075          4436477          4460494          5012729          3768517          4741555          3592276          5599998          3246104          5404417          3429516          5805958          920332           5760936          6053023         5960717        
# local misassemblies        39              65               71               44               56               43               50               43               50               52              40               67               58               42               45               51              71               54               53               52              50               65               54              67               48              69               65               72               67               67               67               70               65               50              67               63               38              43              38               42               71               41              47               46              71               53              69               55              68               46               57              45               53              49               57              50               51              53               66               63              37               58              38               61              48               52              55               52              74                43              71               95               37               59               53                46               66               74               58               56               66              52               55              55               54              48                62              53               40              52              71               57               54               53               57               54              67               54               56              54              49               54              53               54              54              56               41               52               65               53               68               53               48               51              52               52              57              53              54              53              59              54               65               56               49              54               55              54               55              64               62              54              60               55               53              50               64              50               48               53               49              54               56               52               35               55               50               55               50               55               67               63               61              42                52               58               50               60               61               60               50               56               42               57               44               57               43               59               50               38               60               52               63              44              62               53               58               50               58               53               57               34               56               58               59               72               41               53               65              70             
# scaffold gap ext. mis.     0               0                0                0                0                0                0                0                0                0               0                0                0                0                0                0               0                0                0                0               0                0                0               0                0               0                0                0                0                0                0                0                0                0               0                0                0               0               0                0                0                0               0                0               0                0               0                0               0                0                0               0                0               0                0               0                0               0                0                0               0                0               0                0               0                0               0                0               0                 0               0                0                0                0                0                 0                0                0                0                0                0               0                0               0                0               0                 0               0                0               0               0                0                0                0                0                0               0                0                0               0               0                0               0                0               0               0                0                0                0                0                0                0                0                0               0                0               0               0               0               0               0               0                0                0                0               0                0               0                0               0                0               0               0                0                0               0                0               0                0                0                0               0                0                0                0                0                0                0                0                0                0                0                0               0                 0                0                0                0                0                0                0                0                0                0                0                0                0                0                0                0                0                0                0               0               0                0                0                0                0                0                0                0                0                0                0                0                0                0                0               0              
# scaffold gap loc. mis.     0               0                0                0                0                0                0                0                0                0               0                0                0                0                0                0               0                0                0                0               0                0                0               0                0               0                0                0                0                0                0                0                0                0               0                0                0               0               0                0                0                0               0                0               0                0               0                0               0                0                0               0                0               0                0               0                0               0                0                0               0                0               0                0               0                0               0                0               0                 0               0                0                0                0                0                 0                0                0                0                0                0               0                0               0                0               0                 0               0                0               0               0                0                0                0                0                0               0                0                0               0               0                0               0                0               0               0                0                0                0                0                0                0                0                0               0                0               0               0               0               0               0               0                0                0                0               0                0               0                0               0                0               0               0                0                0               0                0               0                0                0                0               0                0                0                0                0                0                0                0                0                0                0                0               0                 0                0                0                0                0                0                0                0                0                0                0                0                0                0                0                0                0                0                0               0               0                0                0                0                0                0                0                0                0                0                0                0                0                0                0               0              
# unaligned mis. contigs     0               2                2                0                0                5                0                3                0                0               0                0                0                0                0                1               1                0                0                0               1                0                0               27               0               0                2                1                3                2                3                0                4                1               3                0                2               2               1                3                1                0               1                2               1                0               2                0               4                0                0               0                0               8                0               4                2               1                0                0               0                3               0                1               7                0               1                0               41                1               1                0                0                0                45                0                26               1                0                1                1               3                0               3                3               5                 0               5                0               0               1                1                2                1                2                1               2                0                0               0               0                0               0                0               0               4                6                8                2                2                2                2                0                0               1                0               0               1               0               0               0               1                1                0                0               0                0               0                0               1                0               1               2                1                0               1                0               4                1                2                1               2                0                2                0                0                1                1                1                1                2                0                0               5                 0                5                0                4                0                3                0                9                0                11               0                9                0                3                2                0                6                0                0               0               2                1                4                0                6                0                6                1                8                0                7                1                3                2                0               1              
# unaligned contigs          5 + 32 part     14 + 35 part     7 + 28 part      7 + 40 part      8 + 18 part      15 + 52 part     4 + 22 part      13 + 46 part     13 + 29 part     2 + 16 part     22 + 57 part     17 + 32 part     25 + 15 part     27 + 59 part     1 + 18 part      1 + 19 part     10 + 34 part     0 + 22 part      7 + 30 part      0 + 17 part     2 + 32 part      8 + 27 part      0 + 13 part     50 + 136 part    7 + 18 part     14 + 15 part     3 + 25 part      0 + 23 part      2 + 30 part      2 + 27 part      2 + 46 part      1 + 26 part      7 + 41 part      4 + 22 part     2 + 30 part      5 + 16 part      10 + 31 part    28 + 33 part    6 + 44 part      41 + 55 part     18 + 38 part     0 + 14 part     1 + 24 part      5 + 24 part     13 + 37 part     2 + 27 part     28 + 40 part     2 + 28 part     22 + 42 part     1 + 22 part      2 + 29 part     1 + 25 part      2 + 29 part     61 + 62 part     2 + 26 part     21 + 52 part     3 + 29 part     5 + 43 part      6 + 29 part      4 + 19 part     5 + 18 part      2 + 24 part     1 + 16 part      4 + 32 part     10 + 45 part     2 + 25 part     23 + 28 part     4 + 18 part     112 + 152 part    1 + 20 part     15 + 20 part     2 + 25 part      1 + 17 part      3 + 14 part      110 + 160 part    0 + 16 part      36 + 138 part    20 + 40 part     9 + 17 part      8 + 24 part      9 + 24 part     14 + 54 part     1 + 12 part     14 + 57 part     5 + 29 part     83 + 78 part      5 + 29 part     14 + 47 part     6 + 33 part     3 + 29 part     2 + 24 part      4 + 36 part      3 + 31 part      2 + 29 part      4 + 25 part      2 + 23 part     17 + 33 part     3 + 36 part      15 + 19 part    2 + 22 part     20 + 61 part     2 + 24 part     12 + 28 part     3 + 21 part     6 + 23 part     11 + 56 part     34 + 52 part     10 + 52 part     1 + 28 part      3 + 38 part      12 + 26 part     2 + 39 part      7 + 32 part      7 + 28 part     18 + 44 part     2 + 21 part     0 + 19 part     3 + 23 part     0 + 16 part     2 + 20 part     0 + 19 part     3 + 21 part      7 + 24 part      1 + 26 part      1 + 12 part     3 + 26 part      0 + 16 part     0 + 20 part      0 + 16 part     3 + 41 part      5 + 27 part     1 + 21 part     9 + 23 part      3 + 22 part      2 + 27 part     5 + 30 part      7 + 22 part     8 + 54 part      11 + 30 part     3 + 37 part      5 + 26 part     3 + 38 part      2 + 18 part      3 + 37 part      1 + 11 part      3 + 30 part      8 + 33 part      1 + 19 part      8 + 33 part      3 + 34 part      4 + 36 part      2 + 40 part      1 + 14 part     195 + 92 part     2 + 26 part      8 + 48 part      8 + 15 part      14 + 53 part     3 + 27 part      10 + 46 part     9 + 18 part      13 + 75 part     4 + 21 part      27 + 92 part     4 + 23 part      13 + 71 part     4 + 25 part      8 + 39 part      8 + 31 part      2 + 18 part      11 + 70 part     2 + 18 part      2 + 25 part     0 + 10 part     10 + 41 part     18 + 43 part     8 + 46 part      2 + 20 part      12 + 62 part     11 + 27 part     11 + 65 part     0 + 17 part      11 + 71 part     4 + 24 part      12 + 65 part     14 + 31 part     9 + 45 part      7 + 21 part      7 + 23 part     9 + 31 part    
Unaligned length             777982          912645           1013120          757071           834086           873902           659958           876461           877821           803614          604926           1106762          731849           603659           224527           378867          934457           425553           596720           427329          337103           637406           425887          1752639          334842          715010           773847           896222           773307           659560           772768           660479           811505           983286          773614           492830           771376          906362          770226           812045           1118635          284987          331318           474407          1117181          299121          1131106          299355          1115033          225900           300006          225074           300249          1094021          300341          868133           300972          813666           797169           543953          218467           603474          222314           1019947         640654           831669          642575           523602          1273051           403315          663624           603331           222286           342007           1461802           244382           1446148          783028           835118           834007           680600          634084           378659          632913           440707          565485            649908          631507           778470          777664          747968           774516           724420           772164           724810           773317          1126571          774388           845378          776368          560302           774293          1014486          774357          475682          770373           894398           861178           773016           772641           777108           772033           486435           775222          838148           776027          300495          775855          702747          772752          288253          688132           732102           645219           375071          687801           522381          644691           522475          618199           650713          647994          644586           687920           862867          686712           655797          663064           792825           686661           525925          685079           458892           686151           456881           687302           528134           647388           528137           686194           810024           617945           454753          667916            759176           1006446          334958           1002144          709546           1006359          335170           1001185          808006           1001061          819005           965540           769226           1006706          815468           216402           1003163          532096           620456          231418          1005615          837842           1007276          481744           1002976          489576           1003917          274536           1003482          323427           1001821          595074           438886           751458           656306          790203         
Genome fraction (%)          89.354          92.932           92.002           88.957           93.528           92.480           94.086           92.861           93.022           93.535          91.084           89.876           88.592           91.024           93.517           91.740          88.753           91.782           93.663           91.778          93.835           92.978           91.794          94.318           91.005          92.706           91.957           92.247           91.937           92.243           91.902           92.272           91.842           93.559          91.947           93.014           90.657          88.746          90.507           89.174           91.969           90.902          88.775           92.202          91.982           93.459          91.998           93.460          91.930           91.561           93.446          93.456           93.429          94.343           93.444          93.821           93.448          94.276           91.787           93.953          92.523           91.174          92.504           91.374          92.072           93.034          87.822           92.229          90.622            91.915          92.727           89.586           92.469           92.833           91.099            92.335           93.764           91.183           93.541           93.558           93.036          92.655           91.727          92.594           91.947          88.034            93.177          92.640           89.376          93.481          92.129           93.356           92.837           93.505           92.841           93.565          91.817           93.424           91.700          93.482          93.646           93.519          93.541           93.519          91.071          93.182           89.959           92.885           91.955           93.384           92.307           93.332           91.920           93.531          93.734           93.503          91.638          93.523          91.841          93.531          93.485          93.555           92.182           91.643           93.972          93.527           89.660          91.638           89.656          92.758           93.181          91.953          92.576           93.520           93.572          93.502           92.994          92.760           94.197           93.473           92.041          93.344           90.723           93.479           91.587           93.525           93.054           91.625           93.056           93.519           92.861           92.740           91.288          91.928            94.351           87.365           90.991           87.325           91.395           87.366           90.985           86.840           92.743           86.106           92.706           86.968           92.667           87.395           94.292           92.524           87.163           93.679           92.963          92.361          87.388           93.721           87.367           93.658           87.231           91.950           87.234           92.397           87.134           89.110           87.195           91.931           87.812           93.610           92.969          92.275         
Duplication ratio            1.001           1.008            1.001            1.002            1.001            1.001            1.001            1.001            1.001            1.001           1.002            1.001            1.000            1.003            1.001            1.000           1.002            1.001            1.001            1.001           1.001            1.001            1.001           1.010            1.001           1.001            1.003            1.001            1.002            1.001            1.002            1.001            1.003            1.002           1.002            1.001            1.001           1.001           1.001            1.006            1.001            1.001           1.002            1.001           1.001            1.003           1.001            1.003           1.001            1.001            1.003           1.001            1.003           1.002            1.003           1.001            1.003           1.001            1.003            1.001           1.001            1.001           1.001            1.001           1.002            1.001           1.001            1.001           1.038             1.001           1.001            1.001            1.001            1.002            1.057             1.001            1.008            1.002            1.001            1.001            1.001           1.001            1.001           1.001            1.001           1.003             1.002           1.001            1.001           1.001           1.001            1.001            1.001            1.002            1.001            1.002           1.002            1.001            1.001           1.001           1.003            1.001           1.001            1.002           1.001           1.002            1.002            1.002            1.002            1.031            1.002            1.002            1.001            1.001           1.002            1.002           1.001           1.002           1.001           1.002           1.001           1.001            1.001            1.001            1.002           1.001            1.002           1.002            1.002           1.001            1.002           1.001           1.002            1.001            1.002           1.001            1.001           1.002            1.002            1.001            1.002           1.001            1.001            1.001            1.003            1.001            1.003            1.001            1.003            1.001            1.007            1.001            1.001           1.019             1.001            1.001            1.001            1.001            1.001            1.001            1.001            1.003            1.002            1.002            1.001            1.002            1.002            1.001            1.001            1.001            1.002            1.002            1.001           1.001           1.001            1.002            1.001            1.002            1.002            1.002            1.002            1.001            1.002            1.002            1.002            1.003            1.001            1.001            1.001           1.002          
# N's per 100 kbp            0.00            0.00             0.00             0.00             0.00             0.00             0.00             0.00             0.00             0.00            0.00             0.00             0.00             0.00             0.00             0.00            0.00             0.00             0.00             0.00            0.00             0.00             0.00            0.00             0.00            0.00             0.00             0.00             0.00             0.00             0.00             0.00             0.00             0.00            0.00             0.00             0.00            0.00            0.00             0.00             0.00             0.00            0.00             0.00            0.00             0.00            0.00             0.00            0.00             0.00             0.00            0.00             0.00            0.00             0.00            0.00             0.00            0.00             0.00             0.00            0.00             0.00            0.00             0.00            0.00             0.00            0.00             0.00            0.00              0.00            0.00             0.00             0.00             0.00             0.00              0.00             0.00             0.00             0.00             0.00             0.00            0.00             0.00            0.00             0.00            0.00              0.00            0.00             0.00            0.00            0.00             0.00             0.00             0.00             0.00             0.00            0.00             0.00             0.00            0.00            0.00             0.00            0.00             0.00            0.00            0.00             0.00             0.00             0.00             0.00             0.00             0.00             0.00             0.00            0.00             0.00            0.00            0.00            0.00            0.00            0.00            0.00             0.00             0.00             0.00            0.00             0.00            0.00             0.00            0.00             0.00            0.00            0.00             0.00             0.00            0.00             0.00            0.00             0.00             0.00             0.00            0.00             0.00             0.00             0.00             0.00             0.00             0.00             0.00             0.00             0.00             0.00             0.00            0.00              0.00             0.00             0.00             0.00             0.00             0.00             0.00             0.00             0.00             0.00             0.00             0.00             0.00             0.00             0.00             0.00             0.00             0.00             0.00            0.00            0.00             0.00             0.00             0.00             0.00             0.00             0.00             0.00             0.00             0.00             0.00             0.00             0.00             0.00             0.00            0.00           
# mismatches per 100 kbp     543.22          600.20           975.14           556.79           546.20           544.10           579.51           542.34           544.58           540.00          570.02           974.14           545.27           571.37           570.85           545.98          992.35           546.35           536.21           546.63          540.85           552.94           546.08          1089.25          528.46          552.51           970.65           976.23           969.95           975.15           968.34           974.11           971.40           537.05          969.91           959.73           533.80          521.73          531.88           601.91           973.16           540.13          539.83           511.70          974.34           569.47          972.72           569.41          972.53           571.69           568.71          568.78           568.28          547.98           573.79          550.13           566.75          550.09           954.77           542.43          533.43           954.95          530.61           952.87          550.55           541.70          935.57           927.59          864.18            556.48          554.33           2163.40          533.11           558.06           905.66            515.30           965.62           1045.44          546.38           546.38           547.50          572.65           546.01          575.05           570.10          545.11            948.60          575.12           544.31          539.62          974.16           540.19           575.17           544.42           576.01           545.50          966.40           538.15           928.67          542.18          579.64           542.03          541.10           541.72          559.82          558.53           564.96           537.12           970.18           557.04           968.02           544.83           521.68           538.39          543.28           544.05          546.78          543.18          541.57          544.83          551.30          551.74           968.51           549.65           541.63          551.56           540.39          551.70           543.95          546.93           948.36          549.27          551.68           553.71           537.86          550.80           558.15          551.31           549.45           550.78           552.74          550.73           609.47           550.81           508.99           552.69           639.26           548.59           639.11           553.52           593.14           545.36           972.18          576.98            546.34           1109.18          529.10           1107.92          953.12           1109.40          527.38           1108.42          523.69           1103.96          521.87           1106.89          520.86           1110.63          550.50           532.36           1108.42          528.85           546.67          509.71          1109.51          543.79           1108.11          527.28           1110.22          522.61           1109.30          512.50           1108.43          640.01           1109.00          981.18           495.15           537.17           554.81          971.68         
# indels per 100 kbp         10.90           11.23            19.22            12.21            11.48            11.32            12.63            11.37            11.12            11.12           12.16            19.16            10.89            12.12            12.10            10.99           18.74            11.12            10.29            11.13           10.81            12.28            11.03           21.50            10.32           11.35            21.17            19.12            21.36            19.90            21.45            19.71            21.55            10.63           21.42            18.45            11.76           9.95            11.24            12.94            19.24            10.68           11.03            11.40           19.11            11.31           19.12            11.35           19.22            12.24            11.28           12.09            11.17           10.33            12.32           10.91            11.07           10.72            19.31            10.94           11.44            19.09           11.38            19.00           11.60            10.14           18.42            19.04           14.84             10.16           11.73            45.37            11.50            10.74            16.10             10.50            18.79            19.92            11.47            11.46            11.10           10.86            11.02           11.28            11.08           11.05             18.18           11.05            10.85           11.44           19.29            11.44            10.77            11.75            10.84            12.12           18.79            11.27            18.85           12.05           12.80            11.80           11.48            11.77           11.44           11.00            11.00            11.22            21.29            11.95            18.87            11.87            10.73            11.34           10.28            11.93           11.77           12.04           10.54           12.11           11.61           10.25            19.15            11.91            11.00           10.43            9.90            11.92            10.18           10.87            18.25           11.60           11.55            10.38            11.12           10.32            12.64           10.40            11.34            10.37            11.79           10.27            12.72            10.45            10.40            10.43            13.38            11.87            13.36            10.53            11.12            10.75            19.84           10.45             10.16            22.69            10.52            22.59            18.74            22.67            10.32            22.63            10.27            22.32            10.09            22.77            10.23            22.91            10.87            11.41            22.69            10.94            11.06           10.83           22.73            10.23            22.71            10.80            22.85            10.74            22.70            9.89             22.82            13.25            22.70            19.52            10.41            10.77            12.50           19.05          
# genomic features           5586 + 85 part  5783 + 102 part  5732 + 108 part  5533 + 110 part  5817 + 97 part   5516 + 333 part  5866 + 82 part   5674 + 181 part  5746 + 103 part  5823 + 97 part  5603 + 153 part  5623 + 104 part  5586 + 76 part   5602 + 148 part  5816 + 66 part   5702 + 88 part  5505 + 127 part  5690 + 102 part  5812 + 107 part  5698 + 91 part  5579 + 367 part  5795 + 88 part   5706 + 88 part  5772 + 177 part  5674 + 76 part  5797 + 94 part   5683 + 107 part  5738 + 110 part  5680 + 100 part  5743 + 110 part  5611 + 171 part  5743 + 106 part  5634 + 143 part  5799 + 82 part  5681 + 103 part  5791 + 107 part  5610 + 92 part  5542 + 90 part  5579 + 102 part  5578 + 103 part  5722 + 113 part  5665 + 63 part  5505 + 145 part  5751 + 66 part  5727 + 111 part  5819 + 76 part  5727 + 113 part  5818 + 77 part  5721 + 116 part  5707 + 72 part   5820 + 77 part  5802 + 82 part   5818 + 79 part  5813 + 122 part  5822 + 78 part  5614 + 325 part  5816 + 79 part  5774 + 158 part  5666 + 104 part  5831 + 88 part  5754 + 57 part   5671 + 92 part  5759 + 56 part   5676 + 94 part  5556 + 309 part  5752 + 89 part  5490 + 87 part   5756 + 80 part  3911 + 1984 part  5757 + 73 part  5786 + 99 part   5507 + 138 part  5751 + 56 part   5782 + 97 part   2844 + 3046 part  5724 + 66 part   5750 + 169 part  5681 + 114 part  5823 + 94 part   5810 + 103 part  5803 + 91 part  5736 + 121 part  5707 + 85 part  5713 + 148 part  5709 + 76 part  4590 + 1067 part  5772 + 92 part  5747 + 114 part  5594 + 84 part  5798 + 87 part  5728 + 106 part  5756 + 129 part  5769 + 109 part  5767 + 112 part  5781 + 102 part  5782 + 96 part  5719 + 107 part  5777 + 106 part  5698 + 95 part  5794 + 86 part  5765 + 155 part  5792 + 90 part  5812 + 110 part  5776 + 95 part  5697 + 84 part  5637 + 226 part  5624 + 102 part  5578 + 339 part  5679 + 105 part  5700 + 180 part  5751 + 109 part  5689 + 193 part  5723 + 82 part   5791 + 88 part  5793 + 98 part   5792 + 92 part  5695 + 72 part  5787 + 83 part  5719 + 70 part  5788 + 86 part  5811 + 93 part  5832 + 108 part  5736 + 102 part  5706 + 106 part  5849 + 66 part  5823 + 113 part  5599 + 99 part  5715 + 100 part  5604 + 98 part  5666 + 215 part  5782 + 91 part  5713 + 96 part  5763 + 107 part  5827 + 111 part  5823 + 89 part  5820 + 121 part  5789 + 85 part  5579 + 347 part  5824 + 100 part  5765 + 172 part  5731 + 75 part  5742 + 197 part  5629 + 88 part   5790 + 147 part  5704 + 45 part   5812 + 133 part  5784 + 76 part   5729 + 86 part   5786 + 75 part   5772 + 167 part  5782 + 105 part  5681 + 201 part  5648 + 80 part  4200 + 1699 part  5841 + 89 part   5396 + 130 part  5672 + 78 part   5370 + 154 part  5684 + 93 part   5401 + 133 part  5671 + 76 part   5209 + 313 part  5737 + 69 part   4988 + 517 part  5725 + 72 part   5244 + 280 part  5720 + 77 part   5414 + 114 part  5831 + 95 part   5746 + 59 part   5285 + 243 part  5824 + 77 part   5796 + 88 part  5735 + 53 part  5407 + 121 part  5790 + 102 part  5399 + 134 part  5816 + 76 part   5307 + 221 part  5722 + 87 part   5305 + 217 part  5716 + 58 part   5274 + 252 part  5564 + 96 part   5305 + 228 part  5731 + 102 part  4972 + 715 part  5812 + 71 part   5798 + 85 part  5735 + 106 part
Largest alignment            306592          339298           317067           306592           302991           158923           403398           207085           277211           362093          136841           317067           411948           127530           341358           370587          272772           383298           384708           411527          131764           303184           391170          260342           425093          421912           286418           317066           286422           317068           217829           317068           230750           486217          286422           341201           365763          370322          247842           382864           317067           409699          255428           308422          317217           376812          317067           376812          317067           341103           346646          339650           376812          300083           466678          183521           376812          274819           301406           315520          429980           338684          563622           286512          218038           334187          316379           376141          55410             411742          293143           400323           504654           501787           30938             385037           286483           286712           362092           362092           301830          259030           411521          200996           315415          28944             388114          339315           306592          357805          317055           220899           316673           268474           316946           440048          317067           357805           375635          485951          181093           276890          296244           439618          326027          134300           244159           158955           286423           233827           317067           293559           378243           357805          277212           485981          376940          375655          376150          440387          384585          317107           317067           486370           376219          317107           303082          485275           284647          356034           387860          304813          445306           317107           410259          293119           412008          166190           320957           226100           328624          192608           311955           207745           376094           317107           375824           486370           375824           274936           316946           301831           376196          18824             362091           376480           402572           376847           320670           376577           339240           139790           452438           85803            388492           210562           276986           376480           302239           387345           217264           500986           412073          403422          330853           302658           220494           376235           376480           331410           217880           293066           197716           375724           172243           376022           99052            486211           412071          317067         
Total aligned length         5812156         6080283          5983388          5792121          6084325          6012102          6115364          6035019          6047035          6082079         5919918          5844576          5758998          5917195          6079442          5951406         5777505          5966870          6088019          5955548         6102936          6047647          5955721         6183733          5915448         6027500          5986082          5999567          5982551          5998459          5979036          6001172          5980559          6076265         5984804          6051414          5892965         5773055         5882876          5816468          5983255          5906795         5774611          5982957         5983295          6091202         5983708          6092722         5979623          5952921          6086051         6075091          6086562         6138225          6090364         6101287          6088369         6132860          5976855          6105745         6018289          5930122         6014670          5943950         5990332          6051252         5709259          5996166         6100774           5975896         6029045          5823744          6010875          6040128          6237320           6002718          6138379          5933149          6083249          6084986          6051525         6022068          5950820         6020133          5976413         5726134           6064259         6021437          5812825         6077464         5992024          6058005          6036522          6086134          6037233          6078534         5974069          6063762          5963671         6066552         6087258          6072065         6081517          6082954         5922644         6054945          5850549          6041449          5983053          6255048          6005238          6073938          5976243          6082056         6096811          6085386         5944076         6073184         5959865         6075917         6078826         6082427          5994750          5945979          6114504         6079201          5835708         5960722          5835846         6030759          6065383         5965678         6028225          6081735          6089220         6078223          6036957         6032875          6125814          6076727          5993066         6069461          5900753          6079157          5967380          6079437          6057670          5943065          6058312          6079738          6068770          6029980          5931328         6072222           6136793          5680824          5915436          5676669          5943514          5679498          5918061          5654538          6035986          5599153          6028901          5657353          6027863          5681284          6133586          6014994          5669356          6095970          6031136         6005064         5680667          6096586          5682001          6097488          5677863          5982466          5674191          6007174          5667216          5798110          5672478          5991405          5708588          6075543          6031583         6002595        
NA50                         92785           102414           88807            84588            108905           32078            125155           57544            98210            124947          48705            92014            128103           49667            130878           165018          68260            121815           100381           152984          31818            107825           169485          47523            157464          121811           95370            92014            93032            102586           59000            92789            68124            115912          93032            94425            106748          98450           72569            81414            70596            164488          67424            138093          92014            157236          88807            157423          88807            124809           157235          126436           157424          78014            164182          32151            143207          68338            90333            130123          171732           102436          184609           84586           33936            101171          102431           117363          2555              164147          121811           81854            160052           119694           1341              114310           58530            85759            118862           108905           112839          94256            169485          76450            138999          6121              99284           102400           90084           115911          102595           89946            94068            90743            121820           104475          88807            101128           102417          115910          52769            101744          91005            97955           116222          30805            68391            33095            96634            56036            102585           56029            111784           102693          105154           108946          121809          104786          117671          104786          138384          116264           93856            100451           164398          115599           103661          109295           103661          52330            103589          108944          121834           114491           106759          90091            142635          32944            92781            73700            114413          57872            117671           76885            154625           98333            101225           122856           101011           74765            102414           55825            158976          3750              113931           63401            156284           57906            103760           68295            126502           27275            108877           17313            105957           33276            106544           70596            110432           171773           41832            154619           114392          158969          71625            98450            66864            142650           45277            117876           41795            114721           35121            109392           41794            91694            14254            117679           121803          92820          
NGA50                        92785           116935           92014            90788            118862           33431            126219           60575            102916           136717          48705            94275            128103           49667            130878           165018          68320            117600           107076           152984          31631            110297           169485          63402            156284          127510           103754           102431           95369            104525           63817            102433           69514            126419          96634            100301           108875          103714          84461            81414            87856            160610          63816            138093          102431           157236          93856            157423          92789            114348           157235          112153           157236          89730            164182          36440            143207          74929            92202            130123          168643           102436          184609           90275           35389            106544          102431           117363          3072              164147          127512           79263            159102           117671           1592              114286           73130            86572            124136           124019           114570          99531            169485          84712            125290          5965              103595          103802           90811           133324          104525           94237            102414           94239            131947           108946          93151            102693           104194          124600          55380            104475          106170           102695          116222          31769            70590            34320            103750           60545            104525           58836            111784           108982          106857           117679          114555          110295          125700          115910          138384          118510           102431           100451           164398          118510           103661          109295           98823           52968            106317          110584          123729           114794           111140          93654            142635          33280            110236           74818            114413          60487            117671           80866            154625           103272           101225           128389           101011           79390            116935           56775            150114          3882              124751           67128            156284           59396            106187           69440            121834           28110            109475           17423            106544           33629            109189           73799            124751           164002           43566            154619           114392          155952          73799            106614           69440            154613           45649            117876           44036            114721           36491            104610           44036            91694            13323            126645           142635          102431         
NA75                         50455           41894            40418            40008            52775            11779            64361            23830            49232            53307           24981            34002            52877            23500            74903            74835           26775            66089            54701            70734           14493            64055            98451           3672             68991           63080            49441            48385            49441            50730            28974            50730            33723            49732           51044            53423            46720           44565           36200            31162            30479            73595           29665            68337           32330            79951           30479            72453           38150            70370            72886           70586            79951           38153            85839           12490            73631           28760            43296            55082           90221            53428           103343           42207           15795            52701           51517            64043           851               71197           58762            30367            93079            71117            668               71433            12814            40097            51133            50738            64058           39617            98434           33890            72218           3206              52775           54272            51082           54757           48385            32239            47577            40000            50645            47986           33012            38138            53689           51042           29367            47526           40910            46844           68918           12017            28989            12304            49441            20374            49494            21597            64379            47994           38892            56161           68917           51042           68492           50581           74770           69301            47586            49661            84558           72446            53362           54754            56070           23686            53490           50581           53993            69301            47547           48296            68512           13552            47640            32234            67777           25856            54874            33049            71117            48542            48279            58163            48388            32221            47577            22580            56067           1891              53880            25407            68991            21028            50755            24271            68338            10479            64071            5636             60123            11866            49632            26542            49624            90033            12696            64119            63894           82566           26952            38892            25763            58852            15458            66200            15094            69252            14668            64427            14929            57499            5941             56162            64457           48081          
NGA75                        51082           50620            51203            41343            61171            14890            68514            30407            58336            68504           25242            49494            52877            23740            70586            68550           32027            59388            57994            70373           13717            68338            94733           26962            59255           72175            53495            52953            53495            52077            32815            53551            36948            70371           53439            53631            49236           52476           39252            36040            49494            68919           23723            68337           51771            73631           49494            68521           50730            58218            68521           68462            73631           54192            73631           16732            72571           34115            52442            57941           84572            53428           91725            48385           16674            64119           50730            64043           1423              67547           63080            30247            84572            70371            978               63389            30376            45627            58274            57560            68538           46686            74391           36717            71134           2950              54656           56162            52514           63946           52953            36899            50645            49629            62000            56162           50755            45583            63990           58105           31582            57047           56086            51042           62185           14618            31749            14572            53495            29351            53647            25809            64379            53122           50472            68072           58045           58105           70371           56309           73352           73677            50755            52248            84558           73355            51326           56163            51326           25746            56158           53765           56165            72446            54694           54873            71141           15045            64071            35589            68443           29891            49389            38179            69019            54597            49993            68539            50747            33774            51524            25447            53652           2134              65807            26952            63220            23488            53647            27669            63345            11526            68584            6169             68376            12977            60123            29783            64071            76428            14677            66575            64122           78951           39527            50472            27432            63816            17115            66200            16842            61404            16055            50692            16763            58654            5038             68325            68539           51203          
LA50                         19              19               22               22               19               67               17               34               21               16              42               22               16               43               15               13              27               16               19               14              62               19               12              43               13              16               21               23               23               20               37               21               30               17              22               20               20              20              25               22               26               12              28               16              24               15              24               15              24               17               15              16               14              25               13              58               15              31               24               17              13               20              12               24              49               20              20               16              712               14              17               22               11               14               1647              15               34               23               18               18               17              24               12              27               14              302               22              20               21              18              20               25               20               25               17               19              23               21               21              16              40               22              24               20              15              66               30               61               21               38               20               39               17               20              22               17              15              19              16              18              14              19               21               21               13              20               19              19               19              36               21              19              16               20               19              24               14              57               20               33               17              32               15               28               13               22               18               15               18               29               20               35               15              556               18               31               14               33               19               30               15               65               18               101              20               53               21               27               18               12               47               13               16              12              27               22               32               14               41               16               46               16               49               18               45               18               122              17               15              21             
LGA50                        19              16               20               21               18               61               16               31               19               15              42               20               16               43               15               13              26               17               18               14              63               18               12              30               14              15               19               21               21               19               35               20               28               15              20               19               19              19              24               22               22               13              31               16              21               15              20               15              21               18               15              17               15              21               13              51               15              28               23               17              14               20              12               21              47               18              20               16              553               14              16               23               12               15               1232              16               26               22               16               16               16              23               12              26               15              318               21              19               20              16              19               23               18               23               16               17              20               19               19              14              38               20              20               18              15              61               28               55               20               33               19               36               17               18              20               15              16              17              15              16              14              18               20               21               13              19               19              19               20              35               19              18              15               19               16              22               14              54               18               31               17              30               15               26               13               20               18               14               18               27               18               33               16              523               16               29               14               31               18               29               16               62               17               98               19               51               19               25               16               13               45               13               16              13              26               19               30               13               39               16               44               16               47               19               43               18               135              15               14              20             
LA75                         44              45               52               49               42               156              37               80               45               37              88               52               35               88               30               26              63               34               40               29              140              39               24              151              28              36               44               50               46               44               76               46               66               39              45               42               44              44              57               54               60               25              62               33              54               29              57               30              56               33               30              33               28              56               26              145              30              70               50               37              26               43              22               54              121              43              42               35              1943              28              37               54               25               31               3657              32               98               51               40               42               36              50               24              56               31              652               46              42               45              38              46               60               45               51               38               43              56               50               43              37              81               45              51               45              32              152              68               153              44               88               45               88               36               43              49               38              32              41              34              40              30              38               49               45               27              39               39              41               39              84               43              40              37               39               43              49               32              138              45               66               37              74               34               60               28               46               41               33               41               63               45               82               32              1171              40               70               29               80               43               68               33               161              39               263              42               135              44               62               41               26               117              30               36              26              61               50               71               31               103              34               112              32               122              36               112              40               289              37               33              48             
LGA75                        43              37               44               48               37               134              34               69               39               32              87               44               35               87               32               28              58               35               38               30              143              37               25              66               31              33               40               44               43               42               70               43               59               32              42               41               41              41              54               51               48               28              73               33              44               30              45               31              46               37               31              36               29              45               27              120              31              59               46               35              28               43              25               47              114              38              44               35              1331              29              35               55               28               32               2532              34               59               48               35               37               33              47               26              52               32              700               42              40               44              34              42               52               41               45               34               38              45               43               39              32              77               40              42               39              34              133              62               130              40               72               41               76               36               38              42               33              35              36              32              35              31              35               45               43               27              37               41              39               41              80               40              38              34               37               37              45               30              128              39               60               36              67               36               54               29               42               40               31               39               57               39               77               33              1076              35               65               32               73               40               62               35               150              35               249              38               127              40               56               35               28               107              28               34              28              56               42               66               30               94               34               103              35               114              41               103              39               337              33               31              44             
