All statistics are based on contigs of size >= 500 bp, unless otherwise noted (e.g., "# contigs (>= 0 bp)" and "Total length (>= 0 bp)" include all contigs).

Assembly         # contigs (>= 0 bp)  # contigs (>= 1000 bp)  # contigs (>= 5000 bp)  # contigs (>= 10000 bp)  # contigs (>= 25000 bp)  # contigs (>= 50000 bp)  Total length (>= 0 bp)  Total length (>= 1000 bp)  Total length (>= 5000 bp)  Total length (>= 10000 bp)  Total length (>= 25000 bp)  Total length (>= 50000 bp)  # contigs  Largest contig  Total length  Reference length  GC (%)  Reference GC (%)  N50     NG50    N75     NG75    L50  LG50  L75   LG75  # misassemblies  # misassembled contigs  Misassembled contigs length  # local misassemblies  # scaffold gap ext. mis.  # scaffold gap loc. mis.  # unaligned mis. contigs  # unaligned contigs  Unaligned length  Genome fraction (%)  Duplication ratio  # N's per 100 kbp  # mismatches per 100 kbp  # indels per 100 kbp  # genomic features  Largest alignment  Total aligned length  NA50    NGA50   NA75    NGA75  LA50  LGA50  LA75  LGA75
10_C21_contigs   191                  55                      40                      36                       33                       27                       6615613                 6587902                    6553176                    6524727                     6486856                     6262929                     62         566479          6592134       6498072           65.85   66.35             308908  308908  238778  238778  8    8     14    14    66               21                      5489977                      39                     0                         0                         0                         5 + 32 part          777982            89.354               1.001              0.00               543.22                    10.90                 5586 + 85 part      306592             5812156               92785   92785   50455   51082  19    19     44    43   
10_C92_contigs   201                  64                      51                      47                       41                       28                       7023102                 6986354                    6960867                    6928174                     6815516                     6345266                     83         925598          6998288       6498072           65.77   66.35             300555  300555  136220  177734  7    7     16    14    60               25                      5271096                      65                     0                         0                         2                         14 + 35 part         912645            92.932               1.008              0.00               600.20                    11.23                 5783 + 102 part     339298             6080283               102414  116935  41894   50620  19    16     45    37   
11_C145_contigs  167                  50                      39                      37                       33                       31                       7018298                 6991951                    6965487                    6947735                     6866674                     6771732                     61         662519          6999496       6498072           65.76   66.35             324041  324141  145832  165444  8    7     16    14    73               22                      5507658                      71                     0                         0                         2                         7 + 28 part          1013120           92.002               1.001              0.00               975.14                    19.22                 5732 + 108 part     317067             5983388               88807   92014   40418   51203  22    20     52    44   
11_C22_contigs   189                  75                      58                      51                       48                       39                       6570597                 6547758                    6506257                    6460798                     6420160                     6079105                     81         443126          6551668       6498072           65.92   66.35             238119  238119  90788   90788   11   11    22    22    63               27                      4022171                      44                     0                         0                         0                         7 + 40 part          757071            88.957               1.002              0.00               556.79                    12.21                 5533 + 110 part     306592             5792121               84588   90788   40008   41343  22    21     49    48   
12_C147_contigs  139                  39                      28                      25                       22                       20                       6934601                 6918792                    6893676                    6874155                     6814474                     6741780                     40         1237530         6919398       6498072           66.02   66.35             498464  592559  270324  278531  5    4     9     8     71               16                      6206578                      56                     0                         0                         0                         8 + 18 part          834086            93.528               1.001              0.00               546.20                    11.48                 5817 + 97 part      302991             6084325               108905  118862  52775   61171  19    18     42    37   
12_C31_contigs   422                  285                     196                     157                      89                       40                       6912551                 6870943                    6651164                    6373737                     5253702                     3446471                     313        231266          6891765       6498072           66.00   66.35             50541   52575   27994   31788   40   37    86    77    54               35                      2306034                      43                     0                         0                         5                         15 + 52 part         873902            92.480               1.001              0.00               544.10                    11.32                 5516 + 333 part     158923             6012102               32078   33431   11779   14890  67    61     156   134  
13_C149_contigs  85                   33                      29                      28                       26                       22                       6788173                 6776197                    6767007                    6761466                     6731619                     6570150                     38         1075930         6779657       6498072           66.25   66.35             445995  470634  226989  260121  6    5     11    10    64               19                      5706164                      50                     0                         0                         0                         4 + 22 part          659958            94.086               1.001              0.00               579.51                    12.63                 5866 + 82 part      403398             6115364               125155  126219  64361   68514  17    16     37    34   
13_C32_contigs   276                  133                     104                     87                       69                       49                       6939676                 6908315                    6838751                    6710253                     6403868                     5702134                     143        343956          6915953       6498072           66.03   66.35             118290  125096  59101   71149   19   17    40    35    58               33                      3626865                      43                     0                         0                         3                         13 + 46 part         876461            92.861               1.001              0.00               542.34                    11.37                 5674 + 181 part     207085             6035019               57544   60575   23830   30407  34    31     80    69   
14_C33_contigs   148                  51                      39                      36                       34                       26                       6947252                 6925996                    6907001                    6886820                     6845838                     6557182                     58         937011          6931204       6498072           66.04   66.35             268594  270524  202087  209260  7    6     15    13    68               23                      5946453                      50                     0                         0                         0                         13 + 29 part         877821            93.022               1.001              0.00               544.58                    11.12                 5746 + 103 part     277211             6047035               98210   102916  49232   58336  21    19     45    39   
14_C94_contigs   83                   26                      19                      19                       19                       17                       6897813                 6884825                    6864912                    6864912                     6864912                     6796597                     30         963065          6888214       6498072           66.05   66.35             656189  797594  593044  593044  5    4     7     7     69               13                      6132038                      52                     0                         0                         0                         2 + 16 part          803614            93.535               1.001              0.00               540.00                    11.12                 5823 + 97 part      362093             6082079               124947  136717  53307   68504  16    15     37    32   
15_C44_contigs   207                  167                     152                     130                      94                       50                       6545360                 6535058                    6492568                    6317723                     5693894                     4101480                     171        161820          6538146       6498072           66.22   66.35             62283   63006   38376   38376   36   35    69    69    45               33                      1787182                      40                     0                         0                         0                         22 + 57 part         604926            91.084               1.002              0.00               570.02                    12.16                 5603 + 153 part     136841             5919918               48705   48705   24981   25242  42    42     88    87   
15_C96_contigs   188                  55                      43                      38                       31                       31                       6976566                 6946428                    6918521                    6876666                     6753189                     6753189                     67         554730          6953930       6498072           65.67   66.35             271735  338478  155644  165456  9    8     17    15    70               22                      5519461                      67                     0                         0                         0                         17 + 32 part         1106762           89.876               1.001              0.00               974.14                    19.16                 5623 + 104 part     317067             5844576               92014   94275   34002   49494  22    20     52    44   
16_C100_contigs  121                  46                      33                      28                       23                       19                       6503278                 6486943                    6460863                    6428924                     6351358                     6206440                     52         672297          6491476       6498072           65.87   66.35             413520  413520  349871  349871  7    7     11    11    63               15                      5818493                      58                     0                         0                         0                         25 + 15 part         731849            88.592               1.000              0.00               545.27                    10.89                 5586 + 76 part      411948             5758998               128103  128103  52877   52877  16    16     35    35   
16_C45_contigs   253                  172                     152                     130                      94                       53                       6548697                 6529597                    6473752                    6308075                     5687480                     4181699                     179        128092          6534282       6498072           66.22   66.35             63080   63080   39219   39360   37   37    70    69    46               36                      1744026                      42                     0                         0                         0                         27 + 59 part         603659            91.024               1.003              0.00               571.37                    12.12                 5602 + 148 part     127530             5917195               49667   49667   23500   23740  43    43     88    87   
17_C102_contigs  122                  30                      25                      25                       25                       23                       6323778                 6306868                    6298694                    6298694                     6298694                     6227882                     33         582080          6308861       6498072           66.52   66.35             389311  389311  244192  232102  7    7     12    13    56               16                      5407616                      45                     0                         0                         0                         1 + 18 part          224527            93.517               1.001              0.00               570.85                    12.10                 5816 + 66 part      341358             6079442               130878  130878  74903   70586  15    15     30    32   
17_C64_contigs   117                  27                      23                      23                       23                       20                       6358091                 6336672                    6329034                    6329034                     6329034                     6228879                     35         745093          6342590       6498072           66.36   66.35             427129  427129  303113  303113  6    6     11    11    52               15                      5244565                      51                     0                         0                         1                         1 + 19 part          378867            91.740               1.000              0.00               545.98                    10.99                 5702 + 88 part      370587             5951406               165018  165018  74835   68550  13    13     26    28   
18_C119_contigs  163                  63                      52                      48                       42                       34                       6730098                 6707440                    6677786                    6643490                     6530764                     6220829                     74         554055          6715178       6498072           65.84   66.35             309268  309268  121146  124994  9    9     21    19    86               30                      5694643                      71                     0                         0                         1                         10 + 34 part         934457            88.753               1.002              0.00               992.35                    18.74                 5505 + 127 part     272772             5777505               68260   68320   26775   32027  27    26     63    58   
18_C65_contigs   110                  40                      33                      33                       31                       27                       6405806                 6390519                    6378003                    6378003                     6349679                     6232483                     44         738311          6393305       6498072           66.34   66.35             317413  317413  177872  177872  8    8     14    14    55               20                      5025605                      54                     0                         0                         0                         0 + 22 part          425553            91.782               1.001              0.00               546.35                    11.12                 5690 + 102 part     383298             5966870               121815  117600  66089   59388  16    17     34    35   
19_C120_contigs  156                  51                      42                      40                       37                       27                       6706257                 6685969                    6665648                    6655034                     6616431                     6217403                     54         500067          6688188       6498072           66.20   66.35             284647  313143  179777  179777  9    8     15    15    60               24                      5371138                      53                     0                         0                         0                         7 + 30 part          596720            93.663               1.001              0.00               536.21                    10.29                 5812 + 107 part     384708             6088019               100381  107076  54701   57994  19    18     40    38   
19_C67_contigs   92                   28                      23                      22                       21                       19                       6406386                 6392296                    6383089                    6377967                     6365722                     6306527                     32         1246711         6395150       6498072           66.34   66.35             425607  425607  260517  260517  5    5     10    10    57               15                      5781068                      52                     0                         0                         0                         0 + 17 part          427329            91.778               1.001              0.00               546.63                    11.13                 5698 + 91 part      411527             5955548               152984  152984  70734   70373  14    14     29    30   
1_C3_contigs     432                  322                     211                     159                      78                       29                       6460576                 6419932                    6141401                    5755727                     4424732                     2660180                     352        280169          6442860       6498072           66.28   66.35             41205   40616   20244   20110   42   43    97    99    53               29                      2019632                      50                     0                         0                         1                         2 + 32 part          337103            93.835               1.001              0.00               540.85                    10.81                 5579 + 367 part     131764             6102936               31818   31631   14493   13717  62    63     140   143  
20_C123_contigs  165                  43                      33                      31                       30                       28                       6708455                 6683347                    6660116                    6647229                     6630476                     6556528                     47         499653          6686056       6498072           66.30   66.35             345231  352269  200087  250701  9    8     15    14    57               21                      5838995                      65                     0                         0                         0                         8 + 27 part          637406            92.978               1.001              0.00               552.94                    12.28                 5795 + 88 part      303184             6047647               107825  110297  64055   68338  19    18     39    37   
20_C68_contigs   88                   19                      15                      15                       15                       13                       6406242                 6389701                    6382063                    6382063                     6382063                     6323885                     25         972347          6393723       6498072           66.34   66.35             744071  744071  431420  431420  4    4     7     7     55               10                      5426230                      54                     0                         0                         0                         0 + 13 part          425887            91.794               1.001              0.00               546.08                    11.03                 5706 + 88 part      391170             5955721               169485  169485  98451   94733  12    12     24    25   
21_C124_contigs  576                  316                     174                     135                      83                       49                       7989970                 7912189                    7616911                    7352370                     6492368                     5219604                     358        260343          7945175       6498072           65.45   66.35             79414   92982   36616   58578   30   21    67    43    50               38                      2980513                      67                     0                         0                         27                        50 + 136 part        1752639           94.318               1.010              0.00               1089.25                   21.50                 5772 + 177 part     260342             6183733               47523   63402   3672    26962  43    30     151   66   
21_C78_contigs   131                  33                      24                      23                       21                       18                       6269681                 6248541                    6230725                    6224907                     6199341                     6107435                     38         891087          6252067       6498072           66.54   66.35             484191  480575  395888  309062  5    6     9     10    49               13                      5074143                      48                     0                         0                         0                         7 + 18 part          334842            91.005               1.001              0.00               528.46                    10.32                 5674 + 76 part      425093             5915448               157464  156284  68991   59255  13    14     28    31   
22_C128_contigs  133                  31                      22                      18                       15                       14                       6761007                 6740072                    6719082                    6695240                     6652397                     6604182                     37         1016458         6744343       6498072           66.15   66.35             765097  765097  409706  512359  4    4     7     6     66               13                      6527879                      69                     0                         0                         0                         14 + 15 part         715010            92.706               1.001              0.00               552.51                    11.35                 5797 + 94 part      421912             6027500               121811  127510  63080   72175  16    15     36    33   
22_C79_contigs   90                   35                      29                      27                       23                       21                       6774999                 6759218                    6748491                    6733364                     6673118                     6605178                     43         965440          6765554       6498072           66.14   66.35             582018  582018  274504  287123  5    5     10    9     67               17                      5988355                      65                     0                         0                         2                         3 + 25 part          773847            91.957               1.003              0.00               970.65                    21.17                 5683 + 107 part     286418             5986082               95370   103754  49441   53495  21    19     44    40   
23_C131_contigs  137                  37                      30                      28                       27                       26                       6914756                 6892249                    6875316                    6857564                     6841830                     6793630                     45         755207          6898091       6498072           66.01   66.35             432982  432982  183059  217035  6    6     12    11    77               22                      6308214                      72                     0                         0                         1                         0 + 23 part          896222            92.247               1.001              0.00               976.23                    19.12                 5738 + 110 part     317066             5999567               92014   102431  48385   52953  23    21     50    44   
23_C80_contigs   110                  45                      37                      35                       31                       28                       6773096                 6757339                    6740516                    6725388                     6665143                     6558833                     50         716920          6761361       6498072           66.14   66.35             383219  383219  182261  195433  7    7     14    13    62               21                      5396795                      67                     0                         0                         3                         2 + 30 part          773307            91.937               1.002              0.00               969.95                    21.36                 5680 + 100 part     286422             5982551               93032   95369   49441   53495  23    21     46    43   
24_C133_contigs  182                  42                      34                      32                       30                       27                       6683465                 6651199                    6632210                    6614458                     6586361                     6468829                     55         680603          6660699       6498072           66.15   66.35             324043  342118  165450  169855  8    7     15    14    72               25                      5958548                      67                     0                         0                         2                         2 + 27 part          659560            92.243               1.001              0.00               975.15                    19.90                 5743 + 110 part     317068             5998459               102586  104525  50730   52077  20    19     44    42   
24_C81_contigs   203                  117                     94                      86                       70                       49                       6770147                 6747587                    6686859                    6631777                     6365116                     5547409                     126        317972          6754549       6498072           66.13   66.35             102905  111905  68762   69873   20   19    41    39    60               38                      3927841                      67                     0                         0                         3                         2 + 46 part          772768            91.902               1.002              0.00               968.34                    21.45                 5611 + 171 part     217829             5979036               59000   63817   28974   32815  37    35     76    70   
25_C134_contigs  184                  42                      33                      31                       30                       28                       6686083                 6657098                    6636200                    6619492                     6603758                     6528488                     52         626521          6663658       6498072           66.15   66.35             306922  306922  217036  237326  8    8     15    14    75               25                      5949240                      70                     0                         0                         0                         1 + 26 part          660479            92.272               1.001              0.00               974.11                    19.71                 5743 + 106 part     317068             6001172               92789   102433  50730   53551  21    20     46    43   
25_C83_contigs   157                  86                      75                      71                       59                       48                       6807251                 6787654                    6763308                    6731253                     6548349                     6141108                     96         466906          6795313       6498072           66.11   66.35             134023  134218  81147   82926   15   14    32    30    60               34                      4420639                      65                     0                         0                         4                         7 + 41 part          811505            91.842               1.003              0.00               971.40                    21.55                 5634 + 143 part     230750             5980559               68124   69514   33723   36948  30    28     66    59   
26_A1_contigs    96                   33                      28                      28                       26                       24                       7083202                 7070387                    7058872                    7058872                     7020600                     6960173                     37         1080893         7072840       6498072           65.96   66.35             307802  420455  221437  270770  6    5     13    11    62               18                      5848753                      50                     0                         0                         1                         4 + 22 part          983286            93.559               1.002              0.00               537.05                    10.63                 5799 + 82 part      486217             6076265               115912  126419  49732   70371  17    15     39    32   
26_C84_contigs   125                  48                      40                      38                       34                       30                       6773955                 6753347                    6739217                    6724089                     6661370                     6523724                     59         806665          6761072       6498072           66.14   66.35             288927  288927  166127  176285  8    8     16    15    60               23                      5173703                      67                     0                         0                         3                         2 + 30 part          773614            91.947               1.002              0.00               969.91                    21.42                 5681 + 103 part     286422             5984804               93032   96634   51044   53439  22    20     45    42   
27_A2_contigs    84                   29                      23                      23                       22                       19                       6555035                 6541468                    6522809                    6522809                     6506736                     6384599                     35         837290          6545290       6498072           66.22   66.35             541853  541853  252488  271663  5    5     10    9     82               16                      6015465                      63                     0                         0                         0                         5 + 16 part          492830            93.014               1.001              0.00               959.73                    18.45                 5791 + 107 part     341201             6051414               94425   100301  53423   53631  20    19     42    41   
27_C85_contigs   142                  63                      48                      40                       34                       27                       6680379                 6661830                    6622610                    6563706                     6475092                     6196001                     69         781783          6666341       6498072           66.05   66.35             245114  309078  155470  170722  8    7     16    15    57               25                      5139915                      38                     0                         0                         2                         10 + 31 part         771376            90.657               1.001              0.00               533.80                    11.76                 5610 + 92 part      365763             5892965               106748  108875  46720   49236  20    19     44    41   
28_A12_contigs   233                  65                      45                      38                       33                       28                       6708964                 6672264                    6614990                    6565262                     6487621                     6308806                     77         623328          6681150       6498072           65.91   66.35             365724  365724  129704  141445  7    7     14    13    53               21                      5640684                      43                     0                         0                         2                         28 + 33 part         906362            88.746               1.001              0.00               521.73                    9.95                  5542 + 90 part      370322             5773055               98450   103714  44565   52476  20    19     44    41   
28_C87_contigs   192                  90                      74                      64                       55                       42                       6674276                 6649914                    6611544                    6543181                     6409782                     5928123                     101        484984          6657477       6498072           66.06   66.35             139793  139793  101050  101955  15   15    29    28    55               33                      4758183                      38                     0                         0                         1                         6 + 44 part          770226            90.507               1.001              0.00               531.88                    11.24                 5579 + 102 part     247842             5882876               72569   84461   36200   39252  25    24     57    54   
29_A19_contigs   382                  143                     103                     85                       65                       41                       6685641                 6625830                    6520785                    6393713                     6029366                     5176045                     165        476297          6640015       6498072           65.83   66.35             114484  123545  54788   61268   17   16    38    36    35               24                      2796882                      42                     0                         0                         3                         41 + 55 part         812045            89.174               1.006              0.00               601.91                    12.94                 5578 + 103 part     382864             5816468               81414   81414   31162   36040  22    22     54    51   
29_C95_contigs   261                  70                      57                      51                       46                       41                       7133721                 7093942                    7064183                    7020299                     6920651                     6753012                     85         443094          7103480       6498072           65.73   66.35             215128  238188  117595  139305  11   10    23    20    68               25                      5170236                      71                     0                         0                         1                         18 + 38 part         1118635           91.969               1.001              0.00               973.16                    19.24                 5722 + 113 part     317067             5983255               70596   87856   30479   49494  26    22     60    48   
2_C155_contigs   69                   19                      17                      16                       16                       16                       6203427                 6193939                    6190580                    6185038                     6185038                     6185038                     21         890846          6195273       6498072           66.42   66.35             509832  509832  393757  327020  5    5     8     9     51               12                      5092202                      41                     0                         0                         0                         0 + 14 part          284987            90.902               1.001              0.00               540.13                    10.68                 5665 + 63 part      409699             5906795               164488  160610  73595   68919  12    13     25    28   
2_C4_contigs     249                  122                     96                      81                       53                       36                       6130828                 6100553                    6033007                    5916908                     5422732                     4793453                     134        385910          6108841       6498072           66.23   66.35             113295  102567  59490   47992   14   16    33    38    55               25                      3365893                      47                     0                         0                         1                         1 + 24 part          331318            88.775               1.002              0.00               539.83                    11.03                 5505 + 145 part     255428             5774611               67424   63816   29665   23723  28    31     62    73   
30_A36_contigs   143                  40                      31                      28                       26                       22                       6488101                 6469122                    6450189                    6430932                     6403234                     6259626                     44         788968          6471680       6498072           66.44   66.35             387934  387934  260742  260742  7    7     13    13    45               17                      5524950                      46                     0                         0                         2                         5 + 24 part          474407            92.202               1.001              0.00               511.70                    11.40                 5751 + 66 part      308422             5982957               138093  138093  68337   68337  16    16     33    33   
30_C97_contigs   216                  60                      49                      44                       36                       33                       7129096                 7092348                    7066430                    7027315                     6869682                     6767633                     74         554731          7101661       6498072           65.73   66.35             273268  294454  146462  165456  10   9     19    16    74               26                      5701350                      71                     0                         0                         1                         13 + 37 part         1117181           91.982               1.001              0.00               974.34                    19.11                 5727 + 111 part     317217             5983295               92014   102431  32330   51771  24    21     54    44   
31_C55_contigs   127                  39                      36                      33                       31                       27                       6407761                 6384943                    6380089                    6359506                     6333350                     6201812                     49         727808          6392475       6498072           66.40   66.35             263891  263891  185195  185195  8    8     15    15    54               24                      5123077                      53                     0                         0                         0                         2 + 27 part          299121            93.459               1.003              0.00               569.47                    11.31                 5819 + 76 part      376812             6091202               157236  157236  79951   73631  15    15     29    30   
31_C98_contigs   284                  76                      60                      50                       40                       35                       7150853                 7102787                    7065552                    6982854                     6799359                     6615875                     96         675080          7115865       6498072           65.70   66.35             223803  240214  123838  136716  10   8     21    17    70               23                      5091872                      69                     0                         0                         2                         28 + 40 part         1131106           91.998               1.001              0.00               972.72                    19.12                 5727 + 113 part     317067             5983708               88807   93856   30479   49494  24    20     57    45   
32_C56_contigs   135                  42                      37                      34                       32                       28                       6408527                 6385883                    6378739                    6358079                     6331922                     6200805                     52         727807          6393106       6498072           66.40   66.35             262271  262271  200336  185195  8    8     15    16    54               25                      5154942                      55                     0                         0                         0                         2 + 28 part          299355            93.460               1.003              0.00               569.41                    11.35                 5818 + 77 part      376812             6092722               157423  157423  72453   68521  15    15     30    31   
32_C99_contigs   292                  75                      58                      51                       44                       39                       7132853                 7083150                    7045257                    6996585                     6867660                     6690119                     96         443107          7096823       6498072           65.72   66.35             232890  237753  117595  132393  11   10    23    20    65               27                      5317386                      68                     0                         0                         4                         22 + 42 part         1115033           91.930               1.001              0.00               972.53                    19.22                 5721 + 116 part     317067             5979623               88807   92789   38150   50730  24    21     56    46   
33_C101_contigs  126                  41                      36                      36                       34                       26                       6196611                 6179317                    6171930                    6171930                     6141675                     5863596                     43         1052523         6180973       6498072           66.47   66.35             256747  256747  156460  145079  7    7     14    16    50               16                      4777420                      46                     0                         0                         0                         1 + 22 part          225900            91.561               1.001              0.00               571.69                    12.24                 5707 + 72 part      341103             5952921               124809  114348  70370   58218  17    18     33    37   
33_C57_contigs   148                  42                      37                      34                       31                       28                       6407561                 6382551                    6371048                    6350614                     6300820                     6195997                     51         728067          6389142       6498072           66.40   66.35             302787  264040  184882  184882  8    9     16    16    52               24                      4756813                      57                     0                         0                         0                         2 + 29 part          300006            93.446               1.003              0.00               568.71                    11.28                 5820 + 77 part      346646             6086051               157235  157235  72886   68521  15    15     30    31   
34_C103_contigs  148                  43                      36                      35                       35                       26                       6320459                 6295062                    6285344                    6279740                     6279740                     5920834                     53         507186          6301815       6498072           66.52   66.35             269448  269448  208005  164544  10   10    16    17    53               19                      4879252                      45                     0                         0                         0                         1 + 25 part          225074            93.456               1.001              0.00               568.78                    12.09                 5802 + 82 part      339650             6075091               126436  112153  70586   68462  16    17     33    36   
34_C58_contigs   138                  42                      37                      34                       30                       26                       6408289                 6384010                    6372440                    6351857                     6285878                     6132988                     51         700416          6390930       6498072           66.40   66.35             263891  263891  200336  185509  8    8     15    16    51               25                      5118518                      53                     0                         0                         0                         2 + 29 part          300249            93.429               1.003              0.00               568.28                    11.17                 5818 + 79 part      376812             6086562               157424  157236  79951   73631  14    15     28    29   
35_C106_contigs  301                  134                     80                      60                       48                       38                       7264289                 7214271                    7086145                    6947541                     6772991                     6407381                     166        632153          7238005       6498072           65.77   66.35             189481  193514  104966  132053  12   11    25    20    55               30                      4655182                      49                     0                         0                         8                         61 + 62 part         1094021           94.343               1.002              0.00               547.98                    10.33                 5813 + 122 part     300083             6138225               78014   89730   38153   54192  25    21     56    45   
35_C59_contigs   131                  38                      33                      31                       28                       24                       6408277                 6385142                    6373272                    6362463                     6312669                     6177511                     47         790558          6392045       6498072           66.40   66.35             335149  308042  204274  204274  6    7     13    13    52               24                      5563077                      57                     0                         0                         0                         2 + 26 part          300341            93.444               1.003              0.00               573.79                    12.32                 5822 + 78 part      466678             6090364               164182  164182  85839   73631  13    13     26    27   
36_C108_contigs  405                  269                     182                     148                      83                       41                       6993190                 6950325                    6725067                    6477560                     5404421                     3813928                     299        270566          6973012       6498072           65.90   66.35             56595   58958   28395   34796   36   31    77    66    65               38                      2787796                      50                     0                         0                         4                         21 + 52 part         868133            93.821               1.001              0.00               550.13                    10.91                 5614 + 325 part     183521             6101287               32151   36440   12490   16732  58    51     145   120  
36_C60_contigs   152                  45                      41                      38                       34                       28                       6410484                 6384811                    6378815                    6358172                     6299066                     6086236                     54         700624          6391695       6498072           66.40   66.35             232404  232404  183941  165311  9    9     16    17    53               26                      5107512                      51                     0                         0                         2                         3 + 29 part          300972            93.448               1.003              0.00               566.75                    11.07                 5816 + 79 part      376812             6088369               143207  143207  73631   72571  15    15     30    31   
37_C115_contigs  191                  102                     86                      75                       62                       44                       6963243                 6943284                    6899433                    6821201                     6624187                     5973185                     109        592620          6948873       6498072           66.05   66.35             157239  162508  69891   80941   13   12    31    27    66               30                      3917254                      53                     0                         0                         1                         5 + 43 part          813666            94.276               1.001              0.00               550.09                    10.72                 5774 + 158 part     274819             6132860               68338   74929   28760   34115  31    28     70    59   
37_C61_contigs   153                  46                      38                      37                       35                       30                       6794990                 6771740                    6754372                    6748980                     6717368                     6546398                     54         962582          6778083       6498072           66.07   66.35             281422  287134  142841  162307  7    6     15    14    70               25                      5755743                      66                     0                         0                         0                         6 + 29 part          797169            91.787               1.003              0.00               954.77                    19.31                 5666 + 104 part     301406             5976855               90333   92202   43296   52442  24    23     50    46   
38_B3_contigs    115                  34                      29                      28                       27                       23                       6667588                 6646746                    6637486                    6631985                     6616047                     6472326                     44         659392          6653777       6498072           66.21   66.35             510447  510447  207797  271219  6    6     11    10    62               14                      5451294                      63                     0                         0                         0                         4 + 19 part          543953            93.953               1.001              0.00               542.43                    10.94                 5831 + 88 part      315520             6105745               130123  130123  55082   57941  17    17     37    35   
38_C116_contigs  110                  35                      24                      24                       23                       18                       6250924                 6232171                    6206362                    6206362                     6195156                     6030523                     44         938724          6237517       6498072           66.56   66.35             501046  501046  270852  270852  5    5     9     9     38               12                      5357634                      37                     0                         0                         0                         5 + 18 part          218467            92.523               1.001              0.00               533.43                    11.44                 5754 + 57 part      429980             6018289               171732  168643  90221   84572  13    14     26    28   
39_B16_contigs   161                  44                      33                      31                       27                       25                       6553924                 6529807                    6503447                    6487732                     6430507                     6340075                     53         819976          6536224       6498072           66.31   66.35             374553  374553  165444  169381  6    6     13    12    63               19                      5456920                      58                     0                         0                         3                         2 + 24 part          603474            91.174               1.001              0.00               954.95                    19.09                 5671 + 92 part      338684             5930122               102436  102436  53428   53428  20    20     43    43   
39_C118_contigs  111                  27                      20                      19                       18                       17                       6251960                 6234419                    6219165                    6211511                     6200305                     6161965                     31         815710          6237572       6498072           66.56   66.35             591515  591515  268937  268937  5    5     9     9     41               12                      5341606                      38                     0                         0                         0                         1 + 16 part          222314            92.504               1.001              0.00               530.61                    11.38                 5759 + 56 part      563622             6014670               184609  184609  103343  91725  12    12     22    25   
3_C76_contigs    196                  51                      42                      40                       37                       32                       6987932                 6958411                    6938946                    6921194                     6866638                     6677024                     60         590191          6964834       6498072           65.83   66.35             239793  253702  142940  159308  10   9     19    17    71               25                      5750334                      61                     0                         0                         1                         4 + 32 part          1019947           91.374               1.001              0.00               952.87                    19.00                 5676 + 94 part      286512             5943950               84586   90275   42207   48385  24    21     54    47   
3_C8_contigs     376                  245                     175                     140                      78                       38                       6657281                 6623163                    6441754                    6192463                     5144890                     3697297                     264        278532          6636840       6498072           66.08   66.35             56594   56759   28521   29612   31   30    72    69    54               35                      2451202                      48                     0                         0                         7                         10 + 45 part         640654            92.072               1.002              0.00               550.55                    11.60                 5556 + 309 part     218038             5990332               33936   35389   15795   16674  49    47     121   114  
40_B34_contigs   123                  34                      31                      29                       27                       25                       6897827                 6880199                    6871083                    6856310                     6831649                     6764516                     39         742935          6883870       6498072           66.03   66.35             415693  421437  245058  269779  7    6     12    11    70               20                      6066981                      52                     0                         0                         0                         2 + 25 part          831669            93.034               1.001              0.00               541.70                    10.14                 5752 + 89 part      334187             6051252               101171  106544  52701   64119  20    18     43    38   
40_C125_contigs  202                  61                      40                      36                       33                       28                       6377631                 6342760                    6300681                    6269520                     6209437                     6015093                     76         820972          6353865       6498072           66.21   66.35             266560  262802  145078  143389  7    8     15    16    55               19                      4890830                      55                     0                         0                         1                         23 + 28 part         642575            87.822               1.001              0.00               935.57                    18.42                 5490 + 87 part      316379             5709259               102431  102431  51517   50730  20    20     42    44   
41_B37_contigs   86                   28                      23                      22                       21                       20                       6531440                 6518535                    6507913                    6499440                     6476710                     6434359                     31         1274814         6520987       6498072           66.35   66.35             531968  531968  256861  256861  4    4     8     8     61               16                      5750459                      52                     0                         0                         0                         4 + 18 part          523602            92.229               1.001              0.00               927.59                    19.04                 5756 + 80 part      376141             5996166               117363  117363  64043   64043  16    16     35    35   
41_C126_contigs  8437                 1870                    310                     74                       11                       4                        8631944                 6618258                    3103008                    1478470                     603931                      334779                      2943       122679          7384431       6498072           65.64   66.35             4040    4776    1940    2585    441  340   1106  810   25               21                      148961                       74                     0                         0                         41                        112 + 152 part       1273051           90.622               1.038              0.00               864.18                    14.84                 3911 + 1984 part    55410              6100774               2555    3072    851     1423   712   553    1943  1331 
42_B62_contigs   142                  39                      30                      28                       25                       24                       6399314                 6379056                    6360139                    6346475                     6297477                     6264706                     43         1073278         6381682       6498072           66.18   66.35             421396  304144  225713  200559  5    6     11    12    47               17                      5426484                      43                     0                         0                         1                         1 + 20 part          403315            91.915               1.001              0.00               556.48                    10.16                 5757 + 73 part      411742             5975896               164147  164147  71197   67547  14    14     28    29   
42_C127_contigs  126                  39                      32                      27                       22                       22                       6709317                 6691080                    6676521                    6645434                     6577080                     6577080                     44         1212976         6694797       6498072           66.18   66.35             497790  497790  247962  247962  4    4     9     9     64               16                      5953478                      71                     0                         0                         1                         15 + 20 part         663624            92.727               1.001              0.00               554.33                    11.73                 5786 + 99 part      293143             6029045               121811  127512  58762   63080  17    16     37    35   
43_B113_contigs  170                  37                      31                      30                       28                       24                       6452470                 6424371                    6405900                    6400093                     6364971                     6201630                     44         1091398         6429570       6498072           66.29   66.35             340573  340573  213085  213085  7    7     14    14    97               25                      6042424                      95                     0                         0                         0                         2 + 25 part          603331            89.586               1.001              0.00               2163.40                   45.37                 5507 + 138 part     400323             5823744               81854   79263   30367   30247  22    23     54    55   
43_C129_contigs  82                   32                      27                      25                       20                       17                       6244212                 6233041                    6223948                    6212100                     6129086                     6020379                     34         1332899         6234657       6498072           66.56   66.35             466207  454492  259850  233663  4    5     9     10    43               14                      5583545                      37                     0                         0                         0                         1 + 17 part          222286            92.469               1.001              0.00               533.11                    11.50                 5751 + 56 part      504654             6010875               160052  159102  93079   84572  11    12     25    28   
44_B114_contigs  96                   24                      20                      19                       19                       18                       6397361                 6379658                    6371558                    6366306                     6366306                     6331940                     32         1324720         6385673       6498072           66.48   66.35             547913  547913  278466  278466  4    4     8     8     68               14                      5982047                      59                     0                         0                         0                         3 + 14 part          342007            92.833               1.002              0.00               558.06                    10.74                 5782 + 97 part      501787             6040128               119694  117671  71117   70371  14    15     31    32   
44_C143_contigs  13677                2628                    120                     34                       15                       4                        9644831                 6297397                    1671417                    1084174                     789873                      411836                      4559       122083          7716616       6498072           65.27   66.35             2019    2418    1175    1527    892  616   2158  1475  26               26                      87402                        53                     0                         0                         45                        110 + 160 part       1461802           91.099               1.057              0.00               905.66                    16.10                 2844 + 3046 part    30938              6237320               1341    1592    668     978    1647  1232   3657  2532 
45_B191_contigs  75                   27                      26                      25                       24                       17                       6258058                 6246329                    6242034                    6236748                     6216399                     5920157                     33         1212200         6250422       6498072           66.56   66.35             639907  639907  286762  286762  4    4     8     8     50               15                      5680002                      46                     0                         0                         0                         0 + 16 part          244382            92.335               1.001              0.00               515.30                    10.50                 5724 + 66 part      385037             6002718               114310  114286  71433   63389  15    16     32    34   
45_C144_contigs  453                  277                     140                     107                      70                       43                       7619116                 7563815                    7274833                    7044145                     6480944                     5499716                     310        290541          7590407       6498072           65.28   66.35             110581  122463  44721   86044   23   18    48    34    46               38                      3204494                      66                     0                         0                         26                        36 + 138 part        1446148           93.764               1.008              0.00               965.62                    18.79                 5750 + 169 part     286483             6138379               58530   73130   12814   30376  34    26     98    59   
46_B199_contigs  223                  64                      50                      46                       39                       35                       6742269                 6708312                    6675463                    6646821                     6539143                     6377480                     77         431244          6717406       6498072           66.03   66.35             218652  218652  137973  142871  11   11    21    20    76               24                      5075122                      74                     0                         0                         1                         20 + 40 part         783028            91.183               1.002              0.00               1045.44                   19.92                 5681 + 114 part     286712             5933149               85759   86572   40097   45627  23    22     51    48   
46_C146_contigs  109                  36                      24                      23                       20                       19                       6933281                 6920140                    6892555                    6887515                     6833923                     6795748                     37         1237520         6920847       6498072           66.02   66.35             560891  642482  342061  392093  5    4     8     7     71               17                      6662844                      58                     0                         0                         0                         9 + 17 part          835118            93.541               1.001              0.00               546.38                    11.47                 5823 + 94 part      362092             6083249               118862  124136  51133   58274  18    16     40    35   
47_C148_contigs  113                  43                      32                      29                       27                       25                       6932364                 6920733                    6895037                    6875342                     6837273                     6761309                     44         791996          6921339       6498072           66.02   66.35             392093  392093  251060  263354  6    6     12    11    71               22                      6136949                      56                     0                         0                         1                         8 + 24 part          834007            93.558               1.001              0.00               546.38                    11.46                 5810 + 103 part     362092             6084986               108905  124019  50738   57560  18    16     42    37   
47_C63_contigs   188                  36                      28                      27                       25                       23                       6760709                 6727380                    6710605                    6705565                     6673056                     6603076                     44         709071          6733237       6498072           66.28   66.35             346983  346983  249626  268164  7    7     13    12    59               18                      5653581                      66                     0                         0                         1                         9 + 24 part          680600            93.036               1.001              0.00               547.50                    11.10                 5803 + 91 part      301830             6051525               112839  114570  64058   68538  17    16     36    33   
48_A3_contigs    215                  100                     79                      67                       58                       43                       6680610                 6656767                    6603676                    6520695                     6389366                     5865941                     109        606223          6662625       6498072           66.25   66.35             133722  133802  84618   84925   15   14    30    29    47               26                      3833337                      52                     0                         0                         3                         14 + 54 part         634084            92.655               1.001              0.00               572.65                    10.86                 5736 + 121 part     259030             6022068               94256   99531   39617   46686  24    23     50    47   
48_C66_contigs   106                  22                      16                      16                       15                       12                       6358780                 6340577                    6328174                    6328174                     6312236                     6193905                     25         972335          6342555       6498072           66.36   66.35             744948  744948  431420  431420  4    4     7     7     55               10                      5770059                      55                     0                         0                         0                         1 + 12 part          378659            91.727               1.001              0.00               546.01                    11.02                 5707 + 85 part      411521             5950820               169485  169485  98434   74391  12    12     24    26   
49_A4_contigs    248                  123                     96                      79                       60                       45                       6676326                 6645562                    6572905                    6452395                     6152372                     5628401                     139        457793          6656210       6498072           66.25   66.35             119642  119642  65855   76450   16   16    35    33    45               27                      3519249                      55                     0                         0                         3                         14 + 57 part         632913            92.594               1.001              0.00               575.05                    11.28                 5713 + 148 part     200996             6020133               76450   84712   33890   36717  27    26     56    52   
49_C69_contigs   84                   40                      35                      33                       28                       23                       6425099                 6415192                    6406087                    6393718                     6319637                     6108394                     44         810775          6418496       6498072           66.39   66.35             322680  322680  257218  257218  7    7     12    12    43               15                      4685771                      54                     0                         0                         3                         5 + 29 part          440707            91.947               1.001              0.00               570.10                    11.08                 5709 + 76 part      315415             5976413               138999  125290  72218   71134  14    15     31    32   
4_C10_contigs    1290                 1160                    449                     143                      8                        0                        6314532                 6227916                    4268286                    2142598                     218350                      0                           1256       28944           6301143       6498072           66.25   66.35             7210    7007    4202    3946    265  279   549   585   43               39                      390953                       48                     0                         0                         5                         83 + 78 part         565485            88.034               1.003              0.00               545.11                    11.05                 4590 + 1067 part    28944              5726134               6121    5965    3206    2950   302   318    652   700  
4_C77_contigs    153                  44                      38                      37                       35                       32                       6736499                 6712584                    6701499                    6696416                     6663610                     6560577                     49         667091          6716151       6498072           66.17   66.35             260002  260002  144978  165661  8    8     16    15    69               23                      5350726                      62                     0                         0                         0                         5 + 29 part          649908            93.177               1.002              0.00               948.60                    18.18                 5772 + 92 part      388114             6064259               99284   103595  52775   54656  22    21     46    42   
50_A5_contigs    194                  89                      65                      56                       48                       37                       6678482                 6658636                    6599106                    6534235                     6409160                     6006462                     91         944558          6660116       6498072           66.25   66.35             170156  170156  104693  104725  10   10    23    22    48               22                      3756961                      53                     0                         0                         5                         14 + 47 part         631507            92.640               1.001              0.00               575.12                    11.05                 5747 + 114 part     339315             6021437               102400  103802  54272   56162  20    19     42    40   
50_C23_contigs   183                  54                      41                      37                       33                       28                       6616002                 6590416                    6560660                    6534912                     6474523                     6285049                     60         570036          6594408       6498072           65.85   66.35             305352  308908  198372  198372  9    8     15    15    67               22                      5193000                      40                     0                         0                         0                         6 + 33 part          778470            89.376               1.001              0.00               544.31                    10.85                 5594 + 84 part      306592             5812825               90084   90811   51082   52514  21    20     45    44   
51_A46_contigs   102                  41                      34                      34                       31                       29                       6867437                 6855859                    6842169                    6842169                     6780645                     6703732                     43         987007          6857261       6498072           66.16   66.35             308621  308621  171077  204898  8    8     15    14    62               19                      5436236                      52                     0                         0                         0                         3 + 29 part          777664            93.481               1.001              0.00               539.62                    11.44                 5798 + 87 part      357805             6077464               115911  133324  54757   63946  18    16     38    34   
51_C25_contigs   140                  40                      30                      29                       28                       26                       6757505                 6733679                    6710904                    6702641                     6686907                     6596475                     50         671011          6740749       6498072           66.11   66.35             444497  444497  165456  209797  6    6     13    12    70               21                      6011416                      71                     0                         0                         1                         2 + 24 part          747968            92.129               1.001              0.00               974.16                    19.29                 5728 + 106 part     317055             5992024               102595  104525  48385   52953  20    19     46    42   
52_A48_contigs   171                  82                      69                      66                       53                       39                       6864157                 6847428                    6814981                    6797972                     6563099                     5999437                     84         388135          6848496       6498072           66.16   66.35             174639  178325  86104   108935  13   12    27    24    55               24                      3745662                      57                     0                         0                         1                         4 + 36 part          774516            93.356               1.001              0.00               540.19                    11.44                 5756 + 129 part     220899             6058005               89946   94237   32239   36899  25    23     60    52   
52_C29_contigs   163                  56                      43                      41                       39                       31                       6780878                 6755989                    6732634                    6717728                     6674271                     6353690                     69         660816          6764384       6498072           66.09   66.35             272904  272904  133850  163086  8    8     17    15    58               24                      5251291                      54                     0                         0                         2                         3 + 31 part          724420            92.837               1.001              0.00               575.17                    10.77                 5769 + 109 part     316673             6036522               94068   102414  47577   50645  20    18     45    41   
53_A52_contigs   140                  60                      51                      48                       42                       36                       6874472                 6861023                    6839576                    6818717                     6694534                     6457089                     60         722921          6861023       6498072           66.16   66.35             174662  178103  128967  136663  11   10    22    20    58               23                      4454000                      53                     0                         0                         1                         2 + 29 part          772164            93.505               1.002              0.00               544.42                    11.75                 5767 + 112 part     268474             6086134               90743   94239   40000   49629  25    23     51    45   
53_C30_contigs   139                  45                      33                      31                       29                       24                       6779822                 6758941                    6736033                    6721127                     6681982                     6459895                     53         1340359         6764312       6498072           66.09   66.35             303227  307658  210977  210977  6    5     12    12    61               19                      5495004                      57                     0                         0                         2                         4 + 25 part          724810            92.841               1.001              0.00               576.01                    10.84                 5781 + 102 part     316946             6037233               121820  131947  50645   62000  17    16     38    34   
54_A53_contigs   93                   39                      35                      34                       30                       25                       6874521                 6864012                    6852771                    6845788                     6772770                     6571658                     41         724059          6865330       6498072           66.16   66.35             317836  317836  219079  227564  7    7     14    13    68               19                      5453153                      54                     0                         0                         1                         2 + 23 part          773317            93.565               1.002              0.00               545.50                    12.12                 5782 + 96 part      440048             6078534               104475  108946  47986   56162  19    17     43    38   
54_C36_contigs   201                  65                      51                      42                       39                       35                       7124996                 7095485                    7061961                    7000412                     6942970                     6786396                     75         662519          7102784       6498072           65.74   66.35             236060  261591  131814  143976  9    8     20    16    69               26                      5606912                      67                     0                         0                         2                         17 + 33 part         1126571           91.817               1.002              0.00               966.40                    18.79                 5719 + 107 part     317067             5974069               88807   93151   33012   50755  23    20     56    45   
55_A54_contigs   150                  64                      58                      56                       49                       37                       6867229                 6850591                    6839093                    6827748                     6695819                     6232749                     67         847563          6852586       6498072           66.16   66.35             243192  243192  108936  118242  10   10    22    20    60               25                      4451930                      54                     0                         0                         0                         3 + 36 part          774388            93.424               1.001              0.00               538.15                    11.27                 5777 + 106 part     357805             6063762               101128  102693  38138   45583  21    19     50    43   
55_C42_contigs   182                  38                      31                      28                       27                       24                       6834702                 6804375                    6784419                    6765624                     6744903                     6637455                     48         1165793         6811084       6498072           66.10   66.35             413025  413025  239007  273201  5    5     10    9     65               17                      5914055                      56                     0                         0                         0                         15 + 19 part         845378            91.700               1.001              0.00               928.67                    18.85                 5698 + 95 part      375635             5963671               102417  104194  53689   63990  21    19     43    39   
56_A55_contigs   142                  34                      29                      29                       26                       23                       6876066                 6854119                    6842335                    6842335                     6783344                     6657310                     38         807357          6856486       6498072           66.16   66.35             421466  421466  229588  258555  6    6     12    11    65               17                      5821437                      54                     0                         0                         0                         2 + 22 part          776368            93.482               1.001              0.00               542.18                    12.05                 5794 + 86 part      485951             6066552               115910  124600  51042   58105  16    14     37    32   
56_C43_contigs   238                  154                     137                     121                      90                       54                       6674455                 6655273                    6611091                    6496084                     5979198                     4649535                     162        209885          6661155       6498072           66.27   66.35             70519   70883   42345   45974   33   32    62    59    46               35                      2350453                      49                     0                         0                         0                         20 + 61 part         560302            93.646               1.003              0.00               579.64                    12.80                 5765 + 155 part     181093             6087258               52769   55380   29367   31582  40    38     81    77   
57_A56_contigs   132                  40                      38                      37                       32                       27                       6874953                 6856008                    6849518                    6844307                     6748089                     6587009                     47         610409          6860137       6498072           66.16   66.35             347904  347904  173451  234660  8    8     15    13    68               19                      5253537                      54                     0                         0                         0                         2 + 24 part          774293            93.519               1.001              0.00               542.03                    11.80                 5792 + 90 part      276890             6072065               101744  104475  47526   57047  22    20     45    40   
57_C49_contigs   239                  50                      42                      39                       34                       31                       7133523                 7090861                    7072896                    7055721                     6969542                     6869857                     59         834728          7097281       6498072           65.90   66.35             301969  308827  157907  210297  8    7     16    13    68               23                      5742139                      53                     0                         0                         0                         12 + 28 part         1014486           93.541               1.001              0.00               541.10                    11.48                 5812 + 110 part     296244             6081517               91005   106170  40910   56086  24    20     51    42   
58_A58_contigs   111                  43                      37                      37                       33                       29                       6872126                 6855221                    6837384                    6837384                     6762444                     6602777                     53         779368          6861157       6498072           66.16   66.35             354537  423817  258519  271562  7    6     12    11    70               21                      5701474                      54                     0                         0                         0                         3 + 21 part          774357            93.519               1.002              0.00               541.72                    11.77                 5776 + 95 part      439618             6082954               97955   102695  46844   51042  20    18     45    39   
58_C51_contigs   166                  35                      30                      28                       26                       20                       6423434                 6393079                    6382490                    6367115                     6323401                     6097397                     44         1070617         6399359       6498072           66.31   66.35             357748  357748  234451  234451  5    5     11    11    59               17                      5758083                      54                     0                         0                         0                         6 + 23 part          475682            91.071               1.001              0.00               559.82                    11.44                 5697 + 84 part      326027             5922644               116222  116222  68918   62185  15    15     32    34   
59_A60_contigs   390                  274                     224                     173                      98                       40                       6858141                 6827450                    6667525                    6299442                     5067688                     3037653                     287        172114          6837220       6498072           66.15   66.35             43814   45622   24162   27863   49   45    101   91    50               33                      1566330                      56                     0                         0                         4                         11 + 56 part         770373            93.182               1.002              0.00               558.53                    11.00                 5637 + 226 part     134300             6054945               30805   31769   12017   14618  66    61     152   133  
59_C54_contigs   267                  119                     95                      87                       65                       39                       6777801                 6746158                    6692442                    6637089                     6257554                     5240629                     131        393249          6754519       6498072           65.83   66.35             130906  139320  56043   65894   16   15    36    33    48               32                      4246120                      41                     0                         0                         6                         34 + 52 part         894398            89.959               1.002              0.00               564.96                    11.00                 5624 + 102 part     244159             5850549               68391   70590   28989   31749  30    28     68    62   
5_C12_contigs    416                  282                     204                     158                      78                       38                       6928922                 6889372                    6695051                    6353155                     5020653                     3497483                     304        201981          6906196       6498072           66.06   66.35             50446   53954   22938   28155   38   34    85    73    50               31                      2000986                      52                     0                         0                         8                         10 + 52 part         861178            92.885               1.002              0.00               537.12                    11.22                 5578 + 339 part     158955             6041449               33095   34320   12304   14572  61    55     153   130  
5_C82_contigs    107                  39                      33                      31                       27                       24                       6773935                 6757457                    6746090                    6730960                     6670715                     6565926                     45         778001          6762091       6498072           66.14   66.35             386506  386506  214836  222847  6    6     12    11    63               20                      5894796                      65                     0                         0                         2                         1 + 28 part          773016            91.955               1.002              0.00               970.18                    21.29                 5679 + 105 part     286423             5983053               96634   103750  49441   53495  21    20     44    40   
60_A70_contigs   219                  134                     114                     100                      68                       48                       7045595                 7025256                    6964709                    6857890                     6338502                     5589586                     145        379733          7031970       6498072           66.15   66.35             106017  114257  56066   65513   20   17    43    36    59               32                      3631182                      53                     0                         0                         2                         3 + 38 part          772641            93.384               1.031              0.00               557.04                    11.95                 5700 + 180 part     233827             6255048               56036   60545   20374   29351  38    33     88    72   
60_C150_contigs  186                  50                      37                      33                       30                       26                       6807211                 6775587                    6747406                    6721607                     6668992                     6505876                     63         850442          6784263       6498072           66.09   66.35             353104  446482  156586  160313  6    5     14    12    77               21                      5931557                      68                     0                         0                         2                         12 + 26 part         777108            92.307               1.002              0.00               968.02                    18.87                 5751 + 109 part     317067             6005238               102585  104525  49494   53647  20    19     45    41   
61_A71_contigs   212                  139                     111                     97                       70                       51                       6860260                 6843401                    6765755                    6658875                     6191905                     5436699                     147        306823          6849449       6498072           66.14   66.35             92587   94788   55161   58836   22   20    46    41    62               30                      3471179                      53                     0                         0                         2                         2 + 39 part          772033            93.332               1.002              0.00               544.83                    11.87                 5689 + 193 part     293559             6073938               56029   58836   21597   25809  39    36     88    76   
61_C151_contigs  123                  56                      43                      41                       37                       28                       6478771                 6460570                    6434841                    6423233                     6348719                     6020031                     63         617544          6465010       6498072           66.57   66.35             270683  270683  161323  161323  9    9     17    17    38               20                      4824220                      48                     0                         0                         0                         7 + 32 part          486435            91.920               1.001              0.00               521.68                    10.73                 5723 + 82 part      378243             5976243               111784  111784  64379   64379  17    17     36    36   
62_A72_contigs   126                  52                      42                      42                       36                       28                       6869823                 6855970                    6828155                    6828155                     6711359                     6387755                     56         981193          6858499       6498072           66.16   66.35             272962  292207  209689  233148  9    8     15    14    63               20                      5131986                      51                     0                         0                         0                         7 + 28 part          775222            93.531               1.001              0.00               538.39                    11.34                 5791 + 88 part      357805             6082056               102693  108982  47994   53122  20    18     43    38   
62_C153_contigs  191                  76                      61                      55                       48                       39                       6957975                 6932381                    6903579                    6867672                     6745918                     6442816                     88         499808          6940385       6498072           66.13   66.35             176323  187652  114146  138495  12   11    24    21    59               22                      4228751                      52                     0                         0                         1                         18 + 44 part         838148            93.734               1.002              0.00               543.28                    10.28                 5793 + 98 part      277212             6096811               105154  106857  38892   50472  22    20     49    42   
63_A73_contigs   98                   32                      29                      29                       24                       23                       6872838                 6858838                    6847474                    6847474                     6745665                     6696757                     38         704131          6862394       6498072           66.16   66.35             372438  372438  299111  299111  7    7     12    12    67               18                      5988617                      52                     0                         0                         0                         2 + 21 part          776027            93.503               1.002              0.00               544.05                    11.93                 5792 + 92 part      485981             6085386               108946  117679  56161   68072  17    15     38    33   
63_C71_contigs   70                   27                      24                      23                       21                       18                       6265863                 6253803                    6245226                    6239011                     6200559                     6085867                     34         970420          6258478       6498072           66.56   66.35             464280  464280  271002  266471  5    5     9     10    53               17                      5934954                      57                     0                         0                         0                         0 + 19 part          300495            91.638               1.001              0.00               546.78                    11.77                 5695 + 72 part      376940             5944076               121809  114555  68917   58045  15    16     32    35   
64_A75_contigs   92                   36                      32                      32                       30                       27                       6872851                 6861550                    6852271                    6852271                     6817049                     6685300                     38         610424          6862817       6498072           66.16   66.35             341421  375910  226331  227669  8    7     14    13    67               22                      5824155                      53                     0                         0                         1                         3 + 23 part          775855            93.523               1.002              0.00               543.18                    12.04                 5787 + 83 part      375655             6073184               104786  110295  51042   58105  19    17     41    36   
64_C73_contigs   112                  23                      21                      20                       18                       18                       6692038                 6674867                    6672322                    6666844                     6628572                     6628572                     25         1267461         6676153       6498072           66.14   66.35             495780  506799  384925  384925  5    4     8     8     65               16                      6372257                      54                     0                         0                         0                         0 + 16 part          702747            91.841               1.001              0.00               541.57                    10.54                 5719 + 70 part      376150             5959865               117671  125700  68492   70371  16    15     34    32   
65_A76_contigs   96                   34                      32                      32                       29                       24                       6873807                 6862687                    6856186                    6856186                     6810764                     6608661                     34         1029601         6862687       6498072           66.16   66.35             375931  388835  204848  227667  7    6     13    12    67               19                      5734544                      53                     0                         0                         0                         2 + 20 part          772752            93.531               1.002              0.00               544.83                    12.11                 5788 + 86 part      440387             6075917               104786  115910  50581   56309  18    16     40    35   
65_C74_contigs   129                  29                      27                      25                       24                       18                       6386046                 6364642                    6359723                    6349244                     6333093                     6098595                     35         886342          6368757       6498072           66.45   66.35             496945  472067  270902  270902  5    6     10    10    57               18                      5867288                      59                     0                         0                         0                         0 + 19 part          288253            93.485               1.001              0.00               551.30                    11.61                 5811 + 93 part      384585             6078826               138384  138384  74770   73352  14    14     30    31   
66_A77_contigs   118                  33                      27                      25                       24                       20                       6786913                 6766612                    6754577                    6741949                     6718228                     6561462                     41         777284          6773173       6498072           66.16   66.35             515006  515006  268769  268769  6    6     10    10    72               20                      6457077                      54                     0                         0                         1                         3 + 21 part          688132            93.555               1.001              0.00               551.74                    10.25                 5832 + 108 part     317107             6082427               116264  118510  69301   73677  19    18     38    35   
66_C2_contigs    163                  47                      36                      32                       31                       28                       6748696                 6722589                    6699118                    6669765                     6654031                     6522100                     57         716506          6729853       6498072           66.16   66.35             308433  308433  165456  170526  7    7     14    13    80               22                      5813400                      65                     0                         0                         1                         7 + 24 part          732102            92.182               1.001              0.00               968.51                    19.15                 5736 + 102 part     317067             5994750               93856   102431  47586   50755  21    20     49    45   
67_A78_contigs   132                  47                      45                      43                       37                       34                       6622663                 6605437                    6601455                    6590645                     6484696                     6392852                     51         681746          6608281       6498072           66.21   66.35             295265  295265  125231  125231  8    8     17    17    63               23                      5385078                      56                     0                         0                         0                         1 + 26 part          645219            91.643               1.001              0.00               549.65                    11.91                 5706 + 106 part     486370             5945979               100451  100451  49661   52248  21    21     45    43   
67_C5_contigs    114                  27                      21                      21                       21                       18                       6505894                 6489630                    6477716                    6477716                     6477716                     6360668                     30         1054736         6491395       6498072           66.31   66.35             432683  432683  260061  260061  4    4     9     9     57               13                      5740359                      49                     0                         0                         0                         1 + 12 part          375071            93.972               1.002              0.00               541.63                    11.00                 5849 + 66 part      376219             6114504               164398  164398  84558   84558  13    13     27    27   
68_A80_contigs   140                  40                      34                      30                       27                       20                       6786345                 6762179                    6750144                    6725010                     6687839                     6423495                     50         899292          6769768       6498072           66.16   66.35             395882  408403  246347  246347  6    5     11    11    67               20                      6159042                      54                     0                         0                         0                         3 + 26 part          687801            93.527               1.001              0.00               551.56                    10.43                 5823 + 113 part     317107             6079201               115599  118510  72446   73355  20    19     39    37   
68_C6_contigs    145                  34                      26                      26                       25                       20                       6376982                 6352366                    6340174                    6340174                     6324323                     6133066                     44         1188341         6359360       6498072           66.14   66.35             409012  409012  252275  248060  5    5     10    11    77               15                      5189954                      55                     0                         0                         0                         0 + 16 part          522381            89.660               1.002              0.00               540.39                    9.90                  5599 + 99 part      303082             5835708               103661  103661  53362   51326  19    19     39    41   
69_A81_contigs   95                   38                      34                      33                       31                       28                       6620340                 6608543                    6597969                    6592758                     6564193                     6458073                     41         723508          6610602       6498072           66.21   66.35             354072  354072  140491  144232  6    6     14    13    63               18                      5307712                      54                     0                         0                         0                         0 + 20 part          644691            91.638               1.002              0.00               551.70                    11.92                 5715 + 100 part     485275             5960722               109295  109295  54754   56163  19    19     41    39   
69_C7_contigs    132                  34                      26                      26                       25                       20                       6375455                 6353231                    6340691                    6340691                     6325188                     6130198                     43         1044286         6359487       6498072           66.14   66.35             402236  402236  248139  211645  6    6     11    12    77               17                      5350626                      55                     0                         0                         0                         0 + 16 part          522475            89.656               1.002              0.00               543.95                    10.18                 5604 + 98 part      284647             5835846               103661  98823   56070   51326  19    20     39    41   
6_C13_contigs    266                  160                     120                     101                      81                       44                       6669377                 6638537                    6539140                    6400021                     6076400                     4742433                     177        496351          6651706       6498072           66.29   66.35             71946   72011   45872   47799   21   20    50    47    52               30                      2961790                      64                     0                         0                         1                         3 + 41 part          618199            92.758               1.001              0.00               546.93                    10.87                 5666 + 215 part     356034             6030759               52330   52968   23686   25746  36    35     84    80   
6_C86_contigs    139                  38                      33                      32                       31                       29                       6735930                 6713040                    6703550                    6698467                     6675989                     6614105                     44         676147          6717686       6498072           66.17   66.35             381600  381600  198768  205397  7    7     14    13    68               20                      5461819                      62                     0                         0                         0                         5 + 27 part          650713            93.181               1.002              0.00               948.36                    18.25                 5782 + 91 part      387860             6065383               103589  106317  53490   56158  21    19     43    40   
70_A82_contigs   119                  41                      36                      34                       31                       27                       6643214                 6626386                    6618838                    6608362                     6563232                     6408111                     44         819941          6629077       6498072           66.22   66.35             355333  355333  219419  219419  7    7     13    13    62               19                      5405388                      54                     0                         0                         1                         1 + 21 part          647994            91.953               1.001              0.00               549.27                    11.60                 5713 + 96 part      304813             5965678               108944  110584  50581   53765  19    18     40    38   
70_C9_contigs    126                  41                      30                      29                       27                       22                       6688914                 6669745                    6645742                    6640029                     6603662                     6396488                     48         1065830         6674909       6498072           66.12   66.35             440189  485258  258697  266469  6    5     11    10    61               18                      5886329                      60                     0                         0                         2                         9 + 23 part          644586            92.576               1.002              0.00               551.68                    11.55                 5763 + 107 part     445306             6028225               121834  123729  53993   56165  16    15     37    34   
71_A85_contigs   129                  38                      31                      29                       26                       17                       6785628                 6764007                    6749939                    6737391                     6682635                     6336616                     47         1049345         6770742       6498072           66.16   66.35             464823  464823  265674  265674  5    5     10    10    70               19                      6233103                      55                     0                         0                         1                         3 + 22 part          687920            93.520               1.001              0.00               553.71                    10.38                 5827 + 111 part     317107             6081735               114491  114794  69301   72446  20    19     39    37   
71_C11_contigs   168                  43                      37                      34                       34                       25                       6975756                 6949463                    6937094                    6919816                     6919816                     6592555                     51         889330          6954503       6498072           66.12   66.35             398203  398755  245299  266648  7    6     13    11    66               23                      6291180                      53                     0                         0                         0                         2 + 27 part          862867            93.572               1.002              0.00               537.86                    11.12                 5823 + 89 part      410259             6089220               106759  111140  47547   54694  19    16     43    37   
72_A86_contigs   175                  57                      47                      45                       39                       28                       6787228                 6759045                    6738199                    6725651                     6635919                     6223043                     70         650750          6768843       6498072           66.16   66.35             267308  316402  147787  184226  8    7     16    15    66               22                      5468414                      50                     0                         0                         1                         5 + 30 part          686712            93.502               1.001              0.00               550.80                    10.32                 5820 + 121 part     293119             6078223               90091   93654   48296   54873  24    22     49    45   
72_C16_contigs   117                  37                      27                      26                       26                       21                       6720532                 6701592                    6680990                    6675950                     6675950                     6486319                     43         680469          6706089       6498072           66.28   66.35             396648  396648  268119  288585  7    7     12    11    53               17                      5730725                      64                     0                         0                         0                         7 + 22 part          655797            92.994               1.001              0.00               558.15                    12.64                 5789 + 85 part      412008             6036957               142635  142635  68512   71141  14    14     32    30   
73_A90_contigs   361                  271                     196                     158                      87                       36                       6718479                 6689935                    6496047                    6215857                     5078553                     3258969                     291        251019          6705555       6498072           66.17   66.35             48130   50356   25673   28504   38   36    86    80    56               35                      2086176                      50                     0                         0                         4                         8 + 54 part          663064            92.760               1.002              0.00               551.31                    10.40                 5579 + 347 part     166190             6032875               32944   33280   13552   15045  57    54     138   128  
73_C18_contigs   170                  54                      41                      39                       35                       29                       6942218                 6916433                    6890544                    6877827                     6819876                     6601524                     65         558396          6923163       6498072           66.01   66.35             298481  306242  194151  245074  10   9     17    15    63               25                      5550185                      48                     0                         0                         1                         11 + 30 part         792825            94.197               1.002              0.00               549.45                    11.34                 5824 + 100 part     320957             6125814               92781   110236  47640   64071  20    18     45    39   
74_A91_contigs   200                  105                     83                      74                       60                       46                       6782984                 6760427                    6696384                    6627529                     6406248                     5886586                     114        563020          6767886       6498072           66.15   66.35             117532  155938  69721   70765   14   13    33    30    67               33                      4482422                      53                     0                         0                         2                         3 + 37 part          686661            93.473               1.001              0.00               550.78                    10.37                 5765 + 172 part     226100             6076727               73700   74818   32234   35589  33    31     66    60   
74_C20_contigs   153                  38                      27                      23                       22                       21                       6540682                 6515839                    6493783                    6467714                     6447429                     6402997                     45         944705          6520847       6498072           66.28   66.35             490089  490089  269498  269498  5    5     10    10    63               14                      5558967                      49                     0                         0                         1                         5 + 26 part          525925            92.041               1.002              0.00               552.74                    11.79                 5731 + 75 part      328624             5993066               114413  114413  67777   68443  17    17     37    36   
75_A92_contigs   241                  127                     103                     90                       66                       41                       6778347                 6752173                    6694777                    6600083                     6226590                     5326732                     136        430923          6759269       6498072           66.15   66.35             123347  131375  56147   58518   15   14    37    33    65               33                      4072317                      54                     0                         0                         2                         3 + 38 part          685079            93.344               1.001              0.00               550.73                    10.27                 5742 + 197 part     192608             6069461               57872   60487   25856   29891  32    30     74    67   
75_C135_contigs  92                   35                      30                      29                       26                       21                       6369872                 6357047                    6346690                    6341280                     6281427                     6062147                     40         904181          6360472       6498072           66.33   66.35             331636  331636  270774  270774  6    6     11    11    60               17                      5617417                      56                     0                         0                         0                         2 + 18 part          458892            90.723               1.001              0.00               609.47                    12.72                 5629 + 88 part      311955             5900753               117671  117671  54874   49389  15    15     34    36   
76_A95_contigs   207                  83                      75                      72                       57                       43                       6788343                 6761473                    6740287                    6720485                     6475952                     5968326                     91         356888          6767903       6498072           66.16   66.35             173873  176234  73740   80866   14   13    29    26    64               34                      4762802                      52                     0                         0                         2                         3 + 37 part          686151            93.479               1.001              0.00               550.81                    10.45                 5790 + 147 part     207745             6079157               76885   80866   33049   38179  28    26     60    54   
76_C137_contigs  91                   25                      21                      20                       20                       17                       6437782                 6424994                    6416975                    6411453                     6411453                     6299004                     28         950915          6426722       6498072           66.32   66.35             679878  679878  298297  298297  4    4     8     8     51               12                      5478136                      35                     0                         0                         0                         1 + 11 part          456881            91.587               1.003              0.00               508.99                    10.40                 5704 + 45 part      376094             5967380               154625  154625  71117   69019  13    13     28    29   
77_A97_contigs   156                  52                      46                      44                       40                       31                       6786656                 6763414                    6750700                    6738152                     6675474                     6347945                     60         658442          6770080       6498072           66.16   66.35             255182  255182  171466  176358  9    9     17    16    71               28                      5931693                      55                     0                         0                         0                         3 + 30 part          687302            93.525               1.001              0.00               552.69                    10.43                 5812 + 133 part     317107             6079437               98333   103272  48542   54597  22    20     46    42   
77_C139_contigs  126                  69                      57                      53                       42                       33                       6601329                 6589882                    6563890                    6535855                     6349561                     6042911                     71         700068          6591318       6498072           66.19   66.35             233401  233401  116137  116137  10   10    20    20    65               30                      5124799                      50                     0                         0                         1                         8 + 33 part          528134            93.054               1.003              0.00               639.26                    13.38                 5784 + 76 part      375824             6057670               101225  101225  48279   49993  18    18     41    40   
78_A100_contigs  115                  28                      25                      23                       21                       19                       6621785                 6604582                    6599847                    6589207                     6548753                     6469110                     31         1267276         6606673       6498072           66.21   66.35             469731  469731  301910  426242  5    5     9     8     62               15                      6089192                      55                     0                         0                         1                         1 + 19 part          647388            91.625               1.001              0.00               548.59                    11.87                 5729 + 86 part      486370             5943065               122856  128389  58163   68539  15    14     33    31   
78_C141_contigs  129                  68                      56                      52                       42                       33                       6601838                 6590198                    6564206                    6535428                     6368996                     6062940                     69         700068          6590964       6498072           66.19   66.35             233401  233401  116137  116137  10   10    20    20    65               30                      5124802                      50                     0                         0                         1                         8 + 33 part          528137            93.056               1.003              0.00               639.11                    13.36                 5786 + 75 part      375824             6058312               101011  101011  48388   50747  18    18     41    39   
79_A106_contigs  174                  93                      75                      68                       55                       42                       6783595                 6763356                    6709590                    6663273                     6461431                     5978423                     102        450410          6770864       6498072           66.15   66.35             178951  190132  79390   84610   13   12    28    25    67               31                      4826501                      55                     0                         0                         1                         3 + 34 part          686194            93.519               1.001              0.00               553.52                    10.53                 5772 + 167 part     274936             6079738               74765   79390   32221   33774  29    27     63    57   
79_C142_contigs  234                  63                      47                      43                       37                       31                       6915438                 6873385                    6839917                    6807587                     6691983                     6461453                     79         743230          6883517       6498072           66.04   66.35             260519  272903  149006  175391  10   9     18    16    58               25                      5397206                      67                     0                         0                         2                         4 + 36 part          810024            92.861               1.007              0.00               593.14                    11.12                 5782 + 105 part     316946             6068770               102414  116935  47577   51524  20    18     45    39   
7_C14_contigs    251                  147                     116                     97                       73                       44                       6669078                 6643342                    6565639                    6417751                     6005322                     4961988                     157        303423          6651160       6498072           66.28   66.35             84231   84231   48037   51028   19   19    45    43    53               32                      3253465                      63                     0                         0                         0                         2 + 40 part          617945            92.740               1.001              0.00               545.36                    10.75                 5681 + 201 part     301831             6029980               55825   56775   22580   25447  35    33     82    77   
7_C88_contigs    97                   24                      20                      19                       17                       15                       6401696                 6388039                    6378286                    6372753                     6346377                     6261410                     28         1383757         6390457       6498072           66.44   66.35             626418  626418  348394  348394  4    4     7     7     69               13                      5911622                      61                     0                         0                         0                         1 + 14 part          454753            91.288               1.001              0.00               972.18                    19.84                 5648 + 80 part      376196             5931328               158976  150114  56067   53652  15    16     32    33   
80_A107_contigs  5253                 1853                    375                     39                       0                        0                        7291820                 6452977                    2754759                    495863                      0                           0                           2270       20382           6753496       6498072           66.16   66.35             4198    4385    2516    2712    511  481   1028  955   26               26                      138864                       42                     0                         0                         5                         195 + 92 part        667916            91.928               1.019              0.00               576.98                    10.45                 4200 + 1699 part    18824              6072222               3750    3882    1891    2134   556   523    1171  1076 
80_C104_contigs  124                  38                      30                      29                       25                       23                       6912054                 6893184                    6875682                    6868225                     6800501                     6729382                     44         799793          6897505       6498072           66.05   66.35             392114  394338  268464  279322  7    6     12    11    69               22                      6513602                      52                     0                         0                         0                         2 + 26 part          759176            94.351               1.001              0.00               546.34                    10.16                 5841 + 89 part      362091             6136793               113931  124751  53880   65807  18    16     40    35   
81_A119_contigs  175                  71                      58                      56                       50                       35                       6707440                 6685083                    6652725                    6637430                     6537580                     6007283                     77         396136          6690159       6498072           66.05   66.35             219997  219997  119385  122065  12   12    24    23    74               30                      5040137                      58                     0                         0                         5                         8 + 48 part          1006446           87.365               1.001              0.00               1109.18                   22.69                 5396 + 130 part     376480             5680824               63401   67128   25407   26952  31    29     70    65   
81_C105_contigs  191                  36                      24                      23                       21                       17                       6275689                 6247024                    6221772                    6215970                     6186207                     6050031                     42         891087          6251659       6498072           66.54   66.35             488198  488198  307718  297248  5    5     8     9     49               12                      5078761                      50                     0                         0                         0                         8 + 15 part          334958            90.991               1.001              0.00               529.10                    10.52                 5672 + 78 part      402572             5915436               156284  156284  68991   63220  14    14     29    32   
82_A122_contigs  224                  101                     82                      74                       59                       39                       6705341                 6676767                    6629743                    6573739                     6327574                     5610611                     111        395532          6683968       6498072           66.05   66.35             131748  134402  80753   84290   15   14    31    29    73               33                      4419586                      60                     0                         0                         4                         14 + 53 part         1002144           87.325               1.001              0.00               1107.92                   22.59                 5370 + 154 part     376847             5676669               57906   59396   21028   23488  33    31     80    73   
82_C107_contigs  160                  42                      33                      31                       29                       25                       6675024                 6648984                    6629008                    6612300                     6576660                     6433306                     50         793812          6654717       6498072           66.18   66.35             349000  349000  165444  217035  7    7     13    12    66               22                      6093421                      61                     0                         0                         0                         3 + 27 part          709546            91.395               1.001              0.00               953.12                    18.74                 5684 + 93 part      320670             5943514               103760  106187  50755   53647  19    18     43    40   
83_A123_contigs  173                  74                      59                      55                       49                       35                       6706985                 6686363                    6652136                    6621731                     6519540                     6021009                     79         400672          6690366       6498072           66.05   66.35             199820  219997  124636  129963  12   11    23    22    76               28                      4910384                      60                     0                         0                         3                         10 + 46 part         1006359           87.366               1.001              0.00               1109.40                   22.67                 5401 + 133 part     376577             5679498               68295   69440   24271   27669  30    29     68    62   
83_C109_contigs  162                  36                      28                      27                       24                       21                       6274461                 6250578                    6232096                    6222199                     6165985                     6065720                     41         664395          6254210       6498072           66.54   66.35             406673  352673  270941  263584  6    7     11    12    49               14                      4734038                      50                     0                         0                         0                         9 + 18 part          335170            90.985               1.001              0.00               527.38                    10.32                 5671 + 76 part      339240             5918061               126502  121834  68338   63345  15    16     33    35   
84_A126_contigs  369                  252                     192                     155                      86                       35                       6677731                 6647823                    6490038                    6219464                     5119940                     3376355                     269        276845          6661508       6498072           66.01   66.35             52741   53950   26702   27679   35   33    82    77    68               43                      2617612                      56                     0                         0                         9                         13 + 75 part         1001185           86.840               1.003              0.00               1108.42                   22.63                 5209 + 313 part     139790             5654538               27275   28110   10479   11526  65    62     161   150  
84_C110_contigs  109                  33                      28                      26                       24                       21                       6857044                 6840959                    6828613                    6813810                     6790947                     6686244                     40         1281994         6845882       6498072           66.10   66.35             439215  439215  270393  310621  5    5     10    9     58               17                      5952322                      42                     0                         0                         0                         4 + 21 part          808006            92.743               1.002              0.00               523.69                    10.27                 5737 + 69 part      452438             6035986               108877  109475  64071   68584  18    17     39    35   
85_A130_contigs  638                  456                     283                     192                      82                       25                       6636185                 6571279                    6144234                    5461270                     3769216                     1824072                     505        123595          6608181       6498072           65.95   66.35             28566   29794   13527   14187   65   63    149   143   63               49                      1636276                      57                     0                         0                         11                        27 + 92 part         1001061           86.106               1.002              0.00               1103.96                   22.32                 4988 + 517 part     85803              5599153               17313   17423   5636    6169   101   98     263   249  
85_C111_contigs  141                  38                      32                      30                       29                       25                       6867029                 6847930                    6834411                    6819608                     6807992                     6664356                     43         707230          6851601       6498072           66.10   66.35             395331  395331  199614  232332  7    7     13    12    60               20                      5859791                      44                     0                         0                         0                         4 + 23 part          819005            92.706               1.001              0.00               521.87                    10.09                 5725 + 72 part      388492             6028901               105957  106544  60123   68376  20    19     42    38   
86_A134_contigs  315                  220                     161                     134                      83                       38                       6644370                 6616822                    6457403                    6244522                     5402763                     3807362                     238        260118          6630564       6498072           66.05   66.35             56819   58421   30742   33642   29   28    68    65    62               41                      2865870                      57                     0                         0                         9                         13 + 71 part         965540            86.968               1.002              0.00               1106.89                   22.77                 5244 + 280 part     210562             5657353               33276   33629   11866   12977  53    51     135   127  
86_C112_contigs  137                  43                      37                      34                       31                       28                       6814544                 6795666                    6781753                    6761015                     6713731                     6603001                     50         641698          6800073       6498072           66.13   66.35             321999  348416  194170  218364  8    7     14    13    58               21                      5583201                      43                     0                         0                         0                         4 + 25 part          769226            92.667               1.002              0.00               520.86                    10.23                 5720 + 77 part      276986             6027863               106544  109189  49632   60123  21    19     44    40   
87_A137_contigs  148                  61                      45                      43                       41                       30                       6706782                 6687608                    6652092                    6638240                     6603991                     6234405                     67         586540          6692158       6498072           66.05   66.35             248994  248994  143366  144029  10   10    19    18    79               25                      5618387                      59                     0                         0                         3                         8 + 39 part          1006706           87.395               1.001              0.00               1110.63                   22.91                 5414 + 114 part     376480             5681284               70596   73799   26542   29783  27    25     62    56   
87_C114_contigs  139                  48                      40                      38                       35                       27                       6965324                 6942980                    6931129                    6917720                     6867529                     6585327                     59         413712          6949709       6498072           66.06   66.35             303635  312416  245385  245780  10   9     16    15    57               21                      5206582                      50                     0                         0                         2                         8 + 31 part          815468            94.292               1.001              0.00               550.50                    10.87                 5831 + 95 part      302239             6133586               110432  124751  49624   64071  18    16     41    35   
88_C117_contigs  142                  32                      25                      24                       22                       19                       6250277                 6225085                    6209226                    6203952                     6176826                     6062358                     43         938317          6232028       6498072           66.57   66.35             501004  501004  246597  246597  5    5     9     9     38               12                      5404696                      38                     0                         0                         0                         2 + 18 part          216402            92.524               1.001              0.00               532.36                    11.41                 5746 + 59 part      387345             6014994               171773  164002  90033   76428  12    13     26    28   
89_A141_contigs  295                  182                     136                     117                      80                       42                       6695933                 6665579                    6544734                    6399140                     5822790                     4435939                     197        293835          6677710       6498072           66.03   66.35             78222   79034   42000   43566   24   23    55    52    73               43                      3303608                      60                     0                         0                         6                         11 + 70 part         1003163           87.163               1.002              0.00               1108.42                   22.69                 5285 + 243 part     217264             5669356               41832   43566   12696   14677  47    45     117   107  
89_C156_contigs  88                   39                      34                      33                       27                       19                       6638645                 6628531                    6616781                    6611259                     6515425                     6228795                     42         1022168         6630352       6498072           66.25   66.35             390743  390743  257490  257490  5    5     11    11    49               13                      5235018                      52                     0                         0                         0                         2 + 18 part          532096            93.679               1.002              0.00               528.85                    10.94                 5824 + 77 part      500986             6095970               154619  154619  64119   66575  13    13     30    28   
8_C15_contigs    141                  38                      31                      30                       29                       26                       6683043                 6659020                    6643259                    6636690                     6621167                     6496563                     46         623442          6665013       6498072           66.30   66.35             398371  398371  251415  251415  7    7     13    13    54               21                      5930960                      63                     0                         0                         0                         2 + 25 part          620456            92.963               1.001              0.00               546.67                    11.06                 5796 + 88 part      412073             6031136               114392  114392  63894   64122  16    16     36    34   
8_C89_contigs    47                   16                      15                      14                       14                       12                       6243256                 6235944                    6233575                    6228269                     6228269                     6137917                     18         1362058         6237114       6498072           66.62   66.35             662386  662386  442253  434831  3    3     6     7     50               10                      5994454                      44                     0                         0                         0                         0 + 10 part          231418            92.361               1.001              0.00               509.71                    10.83                 5735 + 53 part      403422             6005064               158969  155952  82566   78951  12    13     26    28   
90_A144_contigs  166                  71                      53                      49                       44                       31                       6706834                 6688341                    6647240                    6618451                     6548781                     6083912                     73         586540          6690007       6498072           66.06   66.35             248983  248983  132795  134247  10   10    20    19    77               27                      5620075                      62                     0                         0                         2                         10 + 41 part         1005615           87.388               1.001              0.00               1109.51                   22.73                 5407 + 121 part     330853             5680667               71625   73799   26952   39527  27    26     61    56   
90_C158_contigs  185                  78                      63                      57                       50                       40                       6956766                 6930939                    6902117                    6865779                     6747185                     6399733                     91         616915          6940507       6498072           66.13   66.35             176827  188042  105225  121191  12   11    24    21    56               22                      4436477                      53                     0                         0                         1                         18 + 43 part         837842            93.721               1.002              0.00               543.79                    10.23                 5790 + 102 part     302658             6096586               98450   106614  38892   50472  22    19     50    42   
91_A147_contigs  187                  71                      59                      58                       53                       39                       6709549                 6684371                    6655347                    6649742                     6570568                     6068873                     78         348545          6690394       6498072           66.05   66.35             159211  159211  113382  119104  14   14    27    25    76               30                      4460494                      58                     0                         0                         4                         8 + 46 part          1007276           87.367               1.001              0.00               1108.11                   22.71                 5399 + 134 part     220494             5682001               66864   69440   25763   27432  32    30     71    66   
91_C159_contigs  123                  42                      37                      36                       31                       22                       6593065                 6579456                    6567809                    6562116                     6485538                     6137931                     45         897417          6581365       6498072           66.29   66.35             272746  272746  219040  219040  7    7     13    13    49               17                      5012729                      50                     0                         0                         0                         2 + 20 part          481744            93.658               1.002              0.00               527.28                    10.80                 5816 + 76 part      376235             6097488               142650  154613  58852   63816  14    13     31    30   
92_A148_contigs  248                  157                     119                     104                      75                       44                       6699061                 6675983                    6581147                    6473387                     6007532                     4902406                     168        396358          6684818       6498072           66.04   66.35             87099   90884   46686   50277   22   21    47    44    74               44                      3768517                      58                     0                         0                         6                         12 + 62 part         1002976           87.231               1.002              0.00               1110.22                   22.85                 5307 + 221 part     376480             5677863               45277   45649   15458   17115  41    39     103   94   
92_C160_contigs  154                  48                      39                      38                       35                       27                       6492471                 6465614                    6448196                    6441959                     6383919                     6101898                     60         650642          6473923       6498072           66.55   66.35             277448  277448  176875  176875  8    8     15    15    39               17                      4741555                      53                     0                         0                         0                         11 + 27 part         489576            91.950               1.002              0.00               522.61                    10.74                 5722 + 87 part      331410             5982466               117876  117876  66200   66200  16    16     34    34   
93_A151_contigs  258                  164                     123                     108                      77                       47                       6699540                 6674884                    6575980                    6460951                     5964950                     4858402                     175        260071          6683697       6498072           66.04   66.35             81790   82155   47515   48950   23   22    51    48    72               44                      3592276                      57                     0                         0                         6                         11 + 65 part         1003917           87.234               1.002              0.00               1109.30                   22.70                 5305 + 217 part     217880             5674191               41795   44036   15094   16842  46    44     112   103  
93_C161_contigs  133                  31                      25                      23                       21                       17                       6300548                 6276509                    6264936                    6250886                     6211609                     6041967                     42         971304          6284013       6498072           66.54   66.35             414433  409169  271992  271992  5    6     10    10    53               15                      5599998                      34                     0                         0                         1                         0 + 17 part          274536            92.397               1.001              0.00               512.50                    9.89                  5716 + 58 part      293066             6007174               114721  114721  69252   61404  16    16     32    35   
94_A154_contigs  285                  190                     139                     124                      81                       43                       6689344                 6664459                    6534577                    6427521                     5722468                     4388642                     202        260072          6674379       6498072           66.03   66.35             66442   70093   36364   38537   25   24    58    54    67               42                      3246104                      56                     0                         0                         8                         11 + 71 part         1003482           87.134               1.002              0.00               1108.43                   22.82                 5274 + 252 part     197716             5667216               35121   36491   14668   16055  49    47     122   114  
94_C164_contigs  141                  42                      34                      33                       31                       26                       6140206                 6120115                    6105680                    6100664                     6065827                     5881824                     47         1066729         6123807       6498072           66.42   66.35             347198  265815  149574  139883  6    7     13    15    60               23                      5404417                      58                     0                         0                         0                         4 + 24 part          323427            89.110               1.002              0.00               640.01                    13.25                 5564 + 96 part      375724             5798110               109392  104610  64427   50692  18    19     36    41   
95_A156_contigs  273                  166                     131                     114                      74                       44                       6695724                 6672082                    6582720                    6465859                     5801098                     4710279                     175        260074          6678893       6498072           66.04   66.35             81786   84239   44742   46214   23   22    51    48    69               41                      3429516                      59                     0                         0                         7                         12 + 65 part         1001821           87.195               1.002              0.00               1109.00                   22.70                 5305 + 228 part     172243             5672478               41794   44036   14929   16763  45    43     112   103  
95_C167_contigs  213                  58                      42                      33                       26                       22                       6614490                 6584298                    6551876                    6488618                     6370445                     6213102                     64         868254          6588272       6498072           66.23   66.35             388609  388609  209589  209589  6    6     11    11    60               22                      5805958                      72                     0                         0                         1                         14 + 31 part         595074            91.931               1.003              0.00               981.18                    19.52                 5731 + 102 part     376022             5991405               91694   91694   57499   58654  18    18     40    39   
96_A163_contigs  759                  623                     338                     188                      53                       11                       6165115                 6092053                    5398911                    4351938                     2197524                     770827                      705        124415          6153538       6498072           66.23   66.35             18193   17076   8491    7335    96   106   217   250   43               36                      920332                       41                     0                         0                         3                         9 + 45 part          438886            87.812               1.001              0.00               495.15                    10.41                 4972 + 715 part     99052              5708588               14254   13323   5941    5038   122   135    289   337  
96_C168_contigs  121                  35                      26                      26                       23                       22                       6855911                 6837834                    6810446                    6810446                     6760991                     6725140                     40         1003162         6841405       6498072           66.16   66.35             426929  426929  318613  318613  5    5     10    10    60               15                      5760936                      53                     0                         0                         2                         7 + 21 part          751458            93.610               1.001              0.00               537.17                    10.77                 5812 + 71 part      486211             6075543               117679  126645  56162   68325  17    15     37    33   
9_C17_contigs    141                  37                      26                      25                       25                       23                       6719499                 6696109                    6673708                    6668668                     6668668                     6583182                     44         680467          6701682       6498072           66.28   66.35             426041  426041  261047  288586  7    7     12    11    52               18                      6053023                      65                     0                         0                         0                         7 + 23 part          656306            92.969               1.001              0.00               554.81                    12.50                 5798 + 85 part      412071             6031583               121803  142635  64457   68539  15    14     33    31   
9_C91_contigs    189                  53                      41                      39                       37                       33                       6818389                 6788236                    6761588                    6748302                     6715217                     6581647                     64         677969          6795712       6498072           66.14   66.35             275457  275457  142925  145832  9    9     18    17    72               28                      5960717                      70                     0                         0                         1                         9 + 31 part          790203            92.275               1.002              0.00               971.68                    19.05                 5735 + 106 part     317067             6002595               92820   102431  48081   51203  21    20     48    44   
