query_id        subject_id      pct_identity    aln_length      n_of_mismatches gap_openings    q_start q_end   s_start   s_end   e_value bit_score
WP_003082503.1	59-C54_contig00033	100.000	319	0	0	1	319	65579	64623	0.0	589
WP_003082503.1	6-C86_contig00002	100.000	319	0	0	1	319	77969	77013	0.0	588
WP_003082503.1	44-C143_contig02546	100.000	319	0	0	1	319	54	1010	0.0	588
WP_003082503.1	4-C77_contig00004	100.000	319	0	0	1	319	77969	77013	0.0	588
WP_003082503.1	27-A2_contig00001	100.000	319	0	0	1	319	761558	762514	0.0	588
WP_003082503.1	95-C167_contig00001	100.000	319	0	0	1	319	619352	620308	0.0	588
WP_003082503.1	93-C161_contig00003	100.000	319	0	0	1	319	239491	240447	0.0	588
WP_003082503.1	74-C20_contig00001	100.000	319	0	0	1	319	323310	322354	0.0	588
WP_003082503.1	56-C43_contig00015	100.000	319	0	0	1	319	29836	30792	0.0	588
WP_003082503.1	42-B62_contig00001	100.000	319	0	0	1	319	265792	264836	0.0	588
WP_003082503.1	13-C149_contig00001	100.000	319	0	0	1	319	321768	320812	0.0	588
WP_003082503.1	79-C142_contig00004	100.000	319	0	0	1	319	47705	46749	0.0	588
WP_003082503.1	63-C71_contig00001	100.000	319	0	0	1	319	647974	648930	0.0	588
WP_003082503.1	59-A60_contig00242	100.000	319	0	0	1	319	3710	2754	0.0	588
WP_003082503.1	53-C30_contig00002	100.000	319	0	0	1	319	421139	420183	0.0	588
WP_003082503.1	52-C29_contig00002	100.000	319	0	0	1	319	323411	322455	0.0	588
WP_003082503.1	50-A5_contig00014	100.000	319	0	0	1	319	109546	108590	0.0	588
WP_003082503.1	49-A4_contig00014	100.000	319	0	0	1	319	109358	108402	0.0	588
WP_003082503.1	48-A3_contig00013	100.000	319	0	0	1	319	109542	108586	0.0	588
WP_003082503.1	44-B114_contig00001	100.000	319	0	0	1	319	756570	757526	0.0	588
WP_003082503.1	22-C79_contig00002	100.000	319	0	0	1	319	768871	769827	0.0	588
WP_003082503.1	10-C92_contig00003	100.000	319	0	0	1	319	317435	318391	0.0	588
WP_003082503.1	96-C168_contig00002	100.000	319	0	0	1	319	267748	266792	0.0	587
WP_003082503.1	94-C164_contig00001	100.000	319	0	0	1	319	420826	419870	0.0	587
WP_003082503.1	92-C160_contig00007	100.000	319	0	0	1	319	23620	22664	0.0	587
WP_003082503.1	91-C159_contig00001	100.000	319	0	0	1	319	626112	627068	0.0	587
WP_003082503.1	9-C17_contig00002	100.000	319	0	0	1	319	307084	308040	0.0	587
WP_003082503.1	89-C156_contig00001	100.000	319	0	0	1	319	750863	751819	0.0	587
WP_003082503.1	88-C117_contig00001	100.000	319	0	0	1	319	616809	617765	0.0	587
WP_003082503.1	8-C89_contig00001	100.000	319	0	0	1	319	778193	779149	0.0	587
WP_003082503.1	8-C15_contig00007	100.000	319	0	0	1	319	241494	240538	0.0	587
WP_003082503.1	78-A100_contig00007	100.000	319	0	0	1	319	271005	270049	0.0	587
WP_003082503.1	76-C137_contig00001	100.000	319	0	0	1	319	324951	323995	0.0	587
WP_003082503.1	72-C16_contig00002	100.000	319	0	0	1	319	241492	240536	0.0	587
WP_003082503.1	71-C11_contig00005	100.000	319	0	0	1	319	76498	75542	0.0	587
WP_003082503.1	70-C9_contig00022	100.000	319	0	0	1	319	58681	59637	0.0	587
WP_003082503.1	70-A82_contig00002	100.000	319	0	0	1	319	330890	331846	0.0	587
WP_003082503.1	7-C14_contig00026	100.000	319	0	0	1	319	23908	24864	0.0	587
WP_003082503.1	69-C7_contig00003	100.000	319	0	0	1	319	252087	251131	0.0	587
WP_003082503.1	69-A81_contig00001	100.000	319	0	0	1	319	698225	697269	0.0	587
WP_003082503.1	68-C6_contig00003	100.000	319	0	0	1	319	252087	251131	0.0	587
WP_003082503.1	67-C5_contig00002	100.000	319	0	0	1	319	324951	323995	0.0	587
WP_003082503.1	67-A78_contig00008	100.000	319	0	0	1	319	24261	25217	0.0	587
WP_003082503.1	65-C74_contig00003	100.000	319	0	0	1	319	321214	320258	0.0	587
WP_003082503.1	65-A76_contig00001	100.000	319	0	0	1	319	698713	697757	0.0	587
WP_003082503.1	64-C73_contig00002	100.000	319	0	0	1	319	607285	608241	0.0	587
WP_003082503.1	64-A75_contig00009	100.000	319	0	0	1	319	275022	274066	0.0	587
WP_003082503.1	63-A73_contig00007	100.000	319	0	0	1	319	347134	346178	0.0	587
WP_003082503.1	62-A72_contig00005	100.000	319	0	0	1	319	22282	21326	0.0	587
WP_003082503.1	61-C151_contig00005	100.000	319	0	0	1	319	301581	302537	0.0	587
WP_003082503.1	61-A71_contig00034	100.000	319	0	0	1	319	20188	21144	0.0	587
WP_003082503.1	60-A70_contig00032	100.000	319	0	0	1	319	51448	50492	0.0	587
WP_003082503.1	6-C13_contig00028	100.000	319	0	0	1	319	41171	40215	0.0	587
WP_003082503.1	58-C51_contig00001	100.000	319	0	0	1	319	312274	311318	0.0	587
WP_003082503.1	58-A58_contig00001	100.000	319	0	0	1	319	275239	274283	0.0	587
WP_003082503.1	57-C49_contig00006	100.000	319	0	0	1	319	270774	269818	0.0	587
WP_003082503.1	57-A56_contig00002	100.000	319	0	0	1	319	275239	274283	0.0	587
WP_003082503.1	56-A55_contig00012	100.000	319	0	0	1	319	25302	26258	0.0	587
WP_003082503.1	55-C42_contig00002	100.000	319	0	0	1	319	349538	348582	0.0	587
WP_003082503.1	55-A54_contig00041	100.000	319	0	0	1	319	20224	21180	0.0	587
WP_003082503.1	54-A53_contig00001	100.000	319	0	0	1	319	698769	697813	0.0	587
WP_003082503.1	53-A52_contig00001	100.000	319	0	0	1	319	24209	25165	0.0	587
WP_003082503.1	52-A48_contig00045	100.000	319	0	0	1	319	22282	21326	0.0	587
WP_003082503.1	51-A46_contig00030	100.000	319	0	0	1	319	22282	21326	0.0	587
WP_003082503.1	50-C23_contig00001	100.000	319	0	0	1	319	246952	245996	0.0	587
WP_003082503.1	5-C12_contig00057	100.000	319	0	0	1	319	17814	18770	0.0	587
WP_003082503.1	48-C66_contig00005	100.000	319	0	0	1	319	319655	320611	0.0	587
WP_003082503.1	47-C63_contig00002	100.000	319	0	0	1	319	306877	307833	0.0	587
WP_003082503.1	47-C148_contig00004	100.000	319	0	0	1	319	25304	26260	0.0	587
WP_003082503.1	46-C146_contig00001	100.000	319	0	0	1	319	481347	482303	0.0	587
WP_003082503.1	45-B191_contig00001	100.000	319	0	0	1	319	585053	584097	0.0	587
WP_003082503.1	43-C129_contig00001	100.000	319	0	0	1	319	744151	745107	0.0	587
WP_003082503.1	42-C127_contig00001	100.000	319	0	0	1	319	624214	625170	0.0	587
WP_003082503.1	39-C118_contig00004	100.000	319	0	0	1	319	588806	587850	0.0	587
WP_003082503.1	38-C116_contig00001	100.000	319	0	0	1	319	617402	618358	0.0	587
WP_003082503.1	38-B3_contig00006	100.000	319	0	0	1	319	276333	275377	0.0	587
WP_003082503.1	30-A36_contig00001	100.000	319	0	0	1	319	574804	573848	0.0	587
WP_003082503.1	3-C8_contig00069	100.000	319	0	0	1	319	19121	20077	0.0	587
WP_003082503.1	29-A19_contig00037	100.000	319	0	0	1	319	9775	10731	0.0	587
WP_003082503.1	28-C87_contig00035	100.000	319	0	0	1	319	65672	64716	0.0	587
WP_003082503.1	26-A1_contig00001	100.000	319	0	0	1	319	347326	346370	0.0	587
WP_003082503.1	22-C128_contig00001	100.000	319	0	0	1	319	752981	753937	0.0	587
WP_003082503.1	20-C68_contig00005	100.000	319	0	0	1	319	319655	320611	0.0	587
WP_003082503.1	20-C123_contig00002	100.000	319	0	0	1	319	241476	240520	0.0	587
WP_003082503.1	2-C4_contig00001	100.000	319	0	0	1	319	365666	364710	0.0	587
WP_003082503.1	2-C155_contig00003	100.000	319	0	0	1	319	322967	322011	0.0	587
WP_003082503.1	19-C67_contig00007	100.000	319	0	0	1	319	258281	257325	0.0	587
WP_003082503.1	19-C120_contig00006	100.000	319	0	0	1	319	31951	32907	0.0	587
WP_003082503.1	18-C65_contig00006	100.000	319	0	0	1	319	25213	26169	0.0	587
WP_003082503.1	17-C64_contig00002	100.000	319	0	0	1	319	319655	320611	0.0	587
WP_003082503.1	14-C94_contig00007	100.000	319	0	0	1	319	544545	543589	0.0	587
WP_003082503.1	12-C147_contig00001	100.000	319	0	0	1	319	756174	755218	0.0	587
WP_003082503.1	11-C22_contig00007	100.000	319	0	0	1	319	20197	21153	0.0	587
WP_003082503.1	10-C21_contig00001	100.000	319	0	0	1	319	243395	242439	0.0	587
WP_003082503.1	1-C3_contig00024	100.000	319	0	0	1	319	19013	19969	0.0	587
WP_003082503.1	96-A163_contig00442	100.000	319	0	0	1	319	350	1306	0.0	587
WP_003082503.1	90-C158_contig00010	100.000	319	0	0	1	319	47705	46749	0.0	587
WP_003082503.1	9-C91_contig00005	100.000	319	0	0	1	319	321753	322709	0.0	587
WP_003082503.1	87-C114_contig00011	100.000	319	0	0	1	319	65625	64669	0.0	587
WP_003082503.1	86-C112_contig00007	100.000	319	0	0	1	319	115267	114311	0.0	587
WP_003082503.1	85-C111_contig00009	100.000	319	0	0	1	319	115267	114311	0.0	587
WP_003082503.1	84-C110_contig00002	100.000	319	0	0	1	319	713041	713997	0.0	587
WP_003082503.1	82-C107_contig00007	100.000	319	0	0	1	319	25487	24531	0.0	587
WP_003082503.1	80-C104_contig00009	100.000	319	0	0	1	319	65617	64661	0.0	587
WP_003082503.1	75-C135_contig00001	100.000	319	0	0	1	319	315441	314485	0.0	587
WP_003082503.1	73-C18_contig00010	100.000	319	0	0	1	319	65744	64788	0.0	587
WP_003082503.1	66-C2_contig00003	100.000	319	0	0	1	319	263892	262936	0.0	587
WP_003082503.1	62-C153_contig00010	100.000	319	0	0	1	319	47705	46749	0.0	587
WP_003082503.1	60-C150_contig00004	100.000	319	0	0	1	319	253228	252272	0.0	587
WP_003082503.1	54-C36_contig00005	100.000	319	0	0	1	319	323514	324470	0.0	587
WP_003082503.1	51-C25_contig00004	100.000	319	0	0	1	319	323514	324470	0.0	587
WP_003082503.1	5-C82_contig00003	100.000	319	0	0	1	319	643303	644259	0.0	587
WP_003082503.1	45-C144_contig00032	100.000	319	0	0	1	319	11869	12825	0.0	587
WP_003082503.1	41-C126_contig01030	100.000	319	0	0	1	319	1533	577	0.0	587
WP_003082503.1	40-C125_contig00007	100.000	319	0	0	1	319	234660	235616	0.0	587
WP_003082503.1	40-B34_contig00003	100.000	319	0	0	1	319	366254	365298	0.0	587
WP_003082503.1	4-C10_contig01033	100.000	319	0	0	1	319	1154	198	0.0	587
WP_003082503.1	39-B16_contig00002	100.000	319	0	0	1	319	323502	324458	0.0	587
WP_003082503.1	37-C61_contig00002	100.000	319	0	0	1	319	353819	352863	0.0	587
WP_003082503.1	37-C115_contig00001	100.000	319	0	0	1	319	568447	567491	0.0	587
WP_003082503.1	36-C108_contig00031	100.000	319	0	0	1	319	41133	40177	0.0	587
WP_003082503.1	35-C106_contig00027	100.000	319	0	0	1	319	65617	64661	0.0	587
WP_003082503.1	32-C99_contig00004	100.000	319	0	0	1	319	64866	63910	0.0	587
WP_003082503.1	31-C98_contig00006	100.000	319	0	0	1	319	234686	235642	0.0	587
WP_003082503.1	30-C97_contig00035	100.000	319	0	0	1	319	6885	5929	0.0	587
WP_003082503.1	3-C76_contig00018	100.000	319	0	0	1	319	122447	123403	0.0	587
WP_003082503.1	29-C95_contig00003	100.000	319	0	0	1	319	64866	63910	0.0	587
WP_003082503.1	28-A12_contig00004	100.000	319	0	0	1	319	294090	293134	0.0	587
WP_003082503.1	27-C85_contig00023	100.000	319	0	0	1	319	25280	26236	0.0	587
WP_003082503.1	26-C84_contig00004	100.000	319	0	0	1	319	69876	68920	0.0	587
WP_003082503.1	25-C83_contig00023	100.000	319	0	0	1	319	69875	68919	0.0	587
WP_003082503.1	25-C134_contig00006	100.000	319	0	0	1	319	25567	24611	0.0	587
WP_003082503.1	24-C81_contig00031	100.000	319	0	0	1	319	54976	54020	0.0	587
WP_003082503.1	24-C133_contig00006	100.000	319	0	0	1	319	323515	324471	0.0	587
WP_003082503.1	23-C80_contig00005	100.000	319	0	0	1	319	69876	68920	0.0	587
WP_003082503.1	23-C131_contig00007	100.000	319	0	0	1	319	323514	324470	0.0	587
WP_003082503.1	16-C45_contig00013	99.687	319	1	0	1	319	65725	64769	0.0	587
WP_003082503.1	15-C96_contig00005	100.000	319	0	0	1	319	323514	324470	0.0	587
WP_003082503.1	15-C44_contig00018	99.687	319	1	0	1	319	65725	64769	0.0	587
WP_003082503.1	14-C33_contig00012	100.000	319	0	0	1	319	147783	148739	0.0	587
WP_003082503.1	13-C32_contig00028	100.000	319	0	0	1	319	20192	21148	0.0	587
WP_003082503.1	12-C31_contig00029	100.000	319	0	0	1	319	17813	18769	0.0	587
WP_003082503.1	11-C145_contig00002	100.000	319	0	0	1	319	323514	324470	0.0	587
WP_003082503.1	83-C109_contig00002	100.000	319	0	0	1	319	306922	307878	0.0	587
WP_003082503.1	81-C105_contig00001	100.000	319	0	0	1	319	584166	583210	0.0	587
WP_003082503.1	7-C88_contig00001	99.687	319	1	0	1	319	592540	591584	0.0	587
WP_003082503.1	49-C69_contig00003	100.000	319	0	0	1	319	412676	411720	0.0	587
WP_003082503.1	34-C103_contig00003	100.000	319	0	0	1	319	314135	315091	0.0	587
WP_003082503.1	33-C101_contig00021	100.000	319	0	0	1	319	25307	26263	0.0	587
WP_003082503.1	21-C78_contig00001	100.000	319	0	0	1	319	584166	583210	0.0	587
WP_003082503.1	17-C102_contig00002	100.000	319	0	0	1	319	481294	482250	0.0	587
WP_003082503.1	16-C100_contig00002	99.687	319	1	0	1	319	315551	316507	0.0	586
WP_003082503.1	79-A106_contig00004	99.687	319	1	0	1	319	268102	267146	0.0	585
WP_003082503.1	77-A97_contig00006	99.687	319	1	0	1	319	24218	25174	0.0	585
WP_003082503.1	76-A95_contig00005	99.687	319	1	0	1	319	20195	21151	0.0	585
WP_003082503.1	75-A92_contig00026	99.687	319	1	0	1	319	49682	48726	0.0	585
WP_003082503.1	74-A91_contig00032	99.687	319	1	0	1	319	49676	48720	0.0	585
WP_003082503.1	73-A90_contig00030	99.687	319	1	0	1	319	37812	36856	0.0	585
WP_003082503.1	72-A86_contig00004	99.687	319	1	0	1	319	25340	26296	0.0	585
WP_003082503.1	71-A85_contig00001	99.687	319	1	0	1	319	425092	424136	0.0	585
WP_003082503.1	68-A80_contig00004	99.687	319	1	0	1	319	268102	267146	0.0	585
WP_003082503.1	66-A77_contig00009	99.687	319	1	0	1	319	25308	26264	0.0	585
WP_003082503.1	36-C60_contig00001	99.687	319	1	0	1	319	632687	633643	0.0	585
WP_003082503.1	34-C58_contig00001	99.687	319	1	0	1	319	67730	66774	0.0	585
WP_003082503.1	33-C57_contig00003	99.687	319	1	0	1	319	67731	66775	0.0	585
WP_003082503.1	32-C56_contig00002	99.687	319	1	0	1	319	67938	66982	0.0	585
WP_003082503.1	31-C55_contig00002	99.687	319	1	0	1	319	632687	633643	0.0	585
WP_003082503.1	78-C141_contig00003	99.687	319	1	0	1	319	225851	224895	0.0	584
WP_003082503.1	77-C139_contig00003	99.687	319	1	0	1	319	225851	224895	0.0	584
WP_003082503.1	80-A107_contig00976	99.687	319	1	0	1	319	1529	2485	0.0	584
WP_003082503.1	46-B199_contig00010	99.060	319	3	0	1	319	62356	61400	0.0	584
WP_003082503.1	18-C119_contig00026	99.060	319	3	0	1	319	62356	61400	0.0	584
WP_003082503.1	95-A156_contig00033	99.373	319	2	0	1	319	37626	36670	0.0	583
WP_003082503.1	94-A154_contig00024	99.373	319	2	0	1	319	23937	24893	0.0	583
WP_003082503.1	93-A151_contig00035	99.373	319	2	0	1	319	23903	24859	0.0	583
WP_003082503.1	92-A148_contig00002	99.373	319	2	0	1	319	23916	24872	0.0	583
WP_003082503.1	91-A147_contig00003	99.373	319	2	0	1	319	265025	264069	0.0	583
WP_003082503.1	90-A144_contig00006	99.373	319	2	0	1	319	265025	264069	0.0	583
WP_003082503.1	89-A141_contig00004	99.373	319	2	0	1	319	23938	24894	0.0	583
WP_003082503.1	87-A137_contig00002	99.373	319	2	0	1	319	265030	264074	0.0	583
WP_003082503.1	86-A134_contig00024	99.373	319	2	0	1	319	23902	24858	0.0	583
WP_003082503.1	85-A130_contig00020	99.373	319	2	0	1	319	37605	36649	0.0	583
WP_003082503.1	84-A126_contig00019	99.373	319	2	0	1	319	46095	45139	0.0	583
WP_003082503.1	83-A123_contig00006	99.373	319	2	0	1	319	265025	264069	0.0	583
WP_003082503.1	82-A122_contig00004	99.373	319	2	0	1	319	28891	29847	0.0	583
WP_003082503.1	81-A119_contig00004	99.373	319	2	0	1	319	265025	264069	0.0	583
WP_003082503.1	41-B37_contig00001	99.373	319	2	0	1	319	648639	649595	0.0	582
WP_003082503.1	21-C124_contig00081	99.060	319	3	0	1	319	11871	12827	0.0	582
WP_003082503.1	35-C59_contig00001	99.422	173	1	0	147	319	67293	66775	1.04e-107	349
WP_023087614.1	41-C126_contig02357	99.099	111	1	0	18	128	267	599	5.46e-64	198
WP_023087614.1	44-C143_contig01335	99.099	111	1	0	18	128	800	1132	7.15e-61	199
WP_023087614.1	59-A60_contig00135	100.000	111	0	0	18	128	1448	1116	5.76e-59	200
WP_023087614.1	61-A71_contig00015	100.000	111	0	0	18	128	44357	44025	5.81e-59	200
WP_023087614.1	55-A54_contig00021	100.000	111	0	0	18	128	71602	71934	5.81e-59	200
WP_023087614.1	53-A52_contig00022	100.000	111	0	0	18	128	57397	57065	5.81e-59	200
WP_023087614.1	60-A70_contig00009	100.000	111	0	0	18	128	106736	106404	5.81e-59	200
WP_023087614.1	52-A48_contig00012	100.000	111	0	0	18	128	71511	71843	5.81e-59	200
WP_023087614.1	54-A53_contig00008	100.000	111	0	0	18	128	233942	233610	5.82e-59	200
WP_023087614.1	62-A72_contig00005	100.000	111	0	0	18	128	281568	281236	5.82e-59	200
WP_023087614.1	51-A46_contig00004	100.000	111	0	0	18	128	233970	233638	5.82e-59	200
WP_023087614.1	67-A78_contig00002	100.000	111	0	0	18	128	472023	472355	5.82e-59	200
WP_023087614.1	78-A100_contig00003	100.000	111	0	0	18	128	472909	473241	5.82e-59	200
WP_023087614.1	64-A75_contig00002	100.000	111	0	0	18	128	233977	233645	5.82e-59	200
WP_023087614.1	70-A82_contig00002	100.000	111	0	0	18	128	71600	71932	5.82e-59	200
WP_023087614.1	57-A56_contig00002	100.000	111	0	0	18	128	534525	534193	5.82e-59	200
WP_023087614.1	56-A55_contig00002	100.000	111	0	0	18	128	470125	470457	5.82e-59	200
WP_023087614.1	63-A73_contig00001	100.000	111	0	0	18	128	470155	470487	5.82e-59	200
WP_023087614.1	69-A81_contig00002	100.000	111	0	0	18	128	233971	233639	5.82e-59	200
WP_023087614.1	58-A58_contig00001	100.000	111	0	0	18	128	534525	534193	5.82e-59	200
WP_023087614.1	64-C73_contig00002	100.000	111	0	0	18	128	347996	348328	5.82e-59	200
WP_023087614.1	96-C168_contig00002	100.000	111	0	0	18	128	527037	526705	5.82e-59	200
WP_023087614.1	65-A76_contig00001	100.000	111	0	0	18	128	957999	957667	5.82e-59	200
WP_023087614.1	26-A1_contig00001	100.000	111	0	0	18	128	606627	606295	5.82e-59	200
WP_023087614.1	95-C167_contig00001	99.099	111	1	0	18	128	347886	348218	5.87e-59	200
WP_023087614.1	4-C77_contig00004	99.099	111	1	0	18	128	369938	369606	1.00e-58	199
WP_023087614.1	6-C86_contig00002	99.099	111	1	0	18	128	369938	369606	1.00e-58	199
WP_023087614.1	38-B3_contig00006	99.099	111	1	0	18	128	468582	468250	1.04e-58	199
WP_023087614.1	85-A130_contig00149	99.099	111	1	0	18	128	4569	4237	1.09e-58	199
WP_023087614.1	84-A126_contig00096	99.099	111	1	0	18	128	9510	9842	1.09e-58	199
WP_023087614.1	94-A154_contig00088	99.099	111	1	0	18	128	11357	11025	1.09e-58	199
WP_023087614.1	89-A141_contig00037	99.099	111	1	0	18	128	11273	10941	1.10e-58	199
WP_023087614.1	86-A134_contig00035	99.099	111	1	0	18	128	11286	10954	1.10e-58	199
WP_023087614.1	92-A148_contig00041	99.099	111	1	0	18	128	41895	42227	1.10e-58	199
WP_023087614.1	95-A156_contig00030	99.099	111	1	0	18	128	57004	56672	1.10e-58	199
WP_023087614.1	82-A122_contig00028	99.099	111	1	0	18	128	41895	42227	1.10e-58	199
WP_023087614.1	93-A151_contig00017	99.099	111	1	0	18	128	9523	9855	1.10e-58	199
WP_023087614.1	87-A137_contig00021	99.099	111	1	0	18	128	41895	42227	1.10e-58	199
WP_023087614.1	91-A147_contig00022	99.099	111	1	0	18	128	41895	42227	1.10e-58	199
WP_023087614.1	90-A144_contig00020	99.099	111	1	0	18	128	41895	42227	1.10e-58	199
WP_023087614.1	83-A123_contig00020	99.099	111	1	0	18	128	41895	42227	1.10e-58	199
WP_023087614.1	81-A119_contig00020	99.099	111	1	0	18	128	90901	90569	1.10e-58	199
WP_023087614.1	21-C124_contig00002	99.099	111	1	0	18	128	40556	40224	1.10e-58	199
WP_023087614.1	41-B37_contig00001	99.099	111	1	0	18	128	347993	348325	1.17e-58	199
WP_023087614.1	42-B62_contig00001	99.099	111	1	0	18	128	564716	564384	1.28e-58	199
WP_023087614.1	7-C88_contig00001	99.099	111	1	0	18	128	863850	863518	1.28e-58	199
WP_023087614.1	94-C164_contig00001	99.099	111	1	0	18	128	718710	718378	1.29e-58	199
WP_023087614.1	6-C13_contig00041	99.099	111	1	0	18	128	11483	11151	1.32e-58	199
WP_023087614.1	20-C123_contig00024	99.099	111	1	0	18	128	41146	40814	1.32e-58	199
WP_023087614.1	7-C14_contig00017	99.099	111	1	0	18	128	57193	56861	1.32e-58	199
WP_023087614.1	8-C15_contig00017	99.099	111	1	0	18	128	107038	106706	1.32e-58	199
WP_023087614.1	47-C63_contig00002	99.099	111	1	0	18	128	42971	43303	1.33e-58	199
WP_023087614.1	9-C17_contig00002	99.099	111	1	0	18	128	43179	43511	1.33e-58	199
WP_023087614.1	72-C16_contig00002	99.099	111	1	0	18	128	505396	505064	1.33e-58	199
WP_023087614.1	55-C42_contig00002	99.099	111	1	0	18	128	616809	616477	1.33e-58	199
WP_023087614.1	75-C135_contig00001	99.099	111	1	0	18	128	621422	621090	1.33e-58	199
WP_023087614.1	74-C20_contig00001	99.099	111	1	0	18	128	513339	513007	1.33e-58	199
WP_023087614.1	45-B191_contig00001	99.099	111	1	0	18	128	780826	780494	1.33e-58	199
WP_023087614.1	8-C89_contig00001	99.099	111	1	0	18	128	600420	600752	1.33e-58	199
WP_023087614.1	1-C3_contig00132	99.099	111	1	0	18	128	4588	4256	1.39e-58	199
WP_023087614.1	31-C98_contig00030	99.099	111	1	0	18	128	41897	42229	1.40e-58	199
WP_023087614.1	40-C125_contig00023	99.099	111	1	0	18	128	41897	42229	1.40e-58	199
WP_023087614.1	2-C4_contig00017	99.099	111	1	0	18	128	57203	56871	1.40e-58	199
WP_023087614.1	45-C144_contig00020	99.099	111	1	0	18	128	39041	39373	1.40e-58	199
WP_023087614.1	3-C76_contig00013	99.099	111	1	0	18	128	41897	42229	1.40e-58	199
WP_023087614.1	30-C97_contig00009	99.099	111	1	0	18	128	44363	44695	1.40e-58	199
WP_023087614.1	9-C91_contig00005	99.099	111	1	0	18	128	42602	42934	1.40e-58	199
WP_023087614.1	24-C133_contig00006	99.099	111	1	0	18	128	44363	44695	1.40e-58	199
WP_023087614.1	54-C36_contig00005	99.099	111	1	0	18	128	44363	44695	1.40e-58	199
WP_023087614.1	82-C107_contig00007	99.099	111	1	0	18	128	304638	304306	1.40e-58	199
WP_023087614.1	25-C134_contig00006	99.099	111	1	0	18	128	304719	304387	1.40e-58	199
WP_023087614.1	32-C99_contig00004	99.099	111	1	0	18	128	344017	343685	1.40e-58	199
WP_023087614.1	15-C96_contig00005	99.099	111	1	0	18	128	44363	44695	1.40e-58	199
WP_023087614.1	29-C95_contig00003	99.099	111	1	0	18	128	344017	343685	1.40e-58	199
WP_023087614.1	23-C131_contig00007	99.099	111	1	0	18	128	44363	44695	1.40e-58	199
WP_023087614.1	60-C150_contig00004	99.099	111	1	0	18	128	532379	532047	1.41e-58	199
WP_023087614.1	66-C2_contig00003	99.099	111	1	0	18	128	543043	542711	1.41e-58	199
WP_023087614.1	11-C145_contig00002	99.099	111	1	0	18	128	44363	44695	1.41e-58	199
WP_023087614.1	51-C25_contig00004	99.099	111	1	0	18	128	44363	44695	1.41e-58	199
WP_023087614.1	83-C109_contig00002	99.099	111	1	0	18	128	41896	42228	1.41e-58	199
WP_023087614.1	39-B16_contig00002	99.099	111	1	0	18	128	44363	44695	1.41e-58	199
WP_023087614.1	81-C105_contig00001	99.099	111	1	0	18	128	849192	848860	1.41e-58	199
WP_023087614.1	21-C78_contig00001	99.099	111	1	0	18	128	849192	848860	1.41e-58	199
WP_023087614.1	91-C159_contig00001	99.099	111	1	0	18	128	348094	348426	1.41e-58	199
WP_023087614.1	76-C137_contig00001	99.099	111	1	0	18	128	602963	602631	1.41e-58	199
WP_023087614.1	67-C5_contig00002	99.099	111	1	0	18	128	602953	602621	1.41e-58	199
WP_023087614.1	89-C156_contig00001	99.099	111	1	0	18	128	472845	473177	1.41e-58	199
WP_023087614.1	46-B199_contig00032	99.099	111	1	0	18	128	40039	40371	1.47e-58	199
WP_023087614.1	18-C119_contig00029	99.099	111	1	0	18	128	41894	42226	1.47e-58	199
WP_023087614.1	16-C45_contig00005	99.099	111	1	0	18	128	98025	97693	1.53e-58	199
WP_023087614.1	15-C44_contig00006	99.099	111	1	0	18	128	16659	16991	1.53e-58	199
WP_023087614.1	56-C43_contig00007	99.099	111	1	0	18	128	16669	17001	1.53e-58	199
WP_023087614.1	13-C149_contig00001	99.099	111	1	0	18	128	516612	516280	1.53e-58	199
WP_023087614.1	78-C141_contig00002	99.099	111	1	0	18	128	348104	348436	1.74e-58	198
WP_023087614.1	77-C139_contig00002	99.099	111	1	0	18	128	348104	348436	1.74e-58	198
WP_023087614.1	24-C81_contig00010	98.198	111	2	0	18	128	117402	117070	7.96e-58	196
WP_023087614.1	23-C80_contig00005	98.198	111	2	0	18	128	356444	356112	7.96e-58	196
WP_023087614.1	26-C84_contig00004	98.198	111	2	0	18	128	356444	356112	7.96e-58	196
WP_023087614.1	25-C83_contig00001	98.198	111	2	0	18	128	257391	257059	7.96e-58	196
WP_023087614.1	37-C61_contig00002	98.198	111	2	0	18	128	639959	639627	7.96e-58	196
WP_023087614.1	5-C82_contig00003	98.198	111	2	0	18	128	356735	357067	7.96e-58	196
WP_023087614.1	22-C79_contig00002	98.198	111	2	0	18	128	482301	482633	7.96e-58	196
WP_023087614.1	27-A2_contig00001	98.936	94	1	0	18	111	584723	585004	4.88e-57	194
WP_015649664.1	41-C126_contig02852	98.639	147	2	0	1	147	91	531	4.15e-86	253
WP_015649664.1	6-C86_contig00012	100.000	149	0	0	1	149	96397	96843	6.23e-80	261
WP_015649664.1	4-C77_contig00011	100.000	149	0	0	1	149	110857	110411	6.23e-80	261
WP_015649664.1	42-C127_contig00002	100.000	149	0	0	1	149	838476	838922	6.23e-80	261
WP_015649664.1	22-C128_contig00002	100.000	149	0	0	1	149	899948	900394	6.23e-80	261
WP_015649664.1	32-C99_contig00049	99.329	149	1	0	1	149	14406	13960	1.43e-79	260
WP_015649664.1	31-C98_contig00046	99.329	149	1	0	1	149	2513	2959	1.43e-79	260
WP_015649664.1	29-C95_contig00050	99.329	149	1	0	1	149	14376	13930	1.43e-79	260
WP_015649664.1	32-C99_contig00047	99.329	149	1	0	1	149	5000	5446	1.43e-79	260
WP_015649664.1	30-C97_contig00038	99.329	149	1	0	1	149	2513	2959	1.43e-79	260
WP_015649664.1	29-C95_contig00047	99.329	149	1	0	1	149	4247	4693	1.43e-79	260
WP_015649664.1	31-C98_contig00041	99.329	149	1	0	1	149	19473	19027	1.44e-79	260
WP_015649664.1	30-C97_contig00036	99.329	149	1	0	1	149	5000	5446	1.44e-79	260
WP_015649664.1	15-C96_contig00029	99.329	149	1	0	1	149	75514	75068	1.44e-79	260
WP_015649664.1	15-C96_contig00010	99.329	149	1	0	1	149	266642	266196	1.45e-79	260
WP_015649664.1	42-B62_contig00001	99.329	149	1	0	1	149	643462	643016	1.45e-79	260
WP_015649664.1	95-A156_contig00073	98.658	149	2	0	1	149	1564	2010	3.78e-79	258
WP_015649664.1	94-A154_contig00080	98.658	149	2	0	1	149	24885	24439	3.78e-79	258
WP_015649664.1	93-A151_contig00076	98.658	149	2	0	1	149	1564	2010	3.78e-79	258
WP_015649664.1	92-A148_contig00074	98.658	149	2	0	1	149	24885	24439	3.78e-79	258
WP_015649664.1	91-A147_contig00052	98.658	149	2	0	1	149	24885	24439	3.78e-79	258
WP_015649664.1	90-A144_contig00043	98.658	149	2	0	1	149	1564	2010	3.78e-79	258
WP_015649664.1	89-A141_contig00079	98.658	149	2	0	1	149	24885	24439	3.78e-79	258
WP_015649664.1	87-A137_contig00040	98.658	149	2	0	1	149	24885	24439	3.78e-79	258
WP_015649664.1	86-A134_contig00081	98.658	149	2	0	1	149	24885	24439	3.78e-79	258
WP_015649664.1	85-A130_contig00077	98.658	149	2	0	1	149	24885	24439	3.78e-79	258
WP_015649664.1	83-A123_contig00048	98.658	149	2	0	1	149	1564	2010	3.78e-79	258
WP_015649664.1	82-A122_contig00058	98.658	149	2	0	1	149	1564	2010	3.78e-79	258
WP_015649664.1	81-A119_contig00049	98.658	149	2	0	1	149	1564	2010	3.78e-79	258
WP_015649664.1	84-A126_contig00075	98.658	149	2	0	1	149	27153	26707	3.78e-79	258
WP_015649664.1	58-C51_contig00025	98.658	149	2	0	1	149	26134	25688	3.79e-79	258
WP_015649664.1	57-C49_contig00021	98.658	149	2	0	1	149	53546	53100	3.81e-79	258
WP_015649664.1	40-C125_contig00020	98.658	149	2	0	1	149	19339	18893	3.81e-79	258
WP_015649664.1	47-C148_contig00010	98.658	149	2	0	1	149	18904	18458	3.81e-79	258
WP_015649664.1	12-C147_contig00008	98.658	149	2	0	1	149	259628	260074	3.81e-79	258
WP_015649664.1	46-C146_contig00009	98.658	149	2	0	1	149	259651	260097	3.81e-79	258
WP_015649664.1	14-C94_contig00003	98.658	149	2	0	1	149	752543	752989	3.81e-79	258
WP_015649664.1	96-A163_contig00017	99.329	149	1	0	1	149	12471	12917	4.39e-79	258
WP_015649664.1	30-A36_contig00008	99.329	149	1	0	1	149	248551	248997	4.41e-79	258
WP_015649664.1	60-C150_contig00009	97.987	149	3	0	1	149	136190	136636	9.38e-79	258
WP_015649664.1	3-C76_contig00004	97.987	149	3	0	1	149	299736	300182	9.38e-79	258
WP_015649664.1	82-C107_contig00004	97.987	149	3	0	1	149	344682	345128	9.38e-79	258
WP_015649664.1	41-C126_contig00309	100.000	147	0	0	1	147	443	3	6.27e-78	255
WP_009877656.1	41-C126_contig02754	98.980	98	1	0	1	98	135	428	6.09e-56	175
WP_009877656.1	80-A107_contig01978	97.959	98	2	0	1	98	438	731	2.36e-54	173
WP_009877656.1	85-A130_contig00041	100.000	98	0	0	1	98	12038	11745	4.42e-52	179
WP_009877656.1	12-C31_contig00020	100.000	98	0	0	1	98	38670	38377	4.42e-52	179
WP_009877656.1	29-A19_contig00024	100.000	98	0	0	1	98	51552	51259	4.42e-52	179
WP_009877656.1	21-C124_contig00022	100.000	98	0	0	1	98	18006	17713	4.42e-52	179
WP_009877656.1	46-B199_contig00021	100.000	98	0	0	1	98	51564	51271	4.43e-52	179
WP_009877656.1	18-C119_contig00017	100.000	98	0	0	1	98	86603	86896	4.43e-52	179
WP_009877656.1	62-C153_contig00019	100.000	98	0	0	1	98	70923	71216	4.43e-52	179
WP_009877656.1	90-C158_contig00018	100.000	98	0	0	1	98	71885	71592	4.43e-52	179
WP_009877656.1	84-A126_contig00006	100.000	98	0	0	1	98	110638	110345	4.43e-52	179
WP_009877656.1	86-A134_contig00004	100.000	98	0	0	1	98	110613	110320	4.43e-52	179
WP_009877656.1	89-A141_contig00006	100.000	98	0	0	1	98	80290	80583	4.43e-52	179
WP_009877656.1	92-A148_contig00005	100.000	98	0	0	1	98	110620	110327	4.43e-52	179
WP_009877656.1	94-A154_contig00003	100.000	98	0	0	1	98	72791	73084	4.43e-52	179
WP_009877656.1	4-C77_contig00012	100.000	98	0	0	1	98	117047	116754	4.43e-52	179
WP_009877656.1	6-C86_contig00013	100.000	98	0	0	1	98	88328	88621	4.43e-52	179
WP_009877656.1	93-A151_contig00005	100.000	98	0	0	1	98	80295	80588	4.43e-52	179
WP_009877656.1	95-A156_contig00003	100.000	98	0	0	1	98	87967	88260	4.43e-52	179
WP_009877656.1	91-A147_contig00009	100.000	98	0	0	1	98	87967	88260	4.43e-52	179
WP_009877656.1	90-A144_contig00012	100.000	98	0	0	1	98	132031	131738	4.43e-52	179
WP_009877656.1	83-A123_contig00011	100.000	98	0	0	1	98	132031	131738	4.43e-52	179
WP_009877656.1	82-A122_contig00008	100.000	98	0	0	1	98	87967	88260	4.43e-52	179
WP_009877656.1	81-A119_contig00012	100.000	98	0	0	1	98	87967	88260	4.43e-52	179
WP_009877656.1	87-A137_contig00014	100.000	98	0	0	1	98	132031	131738	4.43e-52	179
WP_009877656.1	13-C32_contig00003	100.000	98	0	0	1	98	110668	110375	4.43e-52	179
WP_009877656.1	63-C71_contig00008	100.000	98	0	0	1	98	241600	241307	4.43e-52	179
WP_009877656.1	2-C155_contig00002	100.000	98	0	0	1	98	306265	305972	4.43e-52	179
WP_009877656.1	14-C33_contig00001	100.000	98	0	0	1	98	547049	547342	4.43e-52	179
WP_009877656.1	59-A60_contig00039	100.000	98	0	0	1	98	34432	34139	1.46e-51	177
WP_009877656.1	61-A71_contig00002	100.000	98	0	0	1	98	184069	183776	1.46e-51	177
WP_009877656.1	26-A1_contig00007	100.000	98	0	0	1	98	178564	178271	1.46e-51	177
WP_009877656.1	52-A48_contig00003	100.000	98	0	0	1	98	279571	279864	1.46e-51	177
WP_009877656.1	60-A70_contig00001	100.000	98	0	0	1	98	286708	286415	1.46e-51	177
WP_009877656.1	53-A52_contig00003	100.000	98	0	0	1	98	286720	286427	1.46e-51	177
WP_009877656.1	19-C120_contig00005	100.000	98	0	0	1	98	304643	304936	1.46e-51	177
WP_009877656.1	58-A58_contig00003	100.000	98	0	0	1	98	406012	405719	1.46e-51	177
WP_009877656.1	65-A76_contig00002	100.000	98	0	0	1	98	449586	449293	1.46e-51	177
WP_009877656.1	63-A73_contig00003	100.000	98	0	0	1	98	449586	449293	1.46e-51	177
WP_009877656.1	56-A55_contig00004	100.000	98	0	0	1	98	93026	93319	1.46e-51	177
WP_009877656.1	57-A56_contig00001	100.000	98	0	0	1	98	517384	517091	1.46e-51	177
WP_009877656.1	64-A75_contig00001	100.000	98	0	0	1	98	93026	93319	1.46e-51	177
WP_009877656.1	54-A53_contig00002	100.000	98	0	0	1	98	93026	93319	1.46e-51	177
WP_009877656.1	69-A81_contig00003	100.000	98	0	0	1	98	279947	280240	1.46e-51	177
WP_009877656.1	67-A78_contig00001	100.000	98	0	0	1	98	279901	280194	1.46e-51	177
WP_009877656.1	70-A82_contig00001	100.000	98	0	0	1	98	420085	420378	1.46e-51	177
WP_009877656.1	55-A54_contig00001	100.000	98	0	0	1	98	310144	309851	1.46e-51	177
WP_009877656.1	7-C88_contig00002	100.000	98	0	0	1	98	325912	325619	1.46e-51	177
WP_009877656.1	62-A72_contig00001	100.000	98	0	0	1	98	513403	513696	1.46e-51	177
WP_009877656.1	51-A46_contig00001	100.000	98	0	0	1	98	449588	449295	1.46e-51	177
WP_009877656.1	96-C168_contig00001	100.000	98	0	0	1	98	448280	447987	1.46e-51	177
WP_009877656.1	78-A100_contig00001	100.000	98	0	0	1	98	399854	399561	1.46e-51	177
WP_009877656.1	64-C73_contig00001	100.000	98	0	0	1	98	867616	867909	1.46e-51	177
WP_009877656.1	78-C141_contig00001	100.000	98	0	0	1	98	491946	492239	3.39e-51	176
WP_009877656.1	77-C139_contig00001	100.000	98	0	0	1	98	491946	492239	3.39e-51	176
WP_009314782.1	41-C126_contig02357	100.000	111	0	0	18	128	267	599	1.98e-64	199
WP_009314782.1	44-C143_contig01335	100.000	111	0	0	18	128	800	1132	3.36e-61	199
WP_009314782.1	95-C167_contig00001	100.000	111	0	0	18	128	347886	348218	2.19e-59	201
WP_009314782.1	4-C77_contig00004	100.000	111	0	0	18	128	369938	369606	4.27e-59	200
WP_009314782.1	6-C86_contig00002	100.000	111	0	0	18	128	369938	369606	4.27e-59	200
WP_009314782.1	6-C13_contig00041	100.000	111	0	0	18	128	11483	11151	5.02e-59	200
WP_009314782.1	20-C123_contig00024	100.000	111	0	0	18	128	41146	40814	5.02e-59	200
WP_009314782.1	7-C14_contig00017	100.000	111	0	0	18	128	57193	56861	5.02e-59	200
WP_009314782.1	8-C15_contig00017	100.000	111	0	0	18	128	107038	106706	5.03e-59	200
WP_009314782.1	47-C63_contig00002	100.000	111	0	0	18	128	42971	43303	5.03e-59	200
WP_009314782.1	9-C17_contig00002	100.000	111	0	0	18	128	43179	43511	5.03e-59	200
WP_009314782.1	72-C16_contig00002	100.000	111	0	0	18	128	505396	505064	5.03e-59	200
WP_009314782.1	55-C42_contig00002	100.000	111	0	0	18	128	616809	616477	5.03e-59	200
WP_009314782.1	75-C135_contig00001	100.000	111	0	0	18	128	621422	621090	5.03e-59	200
WP_009314782.1	74-C20_contig00001	100.000	111	0	0	18	128	513339	513007	5.03e-59	200
WP_009314782.1	45-B191_contig00001	100.000	111	0	0	18	128	780826	780494	5.03e-59	200
WP_009314782.1	8-C89_contig00001	100.000	111	0	0	18	128	600420	600752	5.03e-59	200
WP_009314782.1	85-A130_contig00149	100.000	111	0	0	18	128	4569	4237	5.42e-59	200
WP_009314782.1	84-A126_contig00096	100.000	111	0	0	18	128	9510	9842	5.44e-59	200
WP_009314782.1	94-A154_contig00088	100.000	111	0	0	18	128	11357	11025	5.44e-59	200
WP_009314782.1	89-A141_contig00037	100.000	111	0	0	18	128	11273	10941	5.47e-59	200
WP_009314782.1	86-A134_contig00035	100.000	111	0	0	18	128	11286	10954	5.47e-59	200
WP_009314782.1	92-A148_contig00041	100.000	111	0	0	18	128	41895	42227	5.47e-59	200
WP_009314782.1	95-A156_contig00030	100.000	111	0	0	18	128	57004	56672	5.48e-59	200
WP_009314782.1	82-A122_contig00028	100.000	111	0	0	18	128	41895	42227	5.48e-59	200
WP_009314782.1	93-A151_contig00017	100.000	111	0	0	18	128	9523	9855	5.48e-59	200
WP_009314782.1	87-A137_contig00021	100.000	111	0	0	18	128	41895	42227	5.48e-59	200
WP_009314782.1	91-A147_contig00022	100.000	111	0	0	18	128	41895	42227	5.48e-59	200
WP_009314782.1	90-A144_contig00020	100.000	111	0	0	18	128	41895	42227	5.48e-59	200
WP_009314782.1	83-A123_contig00020	100.000	111	0	0	18	128	41895	42227	5.48e-59	200
WP_009314782.1	81-A119_contig00020	100.000	111	0	0	18	128	90901	90569	5.48e-59	200
WP_009314782.1	21-C124_contig00002	100.000	111	0	0	18	128	40556	40224	5.49e-59	200
WP_009314782.1	38-B3_contig00006	100.000	111	0	0	18	128	468582	468250	5.99e-59	200
WP_009314782.1	42-B62_contig00001	100.000	111	0	0	18	128	564716	564384	5.99e-59	200
WP_009314782.1	7-C88_contig00001	100.000	111	0	0	18	128	863850	863518	5.99e-59	200
WP_009314782.1	46-B199_contig00032	100.000	111	0	0	18	128	40039	40371	6.04e-59	200
WP_009314782.1	18-C119_contig00029	100.000	111	0	0	18	128	41894	42226	6.04e-59	200
WP_009314782.1	16-C45_contig00005	100.000	111	0	0	18	128	98025	97693	6.04e-59	200
WP_009314782.1	15-C44_contig00006	100.000	111	0	0	18	128	16659	16991	6.04e-59	200
WP_009314782.1	56-C43_contig00007	100.000	111	0	0	18	128	16669	17001	6.04e-59	200
WP_009314782.1	94-C164_contig00001	100.000	111	0	0	18	128	718710	718378	6.05e-59	200
WP_009314782.1	13-C149_contig00001	100.000	111	0	0	18	128	516612	516280	6.05e-59	200
WP_009314782.1	41-B37_contig00001	100.000	111	0	0	18	128	347993	348325	6.05e-59	200
WP_009314782.1	1-C3_contig00132	100.000	111	0	0	18	128	4588	4256	6.33e-59	199
WP_009314782.1	2-C4_contig00017	100.000	111	0	0	18	128	57203	56871	6.40e-59	199
WP_009314782.1	83-C109_contig00002	100.000	111	0	0	18	128	41896	42228	6.41e-59	199
WP_009314782.1	81-C105_contig00001	100.000	111	0	0	18	128	849192	848860	6.41e-59	199
WP_009314782.1	21-C78_contig00001	100.000	111	0	0	18	128	849192	848860	6.41e-59	199
WP_009314782.1	91-C159_contig00001	100.000	111	0	0	18	128	348094	348426	6.41e-59	199
WP_009314782.1	76-C137_contig00001	100.000	111	0	0	18	128	602963	602631	6.41e-59	199
WP_009314782.1	67-C5_contig00002	100.000	111	0	0	18	128	602953	602621	6.41e-59	199
WP_009314782.1	89-C156_contig00001	100.000	111	0	0	18	128	472845	473177	6.41e-59	199
WP_009314782.1	31-C98_contig00030	100.000	111	0	0	18	128	41897	42229	7.05e-59	199
WP_009314782.1	40-C125_contig00023	100.000	111	0	0	18	128	41897	42229	7.05e-59	199
WP_009314782.1	45-C144_contig00020	100.000	111	0	0	18	128	39041	39373	7.05e-59	199
WP_009314782.1	3-C76_contig00013	100.000	111	0	0	18	128	41897	42229	7.06e-59	199
WP_009314782.1	30-C97_contig00009	100.000	111	0	0	18	128	44363	44695	7.06e-59	199
WP_009314782.1	9-C91_contig00005	100.000	111	0	0	18	128	42602	42934	7.06e-59	199
WP_009314782.1	24-C133_contig00006	100.000	111	0	0	18	128	44363	44695	7.06e-59	199
WP_009314782.1	54-C36_contig00005	100.000	111	0	0	18	128	44363	44695	7.06e-59	199
WP_009314782.1	82-C107_contig00007	100.000	111	0	0	18	128	304638	304306	7.06e-59	199
WP_009314782.1	25-C134_contig00006	100.000	111	0	0	18	128	304719	304387	7.06e-59	199
WP_009314782.1	32-C99_contig00004	100.000	111	0	0	18	128	344017	343685	7.06e-59	199
WP_009314782.1	15-C96_contig00005	100.000	111	0	0	18	128	44363	44695	7.06e-59	199
WP_009314782.1	29-C95_contig00003	100.000	111	0	0	18	128	344017	343685	7.06e-59	199
WP_009314782.1	23-C131_contig00007	100.000	111	0	0	18	128	44363	44695	7.06e-59	199
WP_009314782.1	60-C150_contig00004	100.000	111	0	0	18	128	532379	532047	7.06e-59	199
WP_009314782.1	66-C2_contig00003	100.000	111	0	0	18	128	543043	542711	7.06e-59	199
WP_009314782.1	11-C145_contig00002	100.000	111	0	0	18	128	44363	44695	7.06e-59	199
WP_009314782.1	51-C25_contig00004	100.000	111	0	0	18	128	44363	44695	7.06e-59	199
WP_009314782.1	39-B16_contig00002	100.000	111	0	0	18	128	44363	44695	7.06e-59	199
WP_009314782.1	78-C141_contig00002	100.000	111	0	0	18	128	348104	348436	7.48e-59	199
WP_009314782.1	77-C139_contig00002	100.000	111	0	0	18	128	348104	348436	7.48e-59	199
WP_009314782.1	59-A60_contig00135	99.099	111	1	0	18	128	1448	1116	2.93e-58	197
WP_009314782.1	61-A71_contig00015	99.099	111	1	0	18	128	44357	44025	2.96e-58	197
WP_009314782.1	55-A54_contig00021	99.099	111	1	0	18	128	71602	71934	2.96e-58	197
WP_009314782.1	53-A52_contig00022	99.099	111	1	0	18	128	57397	57065	2.96e-58	197
WP_009314782.1	60-A70_contig00009	99.099	111	1	0	18	128	106736	106404	2.96e-58	197
WP_009314782.1	52-A48_contig00012	99.099	111	1	0	18	128	71511	71843	2.96e-58	197
WP_009314782.1	54-A53_contig00008	99.099	111	1	0	18	128	233942	233610	2.96e-58	197
WP_009314782.1	62-A72_contig00005	99.099	111	1	0	18	128	281568	281236	2.96e-58	197
WP_009314782.1	51-A46_contig00004	99.099	111	1	0	18	128	233970	233638	2.96e-58	197
WP_009314782.1	67-A78_contig00002	99.099	111	1	0	18	128	472023	472355	2.96e-58	197
WP_009314782.1	78-A100_contig00003	99.099	111	1	0	18	128	472909	473241	2.96e-58	197
WP_009314782.1	64-A75_contig00002	99.099	111	1	0	18	128	233977	233645	2.96e-58	197
WP_009314782.1	70-A82_contig00002	99.099	111	1	0	18	128	71600	71932	2.96e-58	197
WP_009314782.1	57-A56_contig00002	99.099	111	1	0	18	128	534525	534193	2.96e-58	197
WP_009314782.1	56-A55_contig00002	99.099	111	1	0	18	128	470125	470457	2.96e-58	197
WP_009314782.1	63-A73_contig00001	99.099	111	1	0	18	128	470155	470487	2.96e-58	197
WP_009314782.1	69-A81_contig00002	99.099	111	1	0	18	128	233971	233639	2.96e-58	197
WP_009314782.1	58-A58_contig00001	99.099	111	1	0	18	128	534525	534193	2.96e-58	197
WP_009314782.1	64-C73_contig00002	99.099	111	1	0	18	128	347996	348328	2.96e-58	197
WP_009314782.1	96-C168_contig00002	99.099	111	1	0	18	128	527037	526705	2.96e-58	197
WP_009314782.1	65-A76_contig00001	99.099	111	1	0	18	128	957999	957667	2.96e-58	197
WP_009314782.1	26-A1_contig00001	99.099	111	1	0	18	128	606627	606295	2.96e-58	197
WP_009314782.1	24-C81_contig00010	99.099	111	1	0	18	128	117402	117070	3.81e-58	197
WP_009314782.1	23-C80_contig00005	99.099	111	1	0	18	128	356444	356112	3.81e-58	197
WP_009314782.1	26-C84_contig00004	99.099	111	1	0	18	128	356444	356112	3.81e-58	197
WP_009314782.1	25-C83_contig00001	99.099	111	1	0	18	128	257391	257059	3.81e-58	197
WP_009314782.1	37-C61_contig00002	99.099	111	1	0	18	128	639959	639627	3.81e-58	197
WP_009314782.1	5-C82_contig00003	99.099	111	1	0	18	128	356735	357067	3.81e-58	197
WP_009314782.1	22-C79_contig00002	99.099	111	1	0	18	128	482301	482633	3.81e-58	197
WP_009314782.1	27-A2_contig00001	100.000	94	0	0	18	111	584723	585004	2.40e-57	195
WP_003143203.1	44-C143_contig00996	99.291	141	1	0	1	141	80	502	4.42e-78	246
WP_003143203.1	16-C100_contig00001	100.000	141	0	0	1	141	329808	330230	2.15e-75	247
WP_003143203.1	2-C155_contig00001	100.000	141	0	0	1	141	298770	298348	2.15e-75	247
WP_003143203.1	85-A130_contig00023	100.000	141	0	0	1	141	36723	37145	2.18e-75	247
WP_003143203.1	89-A141_contig00035	100.000	141	0	0	1	141	36806	37228	2.18e-75	247
WP_003143203.1	84-A126_contig00033	100.000	141	0	0	1	141	17151	16729	2.18e-75	247
WP_003143203.1	93-A151_contig00040	100.000	141	0	0	1	141	18519	18097	2.18e-75	247
WP_003143203.1	86-A134_contig00032	100.000	141	0	0	1	141	18524	18102	2.18e-75	247
WP_003143203.1	92-A148_contig00037	100.000	141	0	0	1	141	17024	16602	2.18e-75	247
WP_003143203.1	94-A154_contig00028	100.000	141	0	0	1	141	17115	16693	2.18e-75	247
WP_003143203.1	95-A156_contig00021	100.000	141	0	0	1	141	67535	67957	2.19e-75	247
WP_003143203.1	82-A122_contig00007	100.000	141	0	0	1	141	67535	67957	2.19e-75	247
WP_003143203.1	81-A119_contig00009	100.000	141	0	0	1	141	67535	67957	2.19e-75	247
WP_003143203.1	90-A144_contig00011	100.000	141	0	0	1	141	173729	173307	2.19e-75	247
WP_003143203.1	91-A147_contig00007	100.000	141	0	0	1	141	177500	177078	2.19e-75	247
WP_003143203.1	87-A137_contig00011	100.000	141	0	0	1	141	177500	177078	2.19e-75	247
WP_003143203.1	83-A123_contig00008	100.000	141	0	0	1	141	177500	177078	2.19e-75	247
WP_003143203.1	8-C89_contig00003	100.000	141	0	0	1	141	505384	505806	2.34e-75	247
WP_003143203.1	80-A107_contig00761	99.291	141	1	0	1	141	2103	2525	4.08e-75	245
WP_003143203.1	41-C126_contig00452	99.291	141	1	0	1	141	3182	3604	6.16e-75	246
WP_003143203.1	24-C81_contig00004	99.291	141	1	0	1	141	157312	156890	7.35e-75	246
WP_003143203.1	45-C144_contig00004	99.291	141	1	0	1	141	64168	64590	7.35e-75	246
WP_003143203.1	18-C119_contig00009	99.291	141	1	0	1	141	2998	3420	7.35e-75	246
WP_003143203.1	25-C83_contig00002	99.291	141	1	0	1	141	173855	173433	7.35e-75	246
WP_003143203.1	46-B199_contig00001	99.291	141	1	0	1	141	306268	305846	7.35e-75	246
WP_003143203.1	29-C95_contig00001	99.291	141	1	0	1	141	248098	247676	7.35e-75	246
WP_003143203.1	32-C99_contig00001	99.291	141	1	0	1	141	248111	247689	7.35e-75	246
WP_003143203.1	40-C125_contig00002	99.291	141	1	0	1	141	248117	247695	7.35e-75	246
WP_003143203.1	31-C98_contig00002	99.291	141	1	0	1	141	248110	247688	7.35e-75	246
WP_003143203.1	30-C97_contig00001	99.291	141	1	0	1	141	248111	247689	7.35e-75	246
WP_003143203.1	3-C76_contig00002	99.291	141	1	0	1	141	248111	247689	7.35e-75	246
WP_003143203.1	15-C96_contig00001	99.291	141	1	0	1	141	248110	247688	7.35e-75	246
WP_003143203.1	11-C145_contig00003	99.291	141	1	0	1	141	306621	307043	7.35e-75	246
WP_003143203.1	54-C36_contig00002	99.291	141	1	0	1	141	329017	329439	7.35e-75	246
WP_003143203.1	39-B16_contig00003	99.291	141	1	0	1	141	360938	361360	7.35e-75	246
WP_003143203.1	51-C25_contig00003	99.291	141	1	0	1	141	248111	247689	7.35e-75	246
WP_003143203.1	25-C134_contig00001	99.291	141	1	0	1	141	378412	378834	7.35e-75	246
WP_003143203.1	37-C61_contig00003	99.291	141	1	0	1	141	366213	365791	7.35e-75	246
WP_003143203.1	23-C131_contig00003	99.291	141	1	0	1	141	367787	368209	7.35e-75	246
WP_003143203.1	9-C91_contig00001	99.291	141	1	0	1	141	248111	247689	7.35e-75	246
WP_003143203.1	24-C133_contig00001	99.291	141	1	0	1	141	248111	247689	7.35e-75	246
WP_003143203.1	5-C82_contig00002	99.291	141	1	0	1	141	157312	156890	7.35e-75	246
WP_003143203.1	22-C79_contig00003	99.291	141	1	0	1	141	157312	156890	7.35e-75	246
WP_003143203.1	66-C2_contig00001	99.291	141	1	0	1	141	468389	468811	7.35e-75	246
WP_003143203.1	23-C80_contig00001	99.291	141	1	0	1	141	157312	156890	7.35e-75	246
WP_003143203.1	60-C150_contig00002	99.291	141	1	0	1	141	248111	247689	7.35e-75	246
WP_003143203.1	82-C107_contig00002	99.291	141	1	0	1	141	499211	499633	7.35e-75	246
WP_003143203.1	95-C167_contig00002	99.291	141	1	0	1	141	184920	184498	7.35e-75	246
WP_003143203.1	26-C84_contig00001	99.291	141	1	0	1	141	248819	248397	7.35e-75	246
WP_003143203.1	79-C142_contig00006	100.000	141	0	0	1	141	207136	206714	7.57e-75	246
WP_003143203.1	49-A4_contig00001	100.000	141	0	0	1	141	284575	284997	7.57e-75	246
WP_003143203.1	81-C105_contig00005	100.000	141	0	0	1	141	329590	330012	7.57e-75	246
WP_003143203.1	83-C109_contig00004	100.000	141	0	0	1	141	329719	330141	7.57e-75	246
WP_003143203.1	21-C78_contig00004	100.000	141	0	0	1	141	158609	158187	7.57e-75	246
WP_003143203.1	48-A3_contig00001	100.000	141	0	0	1	141	321649	321227	7.57e-75	246
WP_003143203.1	52-C29_contig00001	100.000	141	0	0	1	141	362549	362971	7.57e-75	246
WP_003143203.1	10-C92_contig00001	100.000	141	0	0	1	141	562970	562548	7.57e-75	246
WP_003143203.1	50-A5_contig00001	100.000	141	0	0	1	141	594262	593840	7.57e-75	246
WP_003143203.1	53-C30_contig00001	100.000	141	0	0	1	141	362549	362971	7.57e-75	246
WP_003143203.1	42-C127_contig00002	99.291	141	1	0	1	141	530220	530642	9.46e-75	246
WP_003143203.1	22-C128_contig00002	99.291	141	1	0	1	141	591704	592126	9.46e-75	246
WP_003143203.1	39-C118_contig00006	99.291	141	1	0	1	141	71210	70788	9.64e-75	246
WP_003143203.1	38-C116_contig00003	99.291	141	1	0	1	141	309741	309319	9.64e-75	246
WP_003143203.1	43-C129_contig00002	99.291	141	1	0	1	141	555270	555692	9.64e-75	246
WP_003143203.1	88-C117_contig00002	99.291	141	1	0	1	141	478397	478819	9.64e-75	246
WP_003143203.1	28-A12_contig00023	99.291	141	1	0	1	141	74626	74204	1.01e-74	245
WP_003143203.1	4-C10_contig00194	99.291	141	1	0	1	141	6290	5868	1.10e-74	245
WP_003143203.1	90-C158_contig00046	99.291	141	1	0	1	141	17218	17640	1.12e-74	245
WP_003143203.1	62-C153_contig00044	99.291	141	1	0	1	141	15759	15337	1.12e-74	245
WP_003143203.1	96-A163_contig00010	99.291	141	1	0	1	141	34831	35253	1.12e-74	245
WP_003143203.1	12-C31_contig00035	99.291	141	1	0	1	141	17033	16611	1.12e-74	245
WP_003143203.1	36-C108_contig00039	99.291	141	1	0	1	141	17123	16701	1.12e-74	245
WP_003143203.1	1-C3_contig00019	99.291	141	1	0	1	141	17032	16610	1.12e-74	245
WP_003143203.1	7-C14_contig00034	99.291	141	1	0	1	141	17041	16619	1.12e-74	245
WP_003143203.1	3-C8_contig00021	99.291	141	1	0	1	141	40150	39728	1.12e-74	245
WP_003143203.1	28-C87_contig00028	99.291	141	1	0	1	141	39424	39002	1.12e-74	245
WP_003143203.1	59-A60_contig00001	99.291	141	1	0	1	141	105595	106017	1.13e-74	245
WP_003143203.1	61-A71_contig00006	99.291	141	1	0	1	141	36913	37335	1.13e-74	245
WP_003143203.1	60-A70_contig00007	99.291	141	1	0	1	141	44768	45190	1.13e-74	245
WP_003143203.1	59-C54_contig00010	99.291	141	1	0	1	141	91345	90923	1.13e-74	245
WP_003143203.1	6-C13_contig00004	99.291	141	1	0	1	141	44796	45218	1.13e-74	245
WP_003143203.1	57-C49_contig00012	99.291	141	1	0	1	141	202347	201925	1.13e-74	245
WP_003143203.1	78-C141_contig00008	99.291	141	1	0	1	141	159120	158698	1.13e-74	245
WP_003143203.1	77-C139_contig00008	99.291	141	1	0	1	141	74688	75110	1.13e-74	245
WP_003143203.1	58-C51_contig00011	99.291	141	1	0	1	141	77556	77978	1.13e-74	245
WP_003143203.1	11-C22_contig00011	99.291	141	1	0	1	141	223779	224201	1.13e-74	245
WP_003143203.1	29-A19_contig00003	99.291	141	1	0	1	141	90615	91037	1.13e-74	245
WP_003143203.1	62-A72_contig00012	99.291	141	1	0	1	141	105604	106026	1.13e-74	245
WP_003143203.1	13-C32_contig00002	99.291	141	1	0	1	141	95651	96073	1.13e-74	245
WP_003143203.1	52-A48_contig00006	99.291	141	1	0	1	141	128422	128844	1.13e-74	245
WP_003143203.1	50-C23_contig00008	99.291	141	1	0	1	141	294568	294990	1.13e-74	245
WP_003143203.1	10-C21_contig00008	99.291	141	1	0	1	141	14341	13919	1.13e-74	245
WP_003143203.1	75-C135_contig00007	99.291	141	1	0	1	141	48370	48792	1.13e-74	245
WP_003143203.1	55-A54_contig00003	99.291	141	1	0	1	141	178528	178950	1.13e-74	245
WP_003143203.1	69-A81_contig00007	99.291	141	1	0	1	141	73900	73478	1.13e-74	245
WP_003143203.1	67-A78_contig00005	99.291	141	1	0	1	141	73868	73446	1.13e-74	245
WP_003143203.1	87-C114_contig00006	99.291	141	1	0	1	141	73186	73608	1.13e-74	245
WP_003143203.1	2-C4_contig00002	99.291	141	1	0	1	141	215191	215613	1.13e-74	245
WP_003143203.1	73-C18_contig00003	99.291	141	1	0	1	141	62247	62669	1.13e-74	245
WP_003143203.1	30-A36_contig00005	99.291	141	1	0	1	141	336316	336738	1.13e-74	245
WP_003143203.1	37-C115_contig00002	99.291	141	1	0	1	141	176723	176301	1.13e-74	245
WP_003143203.1	96-C168_contig00005	99.291	141	1	0	1	141	269726	270148	1.13e-74	245
WP_003143203.1	70-A82_contig00004	99.291	141	1	0	1	141	157211	156789	1.13e-74	245
WP_003143203.1	53-A52_contig00002	99.291	141	1	0	1	141	269906	270328	1.13e-74	245
WP_003143203.1	65-A76_contig00004	99.291	141	1	0	1	141	270035	270457	1.13e-74	245
WP_003143203.1	64-A75_contig00004	99.291	141	1	0	1	141	270035	270457	1.13e-74	245
WP_003143203.1	63-A73_contig00004	99.291	141	1	0	1	141	270034	270456	1.13e-74	245
WP_003143203.1	51-A46_contig00002	99.291	141	1	0	1	141	270034	270456	1.13e-74	245
WP_003143203.1	58-A58_contig00005	99.291	141	1	0	1	141	269906	270328	1.13e-74	245
WP_003143203.1	57-A56_contig00003	99.291	141	1	0	1	141	159228	158806	1.13e-74	245
WP_003143203.1	78-A100_contig00006	99.291	141	1	0	1	141	394097	394519	1.13e-74	245
WP_003143203.1	19-C120_contig00002	99.291	141	1	0	1	141	159369	158947	1.13e-74	245
WP_003143203.1	36-C60_contig00002	99.291	141	1	0	1	141	157400	156978	1.13e-74	245
WP_003143203.1	34-C58_contig00002	99.291	141	1	0	1	141	157400	156978	1.13e-74	245
WP_003143203.1	20-C123_contig00001	99.291	141	1	0	1	141	268089	267667	1.13e-74	245
WP_003143203.1	42-B62_contig00003	99.291	141	1	0	1	141	252180	252602	1.13e-74	245
WP_003143203.1	18-C65_contig00002	99.291	141	1	0	1	141	334544	334966	1.13e-74	245
WP_003143203.1	54-A53_contig00004	99.291	141	1	0	1	141	391729	392151	1.13e-74	245
WP_003143203.1	61-C151_contig00001	99.291	141	1	0	1	141	157473	157051	1.13e-74	245
WP_003143203.1	74-C20_contig00004	99.291	141	1	0	1	141	305905	305483	1.13e-74	245
WP_003143203.1	8-C15_contig00001	99.291	141	1	0	1	141	60174	60596	1.13e-74	245
WP_003143203.1	35-C106_contig00001	99.291	141	1	0	1	141	558976	558554	1.13e-74	245
WP_003143203.1	86-C112_contig00001	99.291	141	1	0	1	141	287801	287379	1.13e-74	245
WP_003143203.1	47-C148_contig00003	99.291	141	1	0	1	141	363651	363229	1.13e-74	245
WP_003143203.1	46-C146_contig00004	99.291	141	1	0	1	141	278832	279254	1.13e-74	245
WP_003143203.1	12-C147_contig00003	99.291	141	1	0	1	141	363651	363229	1.13e-74	245
WP_003143203.1	92-C160_contig00001	99.291	141	1	0	1	141	493178	493600	1.13e-74	245
WP_003143203.1	40-B34_contig00002	99.291	141	1	0	1	141	590685	590263	1.13e-74	245
WP_003143203.1	38-B3_contig00001	99.291	141	1	0	1	141	298147	297725	1.13e-74	245
WP_003143203.1	64-C73_contig00003	99.291	141	1	0	1	141	606773	607195	1.13e-74	245
WP_003143203.1	9-C17_contig00001	99.291	141	1	0	1	141	60176	60598	1.13e-74	245
WP_003143203.1	72-C16_contig00001	99.291	141	1	0	1	141	60175	60597	1.13e-74	245
WP_003143203.1	91-C159_contig00002	99.291	141	1	0	1	141	428372	428794	1.13e-74	245
WP_003143203.1	85-C111_contig00001	99.291	141	1	0	1	141	644991	644569	1.13e-74	245
WP_003143203.1	47-C63_contig00001	99.291	141	1	0	1	141	48272	48694	1.13e-74	245
WP_003143203.1	32-C56_contig00001	99.291	141	1	0	1	141	337834	338256	1.13e-74	245
WP_003143203.1	31-C55_contig00001	99.291	141	1	0	1	141	337835	338257	1.13e-74	245
WP_003143203.1	35-C59_contig00002	99.291	141	1	0	1	141	390232	389810	1.13e-74	245
WP_003143203.1	33-C57_contig00001	99.291	141	1	0	1	141	390234	389812	1.13e-74	245
WP_003143203.1	20-C68_contig00004	99.291	141	1	0	1	141	191666	191244	1.13e-74	245
WP_003143203.1	48-C66_contig00004	99.291	141	1	0	1	141	192005	191583	1.13e-74	245
WP_003143203.1	17-C64_contig00001	99.291	141	1	0	1	141	192576	192154	1.13e-74	245
WP_003143203.1	89-C156_contig00002	99.291	141	1	0	1	141	268327	267905	1.13e-74	245
WP_003143203.1	76-C137_contig00003	99.291	141	1	0	1	141	268328	267906	1.13e-74	245
WP_003143203.1	80-C104_contig00001	99.291	141	1	0	1	141	73178	73600	1.13e-74	245
WP_003143203.1	14-C94_contig00003	99.291	141	1	0	1	141	405978	405556	1.13e-74	245
WP_003143203.1	56-A55_contig00001	99.291	141	1	0	1	141	157166	156744	1.13e-74	245
WP_003143203.1	49-C69_contig00001	99.291	141	1	0	1	141	542984	543406	1.13e-74	245
WP_003143203.1	26-A1_contig00002	99.291	141	1	0	1	141	157201	156779	1.13e-74	245
WP_003143203.1	63-C71_contig00002	99.291	141	1	0	1	141	384191	383769	1.13e-74	245
WP_003143203.1	44-B114_contig00003	99.291	141	1	0	1	141	556659	557081	1.13e-74	245
WP_003143203.1	65-C74_contig00001	99.291	141	1	0	1	141	582559	582981	1.13e-74	245
WP_003143203.1	14-C33_contig00002	99.291	141	1	0	1	141	552244	552666	1.13e-74	245
WP_003143203.1	93-C161_contig00001	99.291	141	1	0	1	141	342189	342611	1.13e-74	245
WP_003143203.1	69-C7_contig00001	99.291	141	1	0	1	141	696974	696552	1.13e-74	245
WP_003143203.1	67-C5_contig00001	99.291	141	1	0	1	141	540902	540480	1.13e-74	245
WP_003143203.1	70-C9_contig00001	99.291	141	1	0	1	141	595529	595107	1.13e-74	245
WP_003143203.1	68-C6_contig00001	99.291	141	1	0	1	141	657491	657069	1.13e-74	245
WP_003143203.1	19-C67_contig00001	99.291	141	1	0	1	141	552406	552828	1.13e-74	245
WP_003143203.1	84-C110_contig00001	99.291	141	1	0	1	141	62240	62662	1.13e-74	245
WP_003143203.1	56-C43_contig00012	99.291	141	1	0	1	141	2816	3238	1.17e-74	245
WP_003143203.1	15-C44_contig00007	99.291	141	1	0	1	141	2804	3226	1.17e-74	245
WP_003143203.1	16-C45_contig00006	99.291	141	1	0	1	141	2808	3230	1.17e-74	245
WP_003143203.1	13-C149_contig00003	99.291	141	1	0	1	141	365295	364873	1.17e-74	245
WP_003143203.1	73-A90_contig00016	99.291	141	1	0	1	141	39985	39563	1.18e-74	245
WP_003143203.1	76-A95_contig00006	99.291	141	1	0	1	141	155209	154787	1.18e-74	245
WP_003143203.1	75-A92_contig00002	99.291	141	1	0	1	141	209834	210256	1.18e-74	245
WP_003143203.1	74-A91_contig00002	99.291	141	1	0	1	141	209870	210292	1.18e-74	245
WP_003143203.1	79-A106_contig00003	99.291	141	1	0	1	141	155209	154787	1.18e-74	245
WP_003143203.1	77-A97_contig00002	99.291	141	1	0	1	141	323600	324022	1.18e-74	245
WP_003143203.1	72-A86_contig00002	99.291	141	1	0	1	141	325981	326403	1.18e-74	245
WP_003143203.1	66-A77_contig00003	99.291	141	1	0	1	141	326393	326815	1.18e-74	245
WP_003143203.1	68-A80_contig00001	99.291	141	1	0	1	141	325981	326403	1.18e-74	245
WP_003143203.1	71-A85_contig00002	99.291	141	1	0	1	141	573312	572890	1.18e-74	245
WP_003143203.1	5-C12_contig00035	99.291	141	1	0	1	141	36609	37031	1.35e-74	245
WP_003143203.1	17-C102_contig00004	99.291	141	1	0	1	141	237211	237633	1.35e-74	245
WP_003143203.1	33-C101_contig00003	99.291	141	1	0	1	141	237340	237762	1.35e-74	245
WP_003143203.1	34-C103_contig00001	99.291	141	1	0	1	141	269838	269416	1.35e-74	245
WP_003143203.1	71-C11_contig00001	99.291	141	1	0	1	141	343026	342604	1.35e-74	245
WP_003143203.1	21-C124_contig00007	100.000	141	0	0	1	141	64260	64682	1.42e-74	245
WP_003143203.1	45-B191_contig00004	100.000	141	0	0	1	141	341304	341726	1.42e-74	245
WP_003143203.1	94-C164_contig00002	99.291	141	1	0	1	141	247306	246884	1.43e-74	245
WP_003143203.1	6-C86_contig00004	99.291	141	1	0	1	141	265785	265363	1.45e-74	245
WP_003143203.1	7-C88_contig00004	99.291	141	1	0	1	141	63241	62819	1.45e-74	245
WP_003143203.1	4-C77_contig00001	99.291	141	1	0	1	141	390893	390471	1.45e-74	245
WP_003143203.1	41-B37_contig00002	99.291	141	1	0	1	141	602063	601641	1.45e-74	245
WP_003143203.1	43-B113_contig00001	99.291	141	1	0	1	141	469951	470373	2.47e-74	244
WP_003143203.1	27-A2_contig00004	98.582	141	2	0	1	141	157280	156858	6.25e-74	243
WP_003143203.1	55-C42_contig00001	98.582	141	2	0	1	141	474605	475027	6.25e-74	243
WP_003143203.1	27-C85_contig00003	97.857	140	3	0	2	141	384827	384408	4.03e-72	238
WP_003133668.1	44-C143_contig01372	99.010	202	2	0	1	202	981	1586	1.93e-125	368
WP_003133668.1	4-C77_contig00004	100.000	204	0	0	1	204	84648	84037	5.07e-120	379
WP_003133668.1	6-C86_contig00002	100.000	204	0	0	1	204	84648	84037	5.07e-120	379
WP_003133668.1	95-C167_contig00001	100.000	204	0	0	1	204	612673	613284	5.07e-120	379
WP_003133668.1	49-A4_contig00014	100.000	204	0	0	1	204	116037	115426	5.79e-120	378
WP_003133668.1	48-A3_contig00013	100.000	204	0	0	1	204	116221	115610	5.79e-120	378
WP_003133668.1	50-A5_contig00014	100.000	204	0	0	1	204	116225	115614	5.79e-120	378
WP_003133668.1	79-C142_contig00004	100.000	204	0	0	1	204	54384	53773	5.80e-120	378
WP_003133668.1	10-C92_contig00003	100.000	204	0	0	1	204	310756	311367	5.81e-120	378
WP_003133668.1	52-C29_contig00002	100.000	204	0	0	1	204	330090	329479	5.81e-120	378
WP_003133668.1	53-C30_contig00002	100.000	204	0	0	1	204	427818	427207	5.81e-120	378
WP_003133668.1	3-C8_contig00069	100.000	204	0	0	1	204	12442	13053	6.33e-120	378
WP_003133668.1	70-C9_contig00022	100.000	204	0	0	1	204	52002	52613	6.37e-120	378
WP_003133668.1	69-C7_contig00003	100.000	204	0	0	1	204	258766	258155	6.40e-120	378
WP_003133668.1	68-C6_contig00003	100.000	204	0	0	1	204	258766	258155	6.40e-120	378
WP_003133668.1	27-A2_contig00001	100.000	204	0	0	1	204	754879	755490	6.65e-120	378
WP_003133668.1	4-C10_contig00309	100.000	204	0	0	1	204	6139	5528	7.93e-120	378
WP_003133668.1	45-B191_contig00001	100.000	204	0	0	1	204	591732	591121	1.03e-119	377
WP_003133668.1	85-A130_contig00020	99.510	204	1	0	1	204	44284	43673	1.56e-119	377
WP_003133668.1	86-A134_contig00024	99.510	204	1	0	1	204	17223	17834	1.57e-119	377
WP_003133668.1	93-A151_contig00035	99.510	204	1	0	1	204	17224	17835	1.57e-119	377
WP_003133668.1	95-A156_contig00033	99.510	204	1	0	1	204	44305	43694	1.57e-119	377
WP_003133668.1	84-A126_contig00019	99.510	204	1	0	1	204	52774	52163	1.57e-119	377
WP_003133668.1	94-A154_contig00024	99.510	204	1	0	1	204	17258	17869	1.57e-119	377
WP_003133668.1	89-A141_contig00004	99.510	204	1	0	1	204	17259	17870	1.57e-119	377
WP_003133668.1	92-A148_contig00002	99.510	204	1	0	1	204	17237	17848	1.57e-119	377
WP_003133668.1	91-A147_contig00003	99.510	204	1	0	1	204	271704	271093	1.57e-119	377
WP_003133668.1	90-A144_contig00006	99.510	204	1	0	1	204	271704	271093	1.57e-119	377
WP_003133668.1	82-A122_contig00004	99.510	204	1	0	1	204	22212	22823	1.57e-119	377
WP_003133668.1	83-A123_contig00006	99.510	204	1	0	1	204	271704	271093	1.57e-119	377
WP_003133668.1	81-A119_contig00004	99.510	204	1	0	1	204	271704	271093	1.57e-119	377
WP_003133668.1	87-A137_contig00002	99.510	204	1	0	1	204	271709	271098	1.57e-119	377
WP_003133668.1	30-A36_contig00001	99.020	204	2	0	1	204	581483	580872	1.85e-119	377
WP_003133668.1	58-C51_contig00001	99.020	204	2	0	1	204	318953	318342	1.85e-119	377
WP_003133668.1	96-A163_contig00306	99.020	204	2	0	1	204	471	1082	2.40e-119	376
WP_003133668.1	18-C119_contig00026	99.510	204	1	0	1	204	69035	68424	3.60e-119	376
WP_003133668.1	46-B199_contig00010	99.510	204	1	0	1	204	69035	68424	3.61e-119	376
WP_003133668.1	28-C87_contig00046	99.020	204	2	0	1	204	6372	5761	4.03e-119	376
WP_003133668.1	12-C31_contig00029	99.020	204	2	0	1	204	11134	11745	4.04e-119	376
WP_003133668.1	36-C108_contig00031	99.020	204	2	0	1	204	47812	47201	4.04e-119	376
WP_003133668.1	13-C32_contig00028	99.020	204	2	0	1	204	13513	14124	4.05e-119	376
WP_003133668.1	35-C106_contig00027	99.020	204	2	0	1	204	72296	71685	4.05e-119	376
WP_003133668.1	27-C85_contig00023	99.020	204	2	0	1	204	18601	19212	4.05e-119	376
WP_003133668.1	90-C158_contig00010	99.020	204	2	0	1	204	54384	53773	4.06e-119	376
WP_003133668.1	62-C153_contig00010	99.020	204	2	0	1	204	54384	53773	4.06e-119	376
WP_003133668.1	14-C33_contig00012	99.020	204	2	0	1	204	141104	141715	4.06e-119	376
WP_003133668.1	87-C114_contig00011	99.020	204	2	0	1	204	72304	71693	4.06e-119	376
WP_003133668.1	73-C18_contig00010	99.020	204	2	0	1	204	72423	71812	4.06e-119	376
WP_003133668.1	80-C104_contig00009	99.020	204	2	0	1	204	72296	71685	4.06e-119	376
WP_003133668.1	85-C111_contig00009	99.020	204	2	0	1	204	121946	121335	4.06e-119	376
WP_003133668.1	86-C112_contig00007	99.020	204	2	0	1	204	121946	121335	4.06e-119	376
WP_003133668.1	28-A12_contig00004	99.020	204	2	0	1	204	300769	300158	4.06e-119	376
WP_003133668.1	37-C115_contig00001	99.020	204	2	0	1	204	575126	574515	4.06e-119	376
WP_003133668.1	40-B34_contig00003	99.020	204	2	0	1	204	372933	372322	4.06e-119	376
WP_003133668.1	84-C110_contig00002	99.020	204	2	0	1	204	706362	706973	4.06e-119	376
WP_003133668.1	24-C81_contig00031	99.510	204	1	0	1	204	61655	61044	5.00e-119	375
WP_003133668.1	25-C83_contig00023	99.510	204	1	0	1	204	76554	75943	5.01e-119	375
WP_003133668.1	23-C80_contig00005	99.510	204	1	0	1	204	76555	75944	5.02e-119	375
WP_003133668.1	26-C84_contig00004	99.510	204	1	0	1	204	76555	75944	5.02e-119	375
WP_003133668.1	37-C61_contig00002	99.510	204	1	0	1	204	360498	359887	5.02e-119	375
WP_003133668.1	5-C82_contig00003	99.510	204	1	0	1	204	636624	637235	5.02e-119	375
WP_003133668.1	22-C79_contig00002	99.510	204	1	0	1	204	762192	762803	5.02e-119	375
WP_003133668.1	38-B3_contig00006	99.510	204	1	0	1	204	283012	282401	5.22e-119	375
WP_003133668.1	41-B37_contig00001	99.510	204	1	0	1	204	641960	642571	5.43e-119	375
WP_003133668.1	73-A90_contig00030	99.510	204	1	0	1	204	44491	43880	6.61e-119	375
WP_003133668.1	74-A91_contig00032	99.510	204	1	0	1	204	56355	55744	6.62e-119	375
WP_003133668.1	75-A92_contig00026	99.510	204	1	0	1	204	56361	55750	6.62e-119	375
WP_003133668.1	76-A95_contig00005	99.510	204	1	0	1	204	13516	14127	6.65e-119	375
WP_003133668.1	79-A106_contig00004	99.510	204	1	0	1	204	274781	274170	6.65e-119	375
WP_003133668.1	77-A97_contig00006	99.510	204	1	0	1	204	17539	18150	6.65e-119	375
WP_003133668.1	66-A77_contig00009	99.510	204	1	0	1	204	18629	19240	6.65e-119	375
WP_003133668.1	72-A86_contig00004	99.510	204	1	0	1	204	18661	19272	6.65e-119	375
WP_003133668.1	68-A80_contig00004	99.510	204	1	0	1	204	274781	274170	6.65e-119	375
WP_003133668.1	71-A85_contig00001	99.510	204	1	0	1	204	431771	431160	6.65e-119	375
WP_003133668.1	7-C88_contig00001	99.510	204	1	0	1	204	599219	598608	1.07e-118	375
WP_003133668.1	19-C120_contig00006	99.510	204	1	0	1	204	25272	25883	1.21e-118	374
WP_003133668.1	1-C3_contig00024	99.510	204	1	0	1	204	12334	12945	1.23e-118	374
WP_003133668.1	2-C4_contig00001	99.510	204	1	0	1	204	372345	371734	1.23e-118	374
WP_003133668.1	91-C159_contig00001	99.510	204	1	0	1	204	619433	620044	1.24e-118	374
WP_003133668.1	76-C137_contig00001	99.510	204	1	0	1	204	331630	331019	1.24e-118	374
WP_003133668.1	67-C5_contig00002	99.510	204	1	0	1	204	331630	331019	1.24e-118	374
WP_003133668.1	89-C156_contig00001	99.510	204	1	0	1	204	744184	744795	1.24e-118	374
WP_003133668.1	16-C100_contig00002	99.510	204	1	0	1	204	308872	309483	1.25e-118	374
WP_003133668.1	83-C109_contig00002	99.510	204	1	0	1	204	300243	300854	1.25e-118	374
WP_003133668.1	81-C105_contig00001	99.510	204	1	0	1	204	590845	590234	1.25e-118	374
WP_003133668.1	21-C78_contig00001	99.510	204	1	0	1	204	590845	590234	1.25e-118	374
WP_003133668.1	44-B114_contig00001	99.020	204	2	0	1	204	749891	750502	2.25e-118	374
WP_003133668.1	29-A19_contig00037	99.020	204	2	0	1	204	3096	3707	2.59e-118	374
WP_003133668.1	15-C44_contig00018	99.020	204	2	0	1	204	72404	71793	4.46e-118	373
WP_003133668.1	16-C45_contig00013	99.020	204	2	0	1	204	72404	71793	4.46e-118	373
WP_003133668.1	56-C43_contig00015	99.020	204	2	0	1	204	23157	23768	4.46e-118	373
WP_003133668.1	49-C69_contig00003	99.020	204	2	0	1	204	419355	418744	4.47e-118	373
WP_003133668.1	13-C149_contig00001	99.020	204	2	0	1	204	328447	327836	4.47e-118	373
WP_003133668.1	5-C12_contig00057	99.020	204	2	0	1	204	11135	11746	4.98e-118	373
WP_003133668.1	59-C54_contig00007	99.020	204	2	0	1	204	210520	211131	5.02e-118	373
WP_003133668.1	19-C67_contig00007	99.020	204	2	0	1	204	264960	264349	5.02e-118	373
WP_003133668.1	18-C65_contig00006	99.020	204	2	0	1	204	18534	19145	5.02e-118	373
WP_003133668.1	71-C11_contig00005	99.020	204	2	0	1	204	83177	82566	5.02e-118	373
WP_003133668.1	48-C66_contig00005	99.020	204	2	0	1	204	312976	313587	5.02e-118	373
WP_003133668.1	20-C68_contig00005	99.020	204	2	0	1	204	312976	313587	5.02e-118	373
WP_003133668.1	17-C64_contig00002	99.020	204	2	0	1	204	312976	313587	5.02e-118	373
WP_003133668.1	22-C128_contig00001	99.020	204	2	0	1	204	746302	746913	5.03e-118	373
WP_003133668.1	42-B62_contig00001	99.020	204	2	0	1	204	272471	271860	5.03e-118	373
WP_003133668.1	42-C127_contig00001	99.020	204	2	0	1	204	617535	618146	5.03e-118	373
WP_003133668.1	74-C20_contig00001	99.020	204	2	0	1	204	329989	329378	5.27e-118	373
WP_003133668.1	6-C13_contig00028	98.529	204	3	0	1	204	47850	47239	6.81e-118	372
WP_003133668.1	7-C14_contig00026	98.529	204	3	0	1	204	17229	17840	6.82e-118	372
WP_003133668.1	8-C15_contig00007	98.529	204	3	0	1	204	248173	247562	6.85e-118	372
WP_003133668.1	20-C123_contig00002	98.529	204	3	0	1	204	248155	247544	6.85e-118	372
WP_003133668.1	47-C63_contig00002	98.529	204	3	0	1	204	300198	300809	6.85e-118	372
WP_003133668.1	9-C17_contig00002	98.529	204	3	0	1	204	300405	301016	6.85e-118	372
WP_003133668.1	72-C16_contig00002	98.529	204	3	0	1	204	248171	247560	6.85e-118	372
WP_003133668.1	39-C118_contig00004	98.529	204	3	0	1	204	595485	594874	8.23e-118	372
WP_003133668.1	88-C117_contig00001	98.529	204	3	0	1	204	610130	610741	8.23e-118	372
WP_003133668.1	38-C116_contig00001	98.529	204	3	0	1	204	610723	611334	8.23e-118	372
WP_003133668.1	94-C164_contig00001	98.529	204	3	0	1	204	427505	426894	8.23e-118	372
WP_003133668.1	43-C129_contig00001	98.529	204	3	0	1	204	737472	738083	8.23e-118	372
WP_003133668.1	41-C126_contig00196	99.020	204	2	0	1	204	4824	4213	1.04e-117	372
WP_003133668.1	30-C97_contig00035	99.020	204	2	0	1	204	13564	12953	1.11e-117	372
WP_003133668.1	45-C144_contig00032	99.020	204	2	0	1	204	5190	5801	1.12e-117	372
WP_003133668.1	3-C76_contig00018	99.020	204	2	0	1	204	115768	116379	1.12e-117	372
WP_003133668.1	40-C125_contig00007	99.020	204	2	0	1	204	227981	228592	1.12e-117	372
WP_003133668.1	31-C98_contig00006	99.020	204	2	0	1	204	228007	228618	1.12e-117	372
WP_003133668.1	9-C91_contig00005	99.020	204	2	0	1	204	315074	315685	1.12e-117	372
WP_003133668.1	24-C133_contig00006	99.020	204	2	0	1	204	316836	317447	1.12e-117	372
WP_003133668.1	54-C36_contig00005	99.020	204	2	0	1	204	316835	317446	1.12e-117	372
WP_003133668.1	82-C107_contig00007	99.020	204	2	0	1	204	32166	31555	1.12e-117	372
WP_003133668.1	25-C134_contig00006	99.020	204	2	0	1	204	32246	31635	1.12e-117	372
WP_003133668.1	32-C99_contig00004	99.020	204	2	0	1	204	71545	70934	1.12e-117	372
WP_003133668.1	15-C96_contig00005	99.020	204	2	0	1	204	316835	317446	1.12e-117	372
WP_003133668.1	29-C95_contig00003	99.020	204	2	0	1	204	71545	70934	1.12e-117	372
WP_003133668.1	23-C131_contig00007	99.020	204	2	0	1	204	316835	317446	1.12e-117	372
WP_003133668.1	60-C150_contig00004	99.020	204	2	0	1	204	259907	259296	1.12e-117	372
WP_003133668.1	66-C2_contig00003	99.020	204	2	0	1	204	270571	269960	1.12e-117	372
WP_003133668.1	11-C145_contig00002	99.020	204	2	0	1	204	316835	317446	1.12e-117	372
WP_003133668.1	51-C25_contig00004	99.020	204	2	0	1	204	316835	317446	1.12e-117	372
WP_003133668.1	39-B16_contig00002	99.020	204	2	0	1	204	316823	317434	1.12e-117	372
WP_003133668.1	55-C42_contig00002	99.020	204	2	0	1	204	356217	355606	1.12e-117	372
WP_003133668.1	65-C74_contig00003	98.529	204	3	0	1	204	327893	327282	1.51e-117	371
WP_003133668.1	33-C101_contig00021	98.529	204	3	0	1	204	18628	19239	1.88e-117	371
WP_003133668.1	34-C103_contig00003	98.529	204	3	0	1	204	307456	308067	1.89e-117	371
WP_003133668.1	33-C57_contig00003	98.529	204	3	0	1	204	74410	73799	1.89e-117	371
WP_003133668.1	17-C102_contig00002	98.529	204	3	0	1	204	474615	475226	1.89e-117	371
WP_003133668.1	34-C58_contig00001	98.529	204	3	0	1	204	74409	73798	1.89e-117	371
WP_003133668.1	36-C60_contig00001	98.529	204	3	0	1	204	626008	626619	1.89e-117	371
WP_003133668.1	32-C56_contig00002	98.529	204	3	0	1	204	74617	74006	1.89e-117	371
WP_003133668.1	31-C55_contig00002	98.529	204	3	0	1	204	626008	626619	1.89e-117	371
WP_003133668.1	35-C59_contig00001	98.529	204	3	0	1	204	74409	73798	1.89e-117	371
WP_003133668.1	63-C71_contig00001	98.529	204	3	0	1	204	641295	641906	2.17e-117	371
WP_003133668.1	11-C22_contig00007	98.039	204	4	0	1	204	13518	14129	3.76e-117	370
WP_003133668.1	10-C21_contig00001	98.039	204	4	0	1	204	250074	249463	3.76e-117	370
WP_003133668.1	50-C23_contig00001	98.039	204	4	0	1	204	253631	253020	3.76e-117	370
WP_003133668.1	92-C160_contig00007	98.529	204	3	0	1	204	30299	29688	4.02e-117	370
WP_003133668.1	61-C151_contig00005	98.529	204	3	0	1	204	294902	295513	4.02e-117	370
WP_003133668.1	93-C161_contig00003	98.529	204	3	0	1	204	232812	233423	4.02e-117	370
WP_003133668.1	2-C155_contig00003	98.529	204	3	0	1	204	329646	329035	4.02e-117	370
WP_003133668.1	8-C89_contig00001	98.529	204	3	0	1	204	771514	772125	4.02e-117	370
WP_003133668.1	75-C135_contig00001	98.529	204	3	0	1	204	322120	321509	4.18e-117	370
WP_003133668.1	59-A60_contig00117	98.529	204	3	0	1	204	6347	5736	5.71e-117	370
WP_003133668.1	52-A48_contig00045	98.529	204	3	0	1	204	28961	28350	5.77e-117	370
WP_003133668.1	55-A54_contig00041	98.529	204	3	0	1	204	13545	14156	5.77e-117	370
WP_003133668.1	51-A46_contig00030	98.529	204	3	0	1	204	28961	28350	5.77e-117	370
WP_003133668.1	60-A70_contig00032	98.529	204	3	0	1	204	58127	57516	5.78e-117	370
WP_003133668.1	61-A71_contig00034	98.529	204	3	0	1	204	13509	14120	5.78e-117	370
WP_003133668.1	56-A55_contig00012	98.529	204	3	0	1	204	18623	19234	5.80e-117	370
WP_003133668.1	67-A78_contig00008	98.529	204	3	0	1	204	17582	18193	5.81e-117	370
WP_003133668.1	64-A75_contig00009	98.529	204	3	0	1	204	281701	281090	5.81e-117	370
WP_003133668.1	62-A72_contig00005	98.529	204	3	0	1	204	28961	28350	5.81e-117	370
WP_003133668.1	63-A73_contig00007	98.529	204	3	0	1	204	353813	353202	5.81e-117	370
WP_003133668.1	78-A100_contig00007	98.529	204	3	0	1	204	277684	277073	5.81e-117	370
WP_003133668.1	70-A82_contig00002	98.529	204	3	0	1	204	324211	324822	5.81e-117	370
WP_003133668.1	57-A56_contig00002	98.529	204	3	0	1	204	281918	281307	5.81e-117	370
WP_003133668.1	53-A52_contig00001	98.529	204	3	0	1	204	17530	18141	5.81e-117	370
WP_003133668.1	69-A81_contig00001	98.529	204	3	0	1	204	704904	704293	5.81e-117	370
WP_003133668.1	54-A53_contig00001	98.529	204	3	0	1	204	705448	704837	5.81e-117	370
WP_003133668.1	58-A58_contig00001	98.529	204	3	0	1	204	281918	281307	5.81e-117	370
WP_003133668.1	64-C73_contig00002	98.529	204	3	0	1	204	600606	601217	5.81e-117	370
WP_003133668.1	96-C168_contig00002	98.529	204	3	0	1	204	274427	273816	5.81e-117	370
WP_003133668.1	65-A76_contig00001	98.529	204	3	0	1	204	705392	704781	5.81e-117	370
WP_003133668.1	26-A1_contig00001	98.529	204	3	0	1	204	354005	353394	5.81e-117	370
WP_003133668.1	78-C141_contig00003	98.529	204	3	0	1	204	232530	231919	6.65e-117	369
WP_003133668.1	77-C139_contig00003	98.529	204	3	0	1	204	232530	231919	6.65e-117	369
WP_003133668.1	21-C124_contig00081	98.039	204	4	0	1	204	5192	5803	7.60e-117	369
WP_003133668.1	57-C49_contig00006	97.059	204	6	0	1	204	277453	276842	6.34e-116	367
WP_003133668.1	47-C148_contig00004	97.059	204	6	0	1	204	18625	19236	6.34e-116	367
WP_003133668.1	14-C94_contig00007	97.059	204	6	0	1	204	551224	550613	6.34e-116	367
WP_003133668.1	46-C146_contig00001	97.059	204	6	0	1	204	474668	475279	6.34e-116	367
WP_003133668.1	12-C147_contig00001	97.059	204	6	0	1	204	762853	762242	6.34e-116	367
WP_003133668.1	80-A107_contig01734	99.355	155	1	0	1	155	695	1159	7.27e-91	275
WP_003120798.1	29-A19_contig00093	100.000	98	0	0	1	98	3694	3987	2.68e-60	202
WP_003120798.1	16-C45_contig00116	100.000	98	0	0	1	98	3929	4222	2.70e-60	202
WP_003120798.1	15-C44_contig00116	100.000	98	0	0	1	98	3929	4222	2.70e-60	202
WP_003120798.1	96-A163_contig00122	100.000	98	0	0	1	98	4519	4812	2.70e-60	202
WP_003120798.1	1-C3_contig00070	100.000	98	0	0	1	98	24535	24242	2.71e-60	202
WP_003120798.1	13-C32_contig00053	100.000	98	0	0	1	98	32115	32408	2.71e-60	202
WP_003120798.1	12-C31_contig00052	100.000	98	0	0	1	98	9701	9408	2.71e-60	202
WP_003120798.1	62-C153_contig00037	100.000	98	0	0	1	98	4109	3816	2.71e-60	202
WP_003120798.1	90-C158_contig00036	100.000	98	0	0	1	98	55048	55341	2.71e-60	202
WP_003120798.1	36-C108_contig00026	100.000	98	0	0	1	98	16050	16343	2.71e-60	202
WP_003120798.1	86-C112_contig00016	100.000	98	0	0	1	98	54983	55276	2.71e-60	202
WP_003120798.1	85-C111_contig00016	100.000	98	0	0	1	98	102567	102274	2.71e-60	202
WP_003120798.1	35-C106_contig00016	100.000	98	0	0	1	98	102566	102273	2.71e-60	202
WP_003120798.1	84-C110_contig00014	100.000	98	0	0	1	98	55294	55587	2.71e-60	202
WP_003120798.1	13-C149_contig00015	100.000	98	0	0	1	98	107963	107670	2.71e-60	202
WP_003120798.1	58-C51_contig00013	100.000	98	0	0	1	98	123799	123506	2.71e-60	202
WP_003120798.1	28-C87_contig00010	100.000	98	0	0	1	98	8059	8352	2.71e-60	202
WP_003120798.1	91-C159_contig00013	100.000	98	0	0	1	98	55031	55324	2.71e-60	202
WP_003120798.1	76-C137_contig00011	100.000	98	0	0	1	98	164023	163730	2.71e-60	202
WP_003120798.1	37-C115_contig00009	100.000	98	0	0	1	98	185319	185026	2.71e-60	202
WP_003120798.1	28-A12_contig00011	100.000	98	0	0	1	98	190076	189783	2.71e-60	202
WP_003120798.1	40-B34_contig00012	100.000	98	0	0	1	98	54983	55276	2.71e-60	202
WP_003120798.1	73-C18_contig00015	100.000	98	0	0	1	98	190084	189791	2.71e-60	202
WP_003120798.1	27-C85_contig00008	100.000	98	0	0	1	98	55049	55342	2.71e-60	202
WP_003120798.1	87-C114_contig00016	100.000	98	0	0	1	98	190084	189791	2.71e-60	202
WP_003120798.1	78-C141_contig00007	100.000	98	0	0	1	98	55032	55325	2.71e-60	202
WP_003120798.1	77-C139_contig00007	100.000	98	0	0	1	98	197579	197286	2.71e-60	202
WP_003120798.1	14-C33_contig00008	100.000	98	0	0	1	98	55294	55587	2.71e-60	202
WP_003120798.1	67-C5_contig00009	100.000	98	0	0	1	98	55031	55324	2.71e-60	202
WP_003120798.1	89-C156_contig00010	100.000	98	0	0	1	98	205513	205220	2.71e-60	202
WP_003120798.1	93-C161_contig00010	100.000	98	0	0	1	98	216972	216679	2.71e-60	202
WP_003120798.1	80-C104_contig00010	100.000	98	0	0	1	98	55294	55587	2.71e-60	202
WP_003120798.1	30-A36_contig00001	100.000	98	0	0	1	98	55004	55297	2.72e-60	202
WP_003120798.1	41-C126_contig00599	98.980	98	1	0	1	98	2196	2489	4.05e-60	201
WP_003120798.1	44-C143_contig00078	98.980	98	1	0	1	98	5834	5541	4.74e-60	201
WP_003120798.1	4-C10_contig00136	98.980	98	1	0	1	98	9606	9899	4.77e-60	201
WP_003120798.1	85-A130_contig00129	98.980	98	1	0	1	98	11258	10965	4.78e-60	201
WP_003120798.1	3-C8_contig00066	98.980	98	1	0	1	98	16019	16312	4.80e-60	201
WP_003120798.1	86-A134_contig00054	98.980	98	1	0	1	98	22253	22546	4.80e-60	201
WP_003120798.1	94-A154_contig00054	98.980	98	1	0	1	98	22262	22555	4.80e-60	201
WP_003120798.1	5-C12_contig00054	98.980	98	1	0	1	98	7883	7590	4.80e-60	201
WP_003120798.1	84-A126_contig00046	98.980	98	1	0	1	98	33606	33899	4.80e-60	201
WP_003120798.1	93-A151_contig00046	98.980	98	1	0	1	98	35518	35811	4.80e-60	201
WP_003120798.1	50-A5_contig00033	98.980	98	1	0	1	98	54725	55018	4.80e-60	201
WP_003120798.1	48-A3_contig00040	98.980	98	1	0	1	98	54725	55018	4.80e-60	201
WP_003120798.1	49-A4_contig00039	98.980	98	1	0	1	98	4377	4084	4.80e-60	201
WP_003120798.1	9-C91_contig00031	98.980	98	1	0	1	98	5834	5541	4.80e-60	201
WP_003120798.1	32-C99_contig00036	98.980	98	1	0	1	98	53907	54200	4.80e-60	201
WP_003120798.1	31-C98_contig00034	98.980	98	1	0	1	98	53907	54200	4.80e-60	201
WP_003120798.1	30-C97_contig00031	98.980	98	1	0	1	98	53907	54200	4.80e-60	201
WP_003120798.1	29-C95_contig00036	98.980	98	1	0	1	98	5834	5541	4.80e-60	201
WP_003120798.1	24-C133_contig00027	98.980	98	1	0	1	98	5834	5541	4.80e-60	201
WP_003120798.1	15-C96_contig00031	98.980	98	1	0	1	98	5834	5541	4.80e-60	201
WP_003120798.1	11-C145_contig00030	98.980	98	1	0	1	98	53907	54200	4.80e-60	201
WP_003120798.1	45-C144_contig00041	98.980	98	1	0	1	98	5834	5541	4.80e-60	201
WP_003120798.1	25-C134_contig00027	98.980	98	1	0	1	98	53910	54203	4.80e-60	201
WP_003120798.1	82-C107_contig00024	98.980	98	1	0	1	98	6002	5709	4.80e-60	201
WP_003120798.1	66-C2_contig00027	98.980	98	1	0	1	98	6002	5709	4.80e-60	201
WP_003120798.1	60-C150_contig00026	98.980	98	1	0	1	98	53907	54200	4.80e-60	201
WP_003120798.1	54-C36_contig00033	98.980	98	1	0	1	98	6002	5709	4.80e-60	201
WP_003120798.1	51-C25_contig00026	98.980	98	1	0	1	98	53907	54200	4.80e-60	201
WP_003120798.1	40-C125_contig00026	98.980	98	1	0	1	98	53907	54200	4.80e-60	201
WP_003120798.1	39-B16_contig00025	98.980	98	1	0	1	98	6002	5709	4.80e-60	201
WP_003120798.1	3-C76_contig00030	98.980	98	1	0	1	98	6002	5709	4.80e-60	201
WP_003120798.1	23-C131_contig00026	98.980	98	1	0	1	98	53907	54200	4.80e-60	201
WP_003120798.1	49-C69_contig00022	98.980	98	1	0	1	98	55537	55830	4.80e-60	201
WP_003120798.1	59-A60_contig00024	98.980	98	1	0	1	98	41331	41624	4.80e-60	201
WP_003120798.1	71-C11_contig00022	98.980	98	1	0	1	98	55633	55926	4.80e-60	201
WP_003120798.1	57-C49_contig00031	98.980	98	1	0	1	98	55015	55308	4.80e-60	201
WP_003120798.1	4-C77_contig00029	98.980	98	1	0	1	98	10552	10259	4.80e-60	201
WP_003120798.1	6-C86_contig00026	98.980	98	1	0	1	98	12087	11794	4.80e-60	201
WP_003120798.1	20-C123_contig00025	98.980	98	1	0	1	98	21926	21633	4.81e-60	201
WP_003120798.1	9-C17_contig00020	98.980	98	1	0	1	98	21930	21637	4.81e-60	201
WP_003120798.1	72-C16_contig00018	98.980	98	1	0	1	98	21930	21637	4.81e-60	201
WP_003120798.1	62-A72_contig00022	98.980	98	1	0	1	98	22971	22678	4.81e-60	201
WP_003120798.1	55-A54_contig00026	98.980	98	1	0	1	98	22971	22678	4.81e-60	201
WP_003120798.1	52-A48_contig00031	98.980	98	1	0	1	98	22971	22678	4.81e-60	201
WP_003120798.1	51-A46_contig00025	98.980	98	1	0	1	98	22971	22678	4.81e-60	201
WP_003120798.1	26-A1_contig00021	98.980	98	1	0	1	98	48516	48223	4.81e-60	201
WP_003120798.1	18-C119_contig00023	98.980	98	1	0	1	98	52578	52871	4.81e-60	201
WP_003120798.1	46-B199_contig00023	98.980	98	1	0	1	98	52613	52906	4.81e-60	201
WP_003120798.1	89-A141_contig00013	98.980	98	1	0	1	98	22246	22539	4.81e-60	201
WP_003120798.1	75-C135_contig00015	98.980	98	1	0	1	98	71044	70751	4.81e-60	201
WP_003120798.1	92-A148_contig00010	98.980	98	1	0	1	98	33849	34142	4.81e-60	201
WP_003120798.1	25-C83_contig00014	98.980	98	1	0	1	98	35867	36160	4.81e-60	201
WP_003120798.1	24-C81_contig00016	98.980	98	1	0	1	98	35861	36154	4.81e-60	201
WP_003120798.1	14-C94_contig00013	98.980	98	1	0	1	98	81316	81023	4.81e-60	201
WP_003120798.1	94-C164_contig00016	98.980	98	1	0	1	98	54323	54616	4.81e-60	201
WP_003120798.1	95-A156_contig00010	98.980	98	1	0	1	98	52874	53167	4.81e-60	201
WP_003120798.1	10-C92_contig00015	98.980	98	1	0	1	98	108370	108077	4.81e-60	201
WP_003120798.1	53-C30_contig00015	98.980	98	1	0	1	98	108371	108078	4.81e-60	201
WP_003120798.1	52-C29_contig00015	98.980	98	1	0	1	98	54716	55009	4.81e-60	201
WP_003120798.1	11-C22_contig00014	98.980	98	1	0	1	98	55009	55302	4.81e-60	201
WP_003120798.1	50-C23_contig00016	98.980	98	1	0	1	98	55009	55302	4.81e-60	201
WP_003120798.1	10-C21_contig00015	98.980	98	1	0	1	98	55009	55302	4.81e-60	201
WP_003120798.1	95-C167_contig00012	98.980	98	1	0	1	98	120242	119949	4.81e-60	201
WP_003120798.1	74-C20_contig00013	98.980	98	1	0	1	98	54180	54473	4.81e-60	201
WP_003120798.1	47-C63_contig00016	98.980	98	1	0	1	98	139152	138859	4.81e-60	201
WP_003120798.1	61-A71_contig00005	98.980	98	1	0	1	98	189146	188853	4.81e-60	201
WP_003120798.1	60-A70_contig00006	98.980	98	1	0	1	98	189141	188848	4.81e-60	201
WP_003120798.1	7-C14_contig00004	98.980	98	1	0	1	98	32764	33057	4.81e-60	201
WP_003120798.1	65-C74_contig00012	98.980	98	1	0	1	98	55682	55975	4.81e-60	201
WP_003120798.1	83-C109_contig00013	98.980	98	1	0	1	98	195956	195663	4.81e-60	201
WP_003120798.1	2-C155_contig00012	98.980	98	1	0	1	98	54974	55267	4.81e-60	201
WP_003120798.1	37-C61_contig00008	98.980	98	1	0	1	98	54563	54856	4.81e-60	201
WP_003120798.1	69-C7_contig00010	98.980	98	1	0	1	98	55035	55328	4.81e-60	201
WP_003120798.1	68-C6_contig00010	98.980	98	1	0	1	98	197241	196948	4.81e-60	201
WP_003120798.1	27-A2_contig00010	98.980	98	1	0	1	98	197513	197220	4.81e-60	201
WP_003120798.1	48-C66_contig00010	98.980	98	1	0	1	98	55639	55932	4.81e-60	201
WP_003120798.1	19-C67_contig00011	98.980	98	1	0	1	98	55639	55932	4.81e-60	201
WP_003120798.1	20-C68_contig00010	98.980	98	1	0	1	98	55639	55932	4.81e-60	201
WP_003120798.1	18-C65_contig00011	98.980	98	1	0	1	98	55639	55932	4.81e-60	201
WP_003120798.1	17-C64_contig00012	98.980	98	1	0	1	98	55679	55972	4.81e-60	201
WP_003120798.1	19-C120_contig00011	98.980	98	1	0	1	98	206836	206543	4.81e-60	201
WP_003120798.1	47-C148_contig00011	98.980	98	1	0	1	98	208124	207831	4.81e-60	201
WP_003120798.1	63-C71_contig00011	98.980	98	1	0	1	98	209019	208726	4.81e-60	201
WP_003120798.1	34-C103_contig00010	98.980	98	1	0	1	98	213760	213467	4.81e-60	201
WP_003120798.1	90-A144_contig00007	98.980	98	1	0	1	98	224168	223875	4.81e-60	201
WP_003120798.1	87-A137_contig00006	98.980	98	1	0	1	98	224165	223872	4.81e-60	201
WP_003120798.1	83-A123_contig00007	98.980	98	1	0	1	98	52875	53168	4.81e-60	201
WP_003120798.1	91-A147_contig00004	98.980	98	1	0	1	98	52874	53167	4.81e-60	201
WP_003120798.1	82-A122_contig00005	98.980	98	1	0	1	98	52875	53168	4.81e-60	201
WP_003120798.1	81-A119_contig00005	98.980	98	1	0	1	98	52875	53168	4.81e-60	201
WP_003120798.1	22-C79_contig00007	98.980	98	1	0	1	98	243067	242774	4.81e-60	201
WP_003120798.1	26-C84_contig00007	98.980	98	1	0	1	98	243068	242775	4.81e-60	201
WP_003120798.1	70-C9_contig00008	98.980	98	1	0	1	98	269732	269439	4.81e-60	201
WP_003120798.1	57-A56_contig00007	98.980	98	1	0	1	98	55685	55978	4.81e-60	201
WP_003120798.1	58-A58_contig00008	98.980	98	1	0	1	98	295972	295679	4.81e-60	201
WP_003120798.1	63-A73_contig00009	98.980	98	1	0	1	98	55741	56034	4.81e-60	201
WP_003120798.1	55-C42_contig00008	98.980	98	1	0	1	98	54585	54878	4.81e-60	201
WP_003120798.1	96-C168_contig00006	98.980	98	1	0	1	98	325849	325556	4.81e-60	201
WP_003120798.1	64-C73_contig00008	98.980	98	1	0	1	98	55686	55979	4.81e-60	201
WP_003120798.1	23-C80_contig00006	98.980	98	1	0	1	98	331643	331350	4.81e-60	201
WP_003120798.1	5-C82_contig00006	98.980	98	1	0	1	98	54563	54856	4.81e-60	201
WP_003120798.1	70-A82_contig00005	98.980	98	1	0	1	98	369459	369166	4.81e-60	201
WP_003120798.1	33-C101_contig00004	98.980	98	1	0	1	98	351971	351678	4.81e-60	201
WP_003120798.1	16-C100_contig00009	98.980	98	1	0	1	98	353742	353449	4.81e-60	201
WP_003120798.1	42-B62_contig00005	98.980	98	1	0	1	98	366170	365877	4.81e-60	201
WP_003120798.1	56-A55_contig00006	98.980	98	1	0	1	98	55685	55978	4.81e-60	201
WP_003120798.1	64-A75_contig00005	98.980	98	1	0	1	98	365926	365633	4.81e-60	201
WP_003120798.1	78-A100_contig00008	98.980	98	1	0	1	98	55742	56035	4.81e-60	201
WP_003120798.1	67-A78_contig00003	98.980	98	1	0	1	98	370501	370208	4.81e-60	201
WP_003120798.1	38-B3_contig00007	98.980	98	1	0	1	98	55026	55319	4.81e-60	201
WP_003120798.1	6-C13_contig00001	98.980	98	1	0	1	98	463578	463285	4.81e-60	201
WP_003120798.1	8-C15_contig00002	98.980	98	1	0	1	98	54998	55291	4.81e-60	201
WP_003120798.1	17-C102_contig00003	98.980	98	1	0	1	98	55689	55982	4.81e-60	201
WP_003120798.1	53-A52_contig00001	98.980	98	1	0	1	98	667237	666944	4.81e-60	201
WP_003120798.1	69-A81_contig00001	98.980	98	1	0	1	98	56264	56557	4.81e-60	201
WP_003120798.1	54-A53_contig00001	98.980	98	1	0	1	98	55741	56034	4.81e-60	201
WP_003120798.1	81-C105_contig00001	98.980	98	1	0	1	98	55682	55975	4.81e-60	201
WP_003120798.1	21-C78_contig00001	98.980	98	1	0	1	98	55682	55975	4.81e-60	201
WP_003120798.1	65-A76_contig00001	98.980	98	1	0	1	98	55685	55978	4.81e-60	201
WP_003120798.1	46-C146_contig00001	98.980	98	1	0	1	98	1182290	1181997	4.81e-60	201
WP_003120798.1	12-C147_contig00001	98.980	98	1	0	1	98	55231	55524	4.81e-60	201
WP_003120798.1	41-B37_contig00001	98.980	98	1	0	1	98	1219197	1218904	4.81e-60	201
WP_003120798.1	44-B114_contig00001	98.980	98	1	0	1	98	1268776	1268483	4.81e-60	201
WP_003120798.1	8-C89_contig00001	98.980	98	1	0	1	98	1306153	1305860	4.81e-60	201
WP_003120798.1	7-C88_contig00001	98.980	98	1	0	1	98	55654	55947	4.81e-60	201
WP_003120798.1	88-C117_contig00018	98.980	98	1	0	1	98	54973	55266	9.47e-60	200
WP_003120798.1	38-C116_contig00018	98.980	98	1	0	1	98	54985	55278	9.47e-60	200
WP_003120798.1	32-C56_contig00009	98.980	98	1	0	1	98	54996	55289	9.48e-60	200
WP_003120798.1	36-C60_contig00005	98.980	98	1	0	1	98	54996	55289	9.48e-60	200
WP_003120798.1	34-C58_contig00005	98.980	98	1	0	1	98	286567	286274	9.48e-60	200
WP_003120798.1	33-C57_contig00005	98.980	98	1	0	1	98	288372	288079	9.48e-60	200
WP_003120798.1	31-C55_contig00004	98.980	98	1	0	1	98	54996	55289	9.48e-60	200
WP_003120798.1	35-C59_contig00005	98.980	98	1	0	1	98	288380	288087	9.48e-60	200
WP_003120798.1	39-C118_contig00004	98.980	98	1	0	1	98	55284	55577	9.48e-60	200
WP_003120798.1	43-C129_contig00001	98.980	98	1	0	1	98	1277671	1277378	9.48e-60	200
WP_003120798.1	45-B191_contig00001	98.980	98	1	0	1	98	55680	55973	1.19e-59	200
WP_003120798.1	22-C128_contig00007	98.980	98	1	0	1	98	55664	55957	1.27e-59	200
WP_003120798.1	42-C127_contig00001	98.980	98	1	0	1	98	1157313	1157020	1.27e-59	200
WP_003120798.1	21-C124_contig00154	97.959	98	2	0	1	98	3788	4081	1.66e-59	200
WP_003120798.1	80-A107_contig00088	97.959	98	2	0	1	98	6731	6438	1.85e-59	199
WP_003120798.1	73-A90_contig00074	97.959	98	2	0	1	98	14953	14660	1.86e-59	199
WP_003120798.1	92-C160_contig00029	97.959	98	2	0	1	98	8174	7881	1.87e-59	199
WP_003120798.1	61-C151_contig00030	97.959	98	2	0	1	98	8182	7889	1.87e-59	199
WP_003120798.1	75-A92_contig00012	97.959	98	2	0	1	98	134524	134231	1.87e-59	199
WP_003120798.1	79-A106_contig00014	97.959	98	2	0	1	98	134527	134234	1.87e-59	199
WP_003120798.1	74-A91_contig00012	97.959	98	2	0	1	98	35823	36116	1.87e-59	199
WP_003120798.1	71-A85_contig00014	97.959	98	2	0	1	98	54533	54826	1.87e-59	199
WP_003120798.1	72-A86_contig00014	97.959	98	2	0	1	98	54567	54860	1.87e-59	199
WP_003120798.1	68-A80_contig00014	97.959	98	2	0	1	98	54567	54860	1.87e-59	199
WP_003120798.1	66-A77_contig00014	97.959	98	2	0	1	98	139284	138991	1.87e-59	199
WP_003120798.1	77-A97_contig00013	97.959	98	2	0	1	98	139290	138997	1.87e-59	199
WP_003120798.1	76-A95_contig00011	97.959	98	2	0	1	98	139290	138997	1.87e-59	199
WP_003120798.1	43-B113_contig00003	97.959	98	2	0	1	98	365787	365494	4.02e-59	199
WP_003120545.1	29-A19_contig00037	100.000	292	0	0	1	292	3707	4582	0.0	604
WP_003120545.1	96-C168_contig00002	100.000	292	0	0	1	292	273816	272941	0.0	603
WP_003120545.1	96-A163_contig00306	100.000	292	0	0	1	292	1082	1957	0.0	603
WP_003120545.1	93-C161_contig00003	100.000	292	0	0	1	292	233423	234298	0.0	603
WP_003120545.1	92-C160_contig00007	100.000	292	0	0	1	292	29688	28813	0.0	603
WP_003120545.1	91-C159_contig00001	100.000	292	0	0	1	292	620044	620919	0.0	603
WP_003120545.1	90-C158_contig00010	100.000	292	0	0	1	292	53773	52898	0.0	603
WP_003120545.1	89-C156_contig00001	100.000	292	0	0	1	292	744795	745670	0.0	603
WP_003120545.1	87-C114_contig00011	100.000	292	0	0	1	292	71693	70818	0.0	603
WP_003120545.1	86-C112_contig00007	100.000	292	0	0	1	292	121335	120460	0.0	603
WP_003120545.1	85-C111_contig00009	100.000	292	0	0	1	292	121335	120460	0.0	603
WP_003120545.1	84-C110_contig00002	100.000	292	0	0	1	292	706973	707848	0.0	603
WP_003120545.1	80-C104_contig00009	100.000	292	0	0	1	292	71685	70810	0.0	603
WP_003120545.1	78-A100_contig00007	100.000	292	0	0	1	292	277073	276198	0.0	603
WP_003120545.1	76-C137_contig00001	100.000	292	0	0	1	292	331019	330144	0.0	603
WP_003120545.1	73-C18_contig00010	100.000	292	0	0	1	292	71812	70937	0.0	603
WP_003120545.1	70-A82_contig00002	100.000	292	0	0	1	292	324822	325697	0.0	603
WP_003120545.1	69-C7_contig00003	100.000	292	0	0	1	292	258155	257280	0.0	603
WP_003120545.1	69-A81_contig00001	100.000	292	0	0	1	292	704293	703418	0.0	603
WP_003120545.1	68-C6_contig00003	100.000	292	0	0	1	292	258155	257280	0.0	603
WP_003120545.1	67-C5_contig00002	100.000	292	0	0	1	292	331019	330144	0.0	603
WP_003120545.1	67-A78_contig00008	100.000	292	0	0	1	292	18193	19068	0.0	603
WP_003120545.1	65-A76_contig00001	100.000	292	0	0	1	292	704781	703906	0.0	603
WP_003120545.1	64-C73_contig00002	100.000	292	0	0	1	292	601217	602092	0.0	603
WP_003120545.1	64-A75_contig00009	100.000	292	0	0	1	292	281090	280215	0.0	603
WP_003120545.1	63-A73_contig00007	100.000	292	0	0	1	292	353202	352327	0.0	603
WP_003120545.1	62-C153_contig00010	100.000	292	0	0	1	292	53773	52898	0.0	603
WP_003120545.1	62-A72_contig00005	100.000	292	0	0	1	292	28350	27475	0.0	603
WP_003120545.1	61-C151_contig00005	100.000	292	0	0	1	292	295513	296388	0.0	603
WP_003120545.1	61-A71_contig00034	100.000	292	0	0	1	292	14120	14995	0.0	603
WP_003120545.1	60-A70_contig00032	100.000	292	0	0	1	292	57516	56641	0.0	603
WP_003120545.1	59-A60_contig00117	100.000	292	0	0	1	292	5736	4861	0.0	603
WP_003120545.1	58-C51_contig00001	100.000	292	0	0	1	292	318342	317467	0.0	603
WP_003120545.1	58-A58_contig00001	100.000	292	0	0	1	292	281307	280432	0.0	603
WP_003120545.1	57-A56_contig00002	100.000	292	0	0	1	292	281307	280432	0.0	603
WP_003120545.1	56-A55_contig00012	100.000	292	0	0	1	292	19234	20109	0.0	603
WP_003120545.1	55-A54_contig00041	100.000	292	0	0	1	292	14156	15031	0.0	603
WP_003120545.1	54-A53_contig00001	100.000	292	0	0	1	292	704837	703962	0.0	603
WP_003120545.1	53-A52_contig00001	100.000	292	0	0	1	292	18141	19016	0.0	603
WP_003120545.1	52-A48_contig00045	100.000	292	0	0	1	292	28350	27475	0.0	603
WP_003120545.1	51-A46_contig00030	100.000	292	0	0	1	292	28350	27475	0.0	603
WP_003120545.1	44-B114_contig00001	100.000	292	0	0	1	292	750502	751377	0.0	603
WP_003120545.1	42-C127_contig00001	100.000	292	0	0	1	292	618146	619021	0.0	603
WP_003120545.1	40-B34_contig00003	100.000	292	0	0	1	292	372322	371447	0.0	603
WP_003120545.1	37-C115_contig00001	100.000	292	0	0	1	292	574515	573640	0.0	603
WP_003120545.1	36-C60_contig00001	100.000	292	0	0	1	292	626619	627494	0.0	603
WP_003120545.1	36-C108_contig00031	100.000	292	0	0	1	292	47201	46326	0.0	603
WP_003120545.1	35-C59_contig00001	100.000	292	0	0	1	292	73798	72923	0.0	603
WP_003120545.1	35-C106_contig00027	100.000	292	0	0	1	292	71685	70810	0.0	603
WP_003120545.1	34-C58_contig00001	100.000	292	0	0	1	292	73798	72923	0.0	603
WP_003120545.1	33-C57_contig00003	100.000	292	0	0	1	292	73799	72924	0.0	603
WP_003120545.1	32-C56_contig00002	100.000	292	0	0	1	292	74006	73131	0.0	603
WP_003120545.1	31-C55_contig00002	100.000	292	0	0	1	292	626619	627494	0.0	603
WP_003120545.1	30-A36_contig00001	100.000	292	0	0	1	292	580872	579997	0.0	603
WP_003120545.1	28-C87_contig00046	100.000	292	0	0	1	292	5761	4886	0.0	603
WP_003120545.1	28-A12_contig00004	100.000	292	0	0	1	292	300158	299283	0.0	603
WP_003120545.1	26-A1_contig00001	100.000	292	0	0	1	292	353394	352519	0.0	603
WP_003120545.1	22-C128_contig00001	100.000	292	0	0	1	292	746913	747788	0.0	603
WP_003120545.1	2-C4_contig00001	100.000	292	0	0	1	292	371734	370859	0.0	603
WP_003120545.1	2-C155_contig00003	100.000	292	0	0	1	292	329035	328160	0.0	603
WP_003120545.1	16-C100_contig00002	100.000	292	0	0	1	292	309483	310358	0.0	603
WP_003120545.1	14-C33_contig00012	100.000	292	0	0	1	292	141715	142590	0.0	603
WP_003120545.1	13-C32_contig00028	100.000	292	0	0	1	292	14124	14999	0.0	603
WP_003120545.1	12-C31_contig00029	100.000	292	0	0	1	292	11745	12620	0.0	603
WP_003120545.1	1-C3_contig00024	100.000	292	0	0	1	292	12945	13820	0.0	603
WP_003120545.1	8-C89_contig00001	99.658	292	1	0	1	292	772125	773000	0.0	603
WP_003120545.1	45-B191_contig00001	99.658	292	1	0	1	292	591121	590246	0.0	603
WP_003120545.1	94-C164_contig00001	99.658	292	1	0	1	292	426894	426019	0.0	602
WP_003120545.1	88-C117_contig00001	99.658	292	1	0	1	292	610741	611616	0.0	602
WP_003120545.1	43-C129_contig00001	99.658	292	1	0	1	292	738083	738958	0.0	602
WP_003120545.1	39-C118_contig00004	99.658	292	1	0	1	292	594874	593999	0.0	602
WP_003120545.1	38-C116_contig00001	99.658	292	1	0	1	292	611334	612209	0.0	602
WP_003120545.1	21-C124_contig00081	99.658	292	1	0	1	292	5803	6678	0.0	602
WP_003120545.1	95-C167_contig00001	99.658	292	1	0	1	292	613284	614159	0.0	602
WP_003120545.1	95-A156_contig00033	99.658	292	1	0	1	292	43694	42819	0.0	602
WP_003120545.1	94-A154_contig00024	99.658	292	1	0	1	292	17869	18744	0.0	602
WP_003120545.1	93-A151_contig00035	99.658	292	1	0	1	292	17835	18710	0.0	602
WP_003120545.1	92-A148_contig00002	99.658	292	1	0	1	292	17848	18723	0.0	602
WP_003120545.1	91-A147_contig00003	99.658	292	1	0	1	292	271093	270218	0.0	602
WP_003120545.1	90-A144_contig00006	99.658	292	1	0	1	292	271093	270218	0.0	602
WP_003120545.1	9-C91_contig00005	99.658	292	1	0	1	292	315685	316560	0.0	602
WP_003120545.1	89-A141_contig00004	99.658	292	1	0	1	292	17870	18745	0.0	602
WP_003120545.1	87-A137_contig00002	99.658	292	1	0	1	292	271098	270223	0.0	602
WP_003120545.1	86-A134_contig00024	99.658	292	1	0	1	292	17834	18709	0.0	602
WP_003120545.1	85-A130_contig00020	99.658	292	1	0	1	292	43673	42798	0.0	602
WP_003120545.1	84-A126_contig00019	99.658	292	1	0	1	292	52163	51288	0.0	602
WP_003120545.1	83-A123_contig00006	99.658	292	1	0	1	292	271093	270218	0.0	602
WP_003120545.1	82-C107_contig00007	99.658	292	1	0	1	292	31555	30680	0.0	602
WP_003120545.1	82-A122_contig00004	99.658	292	1	0	1	292	22823	23698	0.0	602
WP_003120545.1	81-A119_contig00004	99.658	292	1	0	1	292	271093	270218	0.0	602
WP_003120545.1	79-C142_contig00004	99.658	292	1	0	1	292	53773	52898	0.0	602
WP_003120545.1	70-C9_contig00022	99.658	292	1	0	1	292	52613	53488	0.0	602
WP_003120545.1	66-C2_contig00003	99.658	292	1	0	1	292	269960	269085	0.0	602
WP_003120545.1	60-C150_contig00004	99.658	292	1	0	1	292	259296	258421	0.0	602
WP_003120545.1	6-C86_contig00002	99.658	292	1	0	1	292	84037	83162	0.0	602
WP_003120545.1	55-C42_contig00002	99.658	292	1	0	1	292	355606	354731	0.0	602
WP_003120545.1	54-C36_contig00005	99.658	292	1	0	1	292	317446	318321	0.0	602
WP_003120545.1	53-C30_contig00002	99.658	292	1	0	1	292	427207	426332	0.0	602
WP_003120545.1	52-C29_contig00002	99.658	292	1	0	1	292	329479	328604	0.0	602
WP_003120545.1	51-C25_contig00004	99.658	292	1	0	1	292	317446	318321	0.0	602
WP_003120545.1	50-A5_contig00014	99.658	292	1	0	1	292	115614	114739	0.0	602
WP_003120545.1	49-A4_contig00014	99.658	292	1	0	1	292	115426	114551	0.0	602
WP_003120545.1	48-A3_contig00013	99.658	292	1	0	1	292	115610	114735	0.0	602
WP_003120545.1	45-C144_contig00032	99.658	292	1	0	1	292	5801	6676	0.0	602
WP_003120545.1	41-C126_contig00196	99.658	292	1	0	1	292	4213	3338	0.0	602
WP_003120545.1	40-C125_contig00007	99.658	292	1	0	1	292	228592	229467	0.0	602
WP_003120545.1	4-C77_contig00004	99.658	292	1	0	1	292	84037	83162	0.0	602
WP_003120545.1	4-C10_contig00309	99.658	292	1	0	1	292	5528	4653	0.0	602
WP_003120545.1	39-B16_contig00002	99.658	292	1	0	1	292	317434	318309	0.0	602
WP_003120545.1	32-C99_contig00004	99.658	292	1	0	1	292	70934	70059	0.0	602
WP_003120545.1	31-C98_contig00006	99.658	292	1	0	1	292	228618	229493	0.0	602
WP_003120545.1	30-C97_contig00035	99.658	292	1	0	1	292	12953	12078	0.0	602
WP_003120545.1	3-C8_contig00069	99.658	292	1	0	1	292	13053	13928	0.0	602
WP_003120545.1	3-C76_contig00018	99.658	292	1	0	1	292	116379	117254	0.0	602
WP_003120545.1	29-C95_contig00003	99.658	292	1	0	1	292	70934	70059	0.0	602
WP_003120545.1	25-C134_contig00006	99.658	292	1	0	1	292	31635	30760	0.0	602
WP_003120545.1	24-C133_contig00006	99.658	292	1	0	1	292	317447	318322	0.0	602
WP_003120545.1	23-C131_contig00007	99.658	292	1	0	1	292	317446	318321	0.0	602
WP_003120545.1	15-C96_contig00005	99.658	292	1	0	1	292	317446	318321	0.0	602
WP_003120545.1	11-C145_contig00002	99.658	292	1	0	1	292	317446	318321	0.0	602
WP_003120545.1	10-C92_contig00003	99.658	292	1	0	1	292	311367	312242	0.0	602
WP_003120545.1	83-C109_contig00002	99.315	292	2	0	1	292	300854	301729	0.0	601
WP_003120545.1	81-C105_contig00001	99.315	292	2	0	1	292	590234	589359	0.0	601
WP_003120545.1	78-C141_contig00003	99.315	292	2	0	1	292	231919	231044	0.0	601
WP_003120545.1	77-C139_contig00003	99.315	292	2	0	1	292	231919	231044	0.0	601
WP_003120545.1	75-C135_contig00001	99.315	292	2	0	1	292	321509	320634	0.0	601
WP_003120545.1	74-C20_contig00001	99.315	292	2	0	1	292	329378	328503	0.0	601
WP_003120545.1	63-C71_contig00001	99.315	292	2	0	1	292	641906	642781	0.0	601
WP_003120545.1	59-C54_contig00007	99.315	292	2	0	1	292	211131	212006	0.0	601
WP_003120545.1	56-C43_contig00015	99.315	292	2	0	1	292	23768	24643	0.0	601
WP_003120545.1	49-C69_contig00003	99.315	292	2	0	1	292	418744	417869	0.0	601
WP_003120545.1	42-B62_contig00001	99.315	292	2	0	1	292	271860	270985	0.0	601
WP_003120545.1	41-B37_contig00001	99.315	292	2	0	1	292	642571	643446	0.0	601
WP_003120545.1	38-B3_contig00006	99.315	292	2	0	1	292	282401	281526	0.0	601
WP_003120545.1	27-C85_contig00023	99.658	292	1	0	1	292	19212	20087	0.0	601
WP_003120545.1	21-C78_contig00001	99.315	292	2	0	1	292	590234	589359	0.0	601
WP_003120545.1	19-C120_contig00006	99.315	292	2	0	1	292	25883	26758	0.0	601
WP_003120545.1	16-C45_contig00013	99.315	292	2	0	1	292	71793	70918	0.0	601
WP_003120545.1	15-C44_contig00018	99.315	292	2	0	1	292	71793	70918	0.0	601
WP_003120545.1	13-C149_contig00001	99.315	292	2	0	1	292	327836	326961	0.0	601
WP_003120545.1	9-C17_contig00002	99.315	292	2	0	1	292	301016	301891	0.0	601
WP_003120545.1	8-C15_contig00007	99.315	292	2	0	1	292	247562	246687	0.0	601
WP_003120545.1	79-A106_contig00004	99.315	292	2	0	1	292	274170	273295	0.0	601
WP_003120545.1	77-A97_contig00006	99.315	292	2	0	1	292	18150	19025	0.0	601
WP_003120545.1	76-A95_contig00005	99.315	292	2	0	1	292	14127	15002	0.0	601
WP_003120545.1	75-A92_contig00026	99.315	292	2	0	1	292	55750	54875	0.0	601
WP_003120545.1	74-A91_contig00032	99.315	292	2	0	1	292	55744	54869	0.0	601
WP_003120545.1	73-A90_contig00030	99.315	292	2	0	1	292	43880	43005	0.0	601
WP_003120545.1	72-C16_contig00002	99.315	292	2	0	1	292	247560	246685	0.0	601
WP_003120545.1	72-A86_contig00004	99.315	292	2	0	1	292	19272	20147	0.0	601
WP_003120545.1	71-A85_contig00001	99.315	292	2	0	1	292	431160	430285	0.0	601
WP_003120545.1	7-C88_contig00001	99.315	292	2	0	1	292	598608	597733	0.0	601
WP_003120545.1	7-C14_contig00026	99.315	292	2	0	1	292	17840	18715	0.0	601
WP_003120545.1	68-A80_contig00004	99.315	292	2	0	1	292	274170	273295	0.0	601
WP_003120545.1	66-A77_contig00009	99.315	292	2	0	1	292	19240	20115	0.0	601
WP_003120545.1	6-C13_contig00028	99.315	292	2	0	1	292	47239	46364	0.0	601
WP_003120545.1	50-C23_contig00001	99.315	292	2	0	1	292	253020	252145	0.0	601
WP_003120545.1	5-C82_contig00003	99.315	292	2	0	1	292	637235	638110	0.0	601
WP_003120545.1	48-C66_contig00005	99.315	292	2	0	1	292	313587	314462	0.0	601
WP_003120545.1	47-C63_contig00002	99.315	292	2	0	1	292	300809	301684	0.0	601
WP_003120545.1	37-C61_contig00002	99.315	292	2	0	1	292	359887	359012	0.0	601
WP_003120545.1	34-C103_contig00003	99.315	292	2	0	1	292	308067	308942	0.0	601
WP_003120545.1	33-C101_contig00021	99.315	292	2	0	1	292	19239	20114	0.0	601
WP_003120545.1	27-A2_contig00001	99.315	292	2	0	1	292	755490	756365	0.0	601
WP_003120545.1	26-C84_contig00004	99.315	292	2	0	1	292	75944	75069	0.0	601
WP_003120545.1	25-C83_contig00023	99.315	292	2	0	1	292	75943	75068	0.0	601
WP_003120545.1	24-C81_contig00031	99.315	292	2	0	1	292	61044	60169	0.0	601
WP_003120545.1	23-C80_contig00005	99.315	292	2	0	1	292	75944	75069	0.0	601
WP_003120545.1	22-C79_contig00002	99.315	292	2	0	1	292	762803	763678	0.0	601
WP_003120545.1	20-C68_contig00005	99.315	292	2	0	1	292	313587	314462	0.0	601
WP_003120545.1	20-C123_contig00002	99.315	292	2	0	1	292	247544	246669	0.0	601
WP_003120545.1	19-C67_contig00007	99.315	292	2	0	1	292	264349	263474	0.0	601
WP_003120545.1	18-C65_contig00006	99.315	292	2	0	1	292	19145	20020	0.0	601
WP_003120545.1	17-C64_contig00002	99.315	292	2	0	1	292	313587	314462	0.0	601
WP_003120545.1	17-C102_contig00002	99.315	292	2	0	1	292	475226	476101	0.0	601
WP_003120545.1	11-C22_contig00007	99.315	292	2	0	1	292	14129	15004	0.0	601
WP_003120545.1	10-C21_contig00001	99.315	292	2	0	1	292	249463	248588	0.0	601
WP_003120545.1	65-C74_contig00003	99.315	292	2	0	1	292	327282	326407	0.0	600
WP_003120545.1	46-B199_contig00010	99.315	292	2	0	1	292	68424	67549	0.0	600
WP_003120545.1	18-C119_contig00026	99.315	292	2	0	1	292	68424	67549	0.0	600
WP_003120545.1	71-C11_contig00005	98.973	292	3	0	1	292	82566	81691	0.0	600
WP_003120545.1	5-C12_contig00057	98.973	292	3	0	1	292	11746	12621	0.0	600
WP_003120545.1	57-C49_contig00006	99.315	292	2	0	1	292	276842	275967	0.0	599
WP_003120545.1	47-C148_contig00004	99.315	292	2	0	1	292	19236	20111	0.0	599
WP_003120545.1	46-C146_contig00001	99.315	292	2	0	1	292	475279	476154	0.0	599
WP_003120545.1	14-C94_contig00007	99.315	292	2	0	1	292	550613	549738	0.0	599
WP_003120545.1	12-C147_contig00001	99.315	292	2	0	1	292	762242	761367	0.0	599
WP_003120545.1	44-C143_contig03007	99.623	265	1	0	1	265	85	879	0.0	545
WP_003120545.1	80-A107_contig02258	98.246	171	3	0	39	209	513	1	2.26e-122	350
WP_003120545.1	80-A107_contig02358	100.000	91	0	0	1	91	273	1	2.38e-57	184
WP_003116566.1	96-A163_contig00072	100.000	169	0	0	1	169	3248	3754	1.48e-104	333
WP_003116566.1	16-C45_contig00045	100.000	169	0	0	1	169	25801	25295	1.49e-104	333
WP_003116566.1	15-C44_contig00041	100.000	169	0	0	1	169	25801	25295	1.49e-104	333
WP_003116566.1	56-C43_contig00049	100.000	169	0	0	1	169	25809	25303	1.49e-104	333
WP_003116566.1	18-C65_contig00013	100.000	169	0	0	1	169	85681	85175	1.50e-104	333
WP_003116566.1	92-C160_contig00006	100.000	169	0	0	1	169	263194	262688	1.50e-104	333
WP_003116566.1	61-C151_contig00004	100.000	169	0	0	1	169	90447	90953	1.50e-104	333
WP_003116566.1	94-C164_contig00005	100.000	169	0	0	1	169	301384	300878	1.50e-104	333
WP_003116566.1	63-C71_contig00007	100.000	169	0	0	1	169	303500	302994	1.50e-104	333
WP_003116566.1	57-C49_contig00004	100.000	169	0	0	1	169	4510	5016	1.50e-104	333
WP_003116566.1	30-A36_contig00003	100.000	169	0	0	1	169	82149	82655	1.50e-104	333
WP_003116566.1	17-C64_contig00006	100.000	169	0	0	1	169	346444	345938	1.50e-104	333
WP_003116566.1	19-C67_contig00003	100.000	169	0	0	1	169	129983	130489	1.50e-104	333
WP_003116566.1	43-C129_contig00003	100.000	169	0	0	1	169	267185	267691	1.50e-104	333
WP_003116566.1	13-C149_contig00002	100.000	169	0	0	1	169	311472	310966	1.50e-104	333
WP_003116566.1	88-C117_contig00003	100.000	169	0	0	1	169	306724	306218	1.50e-104	333
WP_003116566.1	78-C141_contig00001	100.000	169	0	0	1	169	303505	302999	1.50e-104	333
WP_003116566.1	77-C139_contig00001	100.000	169	0	0	1	169	303505	302999	1.50e-104	333
WP_003116566.1	42-B62_contig00002	100.000	169	0	0	1	169	456538	457044	1.50e-104	333
WP_003116566.1	69-C7_contig00002	100.000	169	0	0	1	169	260334	259828	1.50e-104	333
WP_003116566.1	68-C6_contig00002	100.000	169	0	0	1	169	303528	303022	1.50e-104	333
WP_003116566.1	75-C135_contig00002	100.000	169	0	0	1	169	501521	502027	1.50e-104	333
WP_003116566.1	22-C128_contig00004	100.000	169	0	0	1	169	383079	383585	1.50e-104	333
WP_003116566.1	42-C127_contig00003	100.000	169	0	0	1	169	382035	381529	1.50e-104	333
WP_003116566.1	74-C20_contig00002	100.000	169	0	0	1	169	346332	345826	1.50e-104	333
WP_003116566.1	38-C116_contig00002	100.000	169	0	0	1	169	400084	399578	1.50e-104	333
WP_003116566.1	47-C148_contig00001	100.000	169	0	0	1	169	260134	259628	1.50e-104	333
WP_003116566.1	46-C146_contig00002	100.000	169	0	0	1	169	260143	259637	1.50e-104	333
WP_003116566.1	14-C94_contig00004	100.000	169	0	0	1	169	540968	541474	1.50e-104	333
WP_003116566.1	39-C118_contig00001	100.000	169	0	0	1	169	415711	416217	1.50e-104	333
WP_003116566.1	12-C147_contig00002	100.000	169	0	0	1	169	343025	342519	1.50e-104	333
WP_003116566.1	58-C51_contig00002	100.000	169	0	0	1	169	82044	82550	1.50e-104	333
WP_003116566.1	48-C66_contig00002	100.000	169	0	0	1	169	823961	823455	1.50e-104	333
WP_003116566.1	44-B114_contig00002	100.000	169	0	0	1	169	547639	548145	1.50e-104	333
WP_003116566.1	20-C68_contig00002	100.000	169	0	0	1	169	823961	823455	1.50e-104	333
WP_003116566.1	38-B3_contig00005	100.000	169	0	0	1	169	400231	400737	1.82e-104	333
WP_003116566.1	41-C126_contig00297	99.408	169	1	0	1	169	794	288	2.18e-104	332
WP_003116566.1	21-C124_contig00068	99.408	169	1	0	1	169	24126	24632	2.51e-104	332
WP_003116566.1	85-A130_contig00037	99.408	169	1	0	1	169	4194	3688	2.66e-104	332
WP_003116566.1	24-C81_contig00041	99.408	169	1	0	1	169	22193	21687	2.67e-104	332
WP_003116566.1	25-C83_contig00016	99.408	169	1	0	1	169	85582	85076	2.67e-104	332
WP_003116566.1	18-C119_contig00013	99.408	169	1	0	1	169	147629	148135	2.68e-104	332
WP_003116566.1	46-B199_contig00019	99.408	169	1	0	1	169	70162	69656	2.68e-104	332
WP_003116566.1	94-A154_contig00001	99.408	169	1	0	1	169	125446	125952	2.68e-104	332
WP_003116566.1	93-A151_contig00001	99.408	169	1	0	1	169	134626	134120	2.68e-104	332
WP_003116566.1	95-A156_contig00001	99.408	169	1	0	1	169	125446	125952	2.68e-104	332
WP_003116566.1	92-A148_contig00003	99.408	169	1	0	1	169	125446	125952	2.68e-104	332
WP_003116566.1	86-A134_contig00001	99.408	169	1	0	1	169	134672	134166	2.68e-104	332
WP_003116566.1	84-A126_contig00001	99.408	169	1	0	1	169	151400	150894	2.68e-104	332
WP_003116566.1	89-A141_contig00001	99.408	169	1	0	1	169	125446	125952	2.68e-104	332
WP_003116566.1	91-A147_contig00002	99.408	169	1	0	1	169	198016	197510	2.68e-104	332
WP_003116566.1	81-A119_contig00003	99.408	169	1	0	1	169	125446	125952	2.68e-104	332
WP_003116566.1	83-A123_contig00004	99.408	169	1	0	1	169	198083	197577	2.68e-104	332
WP_003116566.1	82-A122_contig00003	99.408	169	1	0	1	169	125446	125952	2.68e-104	332
WP_003116566.1	26-C84_contig00002	99.408	169	1	0	1	169	511409	510903	2.68e-104	332
WP_003116566.1	23-C80_contig00003	99.408	169	1	0	1	169	512908	512402	2.68e-104	332
WP_003116566.1	90-A144_contig00001	99.408	169	1	0	1	169	125446	125952	2.68e-104	332
WP_003116566.1	87-A137_contig00001	99.408	169	1	0	1	169	461095	460589	2.68e-104	332
WP_003116566.1	5-C82_contig00001	99.408	169	1	0	1	169	731432	730926	2.68e-104	332
WP_003116566.1	37-C61_contig00001	99.408	169	1	0	1	169	136907	137413	2.68e-104	332
WP_003116566.1	22-C79_contig00001	99.408	169	1	0	1	169	142005	142511	2.68e-104	332
WP_003116566.1	30-C97_contig00014	99.408	169	1	0	1	169	85631	85125	2.92e-104	332
WP_003116566.1	45-C144_contig00001	99.408	169	1	0	1	169	262076	261570	2.92e-104	332
WP_003116566.1	9-C91_contig00004	99.408	169	1	0	1	169	304630	304124	2.92e-104	332
WP_003116566.1	32-C99_contig00005	99.408	169	1	0	1	169	260369	259863	2.92e-104	332
WP_003116566.1	24-C133_contig00005	99.408	169	1	0	1	169	260374	259868	2.92e-104	332
WP_003116566.1	29-C95_contig00004	99.408	169	1	0	1	169	260398	259892	2.92e-104	332
WP_003116566.1	25-C134_contig00002	99.408	169	1	0	1	169	126885	127391	2.92e-104	332
WP_003116566.1	11-C145_contig00004	99.408	169	1	0	1	169	126888	127394	2.92e-104	332
WP_003116566.1	54-C36_contig00003	99.408	169	1	0	1	169	367383	366877	2.92e-104	332
WP_003116566.1	31-C98_contig00003	99.408	169	1	0	1	169	126887	127393	2.92e-104	332
WP_003116566.1	15-C96_contig00002	99.408	169	1	0	1	169	399675	399169	2.92e-104	332
WP_003116566.1	3-C76_contig00001	99.408	169	1	0	1	169	304630	304124	2.92e-104	332
WP_003116566.1	51-C25_contig00001	99.408	169	1	0	1	169	366382	366888	2.92e-104	332
WP_003116566.1	66-C2_contig00002	99.408	169	1	0	1	169	260334	259828	2.92e-104	332
WP_003116566.1	23-C131_contig00001	99.408	169	1	0	1	169	450578	451084	2.92e-104	332
WP_003116566.1	82-C107_contig00001	99.408	169	1	0	1	169	344314	343808	2.92e-104	332
WP_003116566.1	39-B16_contig00001	99.408	169	1	0	1	169	481696	482202	2.92e-104	332
WP_003116566.1	40-C125_contig00001	99.408	169	1	0	1	169	370211	369705	2.92e-104	332
WP_003116566.1	60-C150_contig00001	99.408	169	1	0	1	169	399676	399170	2.92e-104	332
WP_003116566.1	11-C22_contig00017	99.408	169	1	0	1	169	85548	85042	3.00e-104	332
WP_003116566.1	50-C23_contig00007	99.408	169	1	0	1	169	28949	29455	3.01e-104	332
WP_003116566.1	10-C21_contig00002	99.408	169	1	0	1	169	303446	302940	3.01e-104	332
WP_003116566.1	49-C69_contig00004	99.408	169	1	0	1	169	369036	368530	3.13e-104	332
WP_003116566.1	55-C42_contig00003	99.408	169	1	0	1	169	260365	259859	3.13e-104	332
WP_003116566.1	27-A2_contig00003	99.408	169	1	0	1	169	304620	304114	4.65e-104	332
WP_003116566.1	1-C3_contig00018	99.408	169	1	0	1	169	22215	21709	5.79e-104	331
WP_003116566.1	5-C12_contig00017	99.408	169	1	0	1	169	80239	80745	5.79e-104	331
WP_003116566.1	2-C4_contig00023	99.408	169	1	0	1	169	78335	77829	5.79e-104	331
WP_003116566.1	71-C11_contig00016	99.408	169	1	0	1	169	2555	2049	5.80e-104	331
WP_003116566.1	49-A4_contig00010	99.408	169	1	0	1	169	78376	77870	5.80e-104	331
WP_003116566.1	48-A3_contig00010	99.408	169	1	0	1	169	78411	77905	5.80e-104	331
WP_003116566.1	50-A5_contig00004	99.408	169	1	0	1	169	260329	259823	5.81e-104	331
WP_003116566.1	79-C142_contig00002	99.408	169	1	0	1	169	384336	384842	5.81e-104	331
WP_003116566.1	19-C120_contig00005	99.408	169	1	0	1	169	120367	119861	5.81e-104	331
WP_003116566.1	91-C159_contig00003	99.408	169	1	0	1	169	303559	303053	5.81e-104	331
WP_003116566.1	89-C156_contig00004	99.408	169	1	0	1	169	343240	342734	5.81e-104	331
WP_003116566.1	52-C29_contig00003	99.408	169	1	0	1	169	77921	77415	5.81e-104	331
WP_003116566.1	53-C30_contig00003	99.408	169	1	0	1	169	548108	548614	5.81e-104	331
WP_003116566.1	65-C74_contig00002	99.408	169	1	0	1	169	454792	455298	5.81e-104	331
WP_003116566.1	10-C92_contig00002	99.408	169	1	0	1	169	519607	520113	5.81e-104	331
WP_003116566.1	67-C5_contig00003	99.408	169	1	0	1	169	303560	303054	5.81e-104	331
WP_003116566.1	2-C155_contig00002	99.408	169	1	0	1	169	504718	505224	5.81e-104	331
WP_003116566.1	76-C137_contig00002	99.408	169	1	0	1	169	425874	425368	5.81e-104	331
WP_003116566.1	95-C167_contig00006	99.408	169	1	0	1	169	304574	304068	7.12e-104	331
WP_003116566.1	6-C13_contig00031	99.408	169	1	0	1	169	22239	21733	7.81e-104	331
WP_003116566.1	7-C14_contig00016	99.408	169	1	0	1	169	78267	77761	7.83e-104	331
WP_003116566.1	72-C16_contig00008	99.408	169	1	0	1	169	303372	302866	7.84e-104	331
WP_003116566.1	9-C17_contig00008	99.408	169	1	0	1	169	343055	342549	7.84e-104	331
WP_003116566.1	8-C15_contig00006	99.408	169	1	0	1	169	80633	81139	7.84e-104	331
WP_003116566.1	20-C123_contig00004	99.408	169	1	0	1	169	80658	81164	7.84e-104	331
WP_003116566.1	47-C63_contig00003	99.408	169	1	0	1	169	464911	464405	7.84e-104	331
WP_003116566.1	34-C103_contig00004	98.817	169	2	0	1	169	99135	99641	1.50e-103	330
WP_003116566.1	17-C102_contig00005	98.817	169	2	0	1	169	89058	89564	1.50e-103	330
WP_003116566.1	33-C101_contig00001	98.817	169	2	0	1	169	383760	384266	1.50e-103	330
WP_003116566.1	4-C10_contig00291	99.408	169	1	0	1	169	597	91	1.69e-103	330
WP_003116566.1	3-C8_contig00006	99.408	169	1	0	1	169	100136	99630	1.77e-103	330
WP_003116566.1	70-C9_contig00003	99.408	169	1	0	1	169	65806	66312	1.77e-103	330
WP_003116566.1	83-C109_contig00007	98.817	169	2	0	1	169	260303	259797	3.07e-103	329
WP_003116566.1	21-C78_contig00009	98.817	169	2	0	1	169	92371	92877	3.07e-103	329
WP_003116566.1	81-C105_contig00003	98.817	169	2	0	1	169	666798	666292	3.07e-103	329
WP_003116566.1	16-C100_contig00004	98.817	169	2	0	1	169	360775	360269	4.98e-103	328
WP_003116566.1	4-C77_contig00007	98.817	169	2	0	1	169	304655	304149	8.56e-103	328
WP_003116566.1	6-C86_contig00007	98.817	169	2	0	1	169	37255	37761	8.56e-103	328
WP_003116566.1	65-A76_contig00020	98.817	169	2	0	1	169	1934	1428	8.97e-103	328
WP_003116566.1	64-A75_contig00021	98.817	169	2	0	1	169	1934	1428	8.97e-103	328
WP_003116566.1	63-A73_contig00020	98.817	169	2	0	1	169	1933	1427	8.97e-103	328
WP_003116566.1	57-A56_contig00022	98.817	169	2	0	1	169	1934	1428	8.97e-103	328
WP_003116566.1	56-A55_contig00019	98.817	169	2	0	1	169	1933	1427	8.97e-103	328
WP_003116566.1	54-A53_contig00022	98.817	169	2	0	1	169	101428	101934	8.97e-103	328
WP_003116566.1	53-A52_contig00027	98.817	169	2	0	1	169	1933	1427	8.97e-103	328
WP_003116566.1	61-A71_contig00017	98.817	169	2	0	1	169	1934	1428	8.97e-103	328
WP_003116566.1	60-A70_contig00021	98.817	169	2	0	1	169	1933	1427	8.97e-103	328
WP_003116566.1	58-A58_contig00015	98.817	169	2	0	1	169	1934	1428	8.97e-103	328
WP_003116566.1	26-A1_contig00017	98.817	169	2	0	1	169	80118	79612	8.98e-103	328
WP_003116566.1	52-A48_contig00003	98.817	169	2	0	1	169	85272	84766	8.99e-103	328
WP_003116566.1	69-A81_contig00003	98.817	169	2	0	1	169	85649	85143	8.99e-103	328
WP_003116566.1	67-A78_contig00001	98.817	169	2	0	1	169	85606	85100	8.99e-103	328
WP_003116566.1	55-A54_contig00001	98.817	169	2	0	1	169	504443	504949	8.99e-103	328
WP_003116566.1	41-B37_contig00003	98.817	169	2	0	1	169	507161	507667	8.99e-103	328
WP_003116566.1	62-A72_contig00001	98.817	169	2	0	1	169	319104	318598	8.99e-103	328
WP_003116566.1	51-A46_contig00001	98.817	169	2	0	1	169	643887	644393	8.99e-103	328
WP_003116566.1	96-C168_contig00001	98.817	169	2	0	1	169	642579	643085	8.99e-103	328
WP_003116566.1	78-A100_contig00001	98.817	169	2	0	1	169	594149	594655	8.99e-103	328
WP_003116566.1	64-C73_contig00001	98.817	169	2	0	1	169	673317	672811	8.99e-103	328
WP_003116566.1	59-A60_contig00009	98.817	169	2	0	1	169	32486	31980	1.01e-102	328
WP_003116566.1	43-B113_contig00012	98.225	169	3	0	1	169	137403	136897	1.16e-102	327
WP_003116566.1	70-A82_contig00001	98.817	169	2	0	1	169	225789	225283	1.25e-102	327
WP_003116566.1	44-C143_contig03863	100.000	135	0	0	1	135	407	3	8.52e-89	263
WP_003109228.1	44-C143_contig01372	100.000	202	0	0	1	202	981	1586	2.68e-127	372
WP_003109228.1	44-B114_contig00001	100.000	204	0	0	1	204	749891	750502	5.75e-120	378
WP_003109228.1	15-C44_contig00018	100.000	204	0	0	1	204	72404	71793	9.57e-120	378
WP_003109228.1	16-C45_contig00013	100.000	204	0	0	1	204	72404	71793	9.57e-120	378
WP_003109228.1	56-C43_contig00015	100.000	204	0	0	1	204	23157	23768	9.57e-120	378
WP_003109228.1	13-C149_contig00001	100.000	204	0	0	1	204	328447	327836	9.61e-120	378
WP_003109228.1	74-C20_contig00001	100.000	204	0	0	1	204	329989	329378	9.70e-120	378
WP_003109228.1	5-C12_contig00057	100.000	204	0	0	1	204	11135	11746	1.04e-119	377
WP_003109228.1	59-C54_contig00007	100.000	204	0	0	1	204	210520	211131	1.05e-119	377
WP_003109228.1	19-C67_contig00007	100.000	204	0	0	1	204	264960	264349	1.05e-119	377
WP_003109228.1	18-C65_contig00006	100.000	204	0	0	1	204	18534	19145	1.05e-119	377
WP_003109228.1	71-C11_contig00005	100.000	204	0	0	1	204	83177	82566	1.05e-119	377
WP_003109228.1	48-C66_contig00005	100.000	204	0	0	1	204	312976	313587	1.05e-119	377
WP_003109228.1	20-C68_contig00005	100.000	204	0	0	1	204	312976	313587	1.05e-119	377
WP_003109228.1	17-C64_contig00002	100.000	204	0	0	1	204	312976	313587	1.05e-119	377
WP_003109228.1	22-C128_contig00001	100.000	204	0	0	1	204	746302	746913	1.05e-119	377
WP_003109228.1	42-B62_contig00001	100.000	204	0	0	1	204	272471	271860	1.05e-119	377
WP_003109228.1	42-C127_contig00001	100.000	204	0	0	1	204	617535	618146	1.05e-119	377
WP_003109228.1	6-C13_contig00028	99.510	204	1	0	1	204	47850	47239	1.22e-119	377
WP_003109228.1	7-C14_contig00026	99.510	204	1	0	1	204	17229	17840	1.22e-119	377
WP_003109228.1	8-C15_contig00007	99.510	204	1	0	1	204	248173	247562	1.22e-119	377
WP_003109228.1	20-C123_contig00002	99.510	204	1	0	1	204	248155	247544	1.22e-119	377
WP_003109228.1	47-C63_contig00002	99.510	204	1	0	1	204	300198	300809	1.22e-119	377
WP_003109228.1	9-C17_contig00002	99.510	204	1	0	1	204	300405	301016	1.22e-119	377
WP_003109228.1	72-C16_contig00002	99.510	204	1	0	1	204	248171	247560	1.22e-119	377
WP_003109228.1	39-C118_contig00004	99.510	204	1	0	1	204	595485	594874	1.57e-119	377
WP_003109228.1	88-C117_contig00001	99.510	204	1	0	1	204	610130	610741	1.57e-119	377
WP_003109228.1	38-C116_contig00001	99.510	204	1	0	1	204	610723	611334	1.57e-119	377
WP_003109228.1	94-C164_contig00001	99.510	204	1	0	1	204	427505	426894	1.57e-119	377
WP_003109228.1	43-C129_contig00001	99.510	204	1	0	1	204	737472	738083	1.57e-119	377
WP_003109228.1	73-A90_contig00030	99.510	204	1	0	1	204	44491	43880	1.79e-119	377
WP_003109228.1	74-A91_contig00032	99.510	204	1	0	1	204	56355	55744	1.79e-119	377
WP_003109228.1	75-A92_contig00026	99.510	204	1	0	1	204	56361	55750	1.79e-119	377
WP_003109228.1	76-A95_contig00005	99.510	204	1	0	1	204	13516	14127	1.80e-119	377
WP_003109228.1	79-A106_contig00004	99.510	204	1	0	1	204	274781	274170	1.80e-119	377
WP_003109228.1	77-A97_contig00006	99.510	204	1	0	1	204	17539	18150	1.80e-119	377
WP_003109228.1	66-A77_contig00009	99.510	204	1	0	1	204	18629	19240	1.80e-119	377
WP_003109228.1	72-A86_contig00004	99.510	204	1	0	1	204	18661	19272	1.80e-119	377
WP_003109228.1	68-A80_contig00004	99.510	204	1	0	1	204	274781	274170	1.80e-119	377
WP_003109228.1	71-A85_contig00001	99.510	204	1	0	1	204	431771	431160	1.80e-119	377
WP_003109228.1	38-B3_contig00006	99.510	204	1	0	1	204	283012	282401	1.85e-119	377
WP_003109228.1	41-C126_contig00196	100.000	204	0	0	1	204	4824	4213	2.42e-119	376
WP_003109228.1	30-C97_contig00035	100.000	204	0	0	1	204	13564	12953	2.60e-119	376
WP_003109228.1	45-C144_contig00032	100.000	204	0	0	1	204	5190	5801	2.62e-119	376
WP_003109228.1	3-C76_contig00018	100.000	204	0	0	1	204	115768	116379	2.62e-119	376
WP_003109228.1	40-C125_contig00007	100.000	204	0	0	1	204	227981	228592	2.62e-119	376
WP_003109228.1	31-C98_contig00006	100.000	204	0	0	1	204	228007	228618	2.63e-119	376
WP_003109228.1	9-C91_contig00005	100.000	204	0	0	1	204	315074	315685	2.63e-119	376
WP_003109228.1	24-C133_contig00006	100.000	204	0	0	1	204	316836	317447	2.63e-119	376
WP_003109228.1	54-C36_contig00005	100.000	204	0	0	1	204	316835	317446	2.63e-119	376
WP_003109228.1	82-C107_contig00007	100.000	204	0	0	1	204	32166	31555	2.63e-119	376
WP_003109228.1	25-C134_contig00006	100.000	204	0	0	1	204	32246	31635	2.63e-119	376
WP_003109228.1	32-C99_contig00004	100.000	204	0	0	1	204	71545	70934	2.63e-119	376
WP_003109228.1	15-C96_contig00005	100.000	204	0	0	1	204	316835	317446	2.63e-119	376
WP_003109228.1	29-C95_contig00003	100.000	204	0	0	1	204	71545	70934	2.63e-119	376
WP_003109228.1	23-C131_contig00007	100.000	204	0	0	1	204	316835	317446	2.63e-119	376
WP_003109228.1	60-C150_contig00004	100.000	204	0	0	1	204	259907	259296	2.63e-119	376
WP_003109228.1	66-C2_contig00003	100.000	204	0	0	1	204	270571	269960	2.63e-119	376
WP_003109228.1	11-C145_contig00002	100.000	204	0	0	1	204	316835	317446	2.63e-119	376
WP_003109228.1	51-C25_contig00004	100.000	204	0	0	1	204	316835	317446	2.63e-119	376
WP_003109228.1	39-B16_contig00002	100.000	204	0	0	1	204	316823	317434	2.63e-119	376
WP_003109228.1	55-C42_contig00002	100.000	204	0	0	1	204	356217	355606	2.63e-119	376
WP_003109228.1	65-C74_contig00003	99.510	204	1	0	1	204	327893	327282	2.70e-119	376
WP_003109228.1	19-C120_contig00006	99.510	204	1	0	1	204	25272	25883	3.38e-119	376
WP_003109228.1	1-C3_contig00024	99.510	204	1	0	1	204	12334	12945	3.63e-119	376
WP_003109228.1	2-C4_contig00001	99.510	204	1	0	1	204	372345	371734	3.65e-119	376
WP_003109228.1	91-C159_contig00001	99.510	204	1	0	1	204	619433	620044	3.65e-119	376
WP_003109228.1	76-C137_contig00001	99.510	204	1	0	1	204	331630	331019	3.65e-119	376
WP_003109228.1	67-C5_contig00002	99.510	204	1	0	1	204	331630	331019	3.65e-119	376
WP_003109228.1	89-C156_contig00001	99.510	204	1	0	1	204	744184	744795	3.65e-119	376
WP_003109228.1	33-C101_contig00021	99.510	204	1	0	1	204	18628	19239	3.67e-119	376
WP_003109228.1	34-C103_contig00003	99.510	204	1	0	1	204	307456	308067	3.68e-119	376
WP_003109228.1	33-C57_contig00003	99.510	204	1	0	1	204	74410	73799	3.68e-119	376
WP_003109228.1	17-C102_contig00002	99.510	204	1	0	1	204	474615	475226	3.69e-119	376
WP_003109228.1	34-C58_contig00001	99.510	204	1	0	1	204	74409	73798	3.69e-119	376
WP_003109228.1	36-C60_contig00001	99.510	204	1	0	1	204	626008	626619	3.69e-119	376
WP_003109228.1	32-C56_contig00002	99.510	204	1	0	1	204	74617	74006	3.69e-119	376
WP_003109228.1	31-C55_contig00002	99.510	204	1	0	1	204	626008	626619	3.69e-119	376
WP_003109228.1	35-C59_contig00001	99.510	204	1	0	1	204	74409	73798	3.69e-119	376
WP_003109228.1	16-C100_contig00002	99.510	204	1	0	1	204	308872	309483	3.83e-119	376
WP_003109228.1	83-C109_contig00002	99.510	204	1	0	1	204	300243	300854	3.83e-119	376
WP_003109228.1	81-C105_contig00001	99.510	204	1	0	1	204	590845	590234	3.83e-119	376
WP_003109228.1	21-C78_contig00001	99.510	204	1	0	1	204	590845	590234	3.83e-119	376
WP_003109228.1	63-C71_contig00001	99.510	204	1	0	1	204	641295	641906	3.87e-119	376
WP_003109228.1	85-A130_contig00020	99.510	204	1	0	1	204	44284	43673	4.90e-119	375
WP_003109228.1	86-A134_contig00024	99.510	204	1	0	1	204	17223	17834	4.90e-119	375
WP_003109228.1	93-A151_contig00035	99.510	204	1	0	1	204	17224	17835	4.90e-119	375
WP_003109228.1	95-A156_contig00033	99.510	204	1	0	1	204	44305	43694	4.90e-119	375
WP_003109228.1	84-A126_contig00019	99.510	204	1	0	1	204	52774	52163	4.91e-119	375
WP_003109228.1	94-A154_contig00024	99.510	204	1	0	1	204	17258	17869	4.91e-119	375
WP_003109228.1	89-A141_contig00004	99.510	204	1	0	1	204	17259	17870	4.92e-119	375
WP_003109228.1	92-A148_contig00002	99.510	204	1	0	1	204	17237	17848	4.92e-119	375
WP_003109228.1	91-A147_contig00003	99.510	204	1	0	1	204	271704	271093	4.92e-119	375
WP_003109228.1	90-A144_contig00006	99.510	204	1	0	1	204	271704	271093	4.92e-119	375
WP_003109228.1	82-A122_contig00004	99.510	204	1	0	1	204	22212	22823	4.92e-119	375
WP_003109228.1	83-A123_contig00006	99.510	204	1	0	1	204	271704	271093	4.92e-119	375
WP_003109228.1	81-A119_contig00004	99.510	204	1	0	1	204	271704	271093	4.92e-119	375
WP_003109228.1	87-A137_contig00002	99.510	204	1	0	1	204	271709	271098	4.93e-119	375
WP_003109228.1	30-A36_contig00001	99.020	204	2	0	1	204	581483	580872	5.32e-119	375
WP_003109228.1	58-C51_contig00001	99.020	204	2	0	1	204	318953	318342	5.32e-119	375
WP_003109228.1	11-C22_contig00007	99.020	204	2	0	1	204	13518	14129	6.58e-119	375
WP_003109228.1	10-C21_contig00001	99.020	204	2	0	1	204	250074	249463	6.59e-119	375
WP_003109228.1	50-C23_contig00001	99.020	204	2	0	1	204	253631	253020	6.59e-119	375
WP_003109228.1	96-A163_contig00306	99.020	204	2	0	1	204	471	1082	6.75e-119	375
WP_003109228.1	75-C135_contig00001	99.510	204	1	0	1	204	322120	321509	9.70e-119	375
WP_003109228.1	92-C160_contig00007	99.510	204	1	0	1	204	30299	29688	1.06e-118	375
WP_003109228.1	61-C151_contig00005	99.510	204	1	0	1	204	294902	295513	1.06e-118	375
WP_003109228.1	93-C161_contig00003	99.510	204	1	0	1	204	232812	233423	1.06e-118	375
WP_003109228.1	2-C155_contig00003	99.510	204	1	0	1	204	329646	329035	1.06e-118	375
WP_003109228.1	8-C89_contig00001	99.510	204	1	0	1	204	771514	772125	1.06e-118	375
WP_003109228.1	24-C81_contig00031	99.510	204	1	0	1	204	61655	61044	1.12e-118	375
WP_003109228.1	25-C83_contig00023	99.510	204	1	0	1	204	76554	75943	1.12e-118	375
WP_003109228.1	23-C80_contig00005	99.510	204	1	0	1	204	76555	75944	1.12e-118	375
WP_003109228.1	26-C84_contig00004	99.510	204	1	0	1	204	76555	75944	1.12e-118	375
WP_003109228.1	37-C61_contig00002	99.510	204	1	0	1	204	360498	359887	1.12e-118	375
WP_003109228.1	5-C82_contig00003	99.510	204	1	0	1	204	636624	637235	1.12e-118	375
WP_003109228.1	22-C79_contig00002	99.510	204	1	0	1	204	762192	762803	1.12e-118	375
WP_003109228.1	18-C119_contig00026	99.510	204	1	0	1	204	69035	68424	1.15e-118	375
WP_003109228.1	46-B199_contig00010	99.510	204	1	0	1	204	69035	68424	1.15e-118	375
WP_003109228.1	59-A60_contig00117	99.510	204	1	0	1	204	6347	5736	1.25e-118	374
WP_003109228.1	52-A48_contig00045	99.510	204	1	0	1	204	28961	28350	1.26e-118	374
WP_003109228.1	55-A54_contig00041	99.510	204	1	0	1	204	13545	14156	1.26e-118	374
WP_003109228.1	51-A46_contig00030	99.510	204	1	0	1	204	28961	28350	1.26e-118	374
WP_003109228.1	60-A70_contig00032	99.510	204	1	0	1	204	58127	57516	1.27e-118	374
WP_003109228.1	61-A71_contig00034	99.510	204	1	0	1	204	13509	14120	1.27e-118	374
WP_003109228.1	56-A55_contig00012	99.510	204	1	0	1	204	18623	19234	1.27e-118	374
WP_003109228.1	67-A78_contig00008	99.510	204	1	0	1	204	17582	18193	1.27e-118	374
WP_003109228.1	64-A75_contig00009	99.510	204	1	0	1	204	281701	281090	1.27e-118	374
WP_003109228.1	62-A72_contig00005	99.510	204	1	0	1	204	28961	28350	1.27e-118	374
WP_003109228.1	63-A73_contig00007	99.510	204	1	0	1	204	353813	353202	1.27e-118	374
WP_003109228.1	78-A100_contig00007	99.510	204	1	0	1	204	277684	277073	1.27e-118	374
WP_003109228.1	70-A82_contig00002	99.510	204	1	0	1	204	324211	324822	1.27e-118	374
WP_003109228.1	57-A56_contig00002	99.510	204	1	0	1	204	281918	281307	1.27e-118	374
WP_003109228.1	53-A52_contig00001	99.510	204	1	0	1	204	17530	18141	1.27e-118	374
WP_003109228.1	69-A81_contig00001	99.510	204	1	0	1	204	704904	704293	1.27e-118	374
WP_003109228.1	54-A53_contig00001	99.510	204	1	0	1	204	705448	704837	1.27e-118	374
WP_003109228.1	58-A58_contig00001	99.510	204	1	0	1	204	281918	281307	1.27e-118	374
WP_003109228.1	64-C73_contig00002	99.510	204	1	0	1	204	600606	601217	1.27e-118	374
WP_003109228.1	96-C168_contig00002	99.510	204	1	0	1	204	274427	273816	1.27e-118	374
WP_003109228.1	65-A76_contig00001	99.510	204	1	0	1	204	705392	704781	1.27e-118	374
WP_003109228.1	26-A1_contig00001	99.510	204	1	0	1	204	354005	353394	1.27e-118	374
WP_003109228.1	28-C87_contig00046	99.020	204	2	0	1	204	6372	5761	1.33e-118	374
WP_003109228.1	12-C31_contig00029	99.020	204	2	0	1	204	11134	11745	1.33e-118	374
WP_003109228.1	36-C108_contig00031	99.020	204	2	0	1	204	47812	47201	1.33e-118	374
WP_003109228.1	13-C32_contig00028	99.020	204	2	0	1	204	13513	14124	1.33e-118	374
WP_003109228.1	35-C106_contig00027	99.020	204	2	0	1	204	72296	71685	1.33e-118	374
WP_003109228.1	27-C85_contig00023	99.020	204	2	0	1	204	18601	19212	1.33e-118	374
WP_003109228.1	90-C158_contig00010	99.020	204	2	0	1	204	54384	53773	1.33e-118	374
WP_003109228.1	62-C153_contig00010	99.020	204	2	0	1	204	54384	53773	1.33e-118	374
WP_003109228.1	14-C33_contig00012	99.020	204	2	0	1	204	141104	141715	1.33e-118	374
WP_003109228.1	87-C114_contig00011	99.020	204	2	0	1	204	72304	71693	1.33e-118	374
WP_003109228.1	73-C18_contig00010	99.020	204	2	0	1	204	72423	71812	1.33e-118	374
WP_003109228.1	80-C104_contig00009	99.020	204	2	0	1	204	72296	71685	1.33e-118	374
WP_003109228.1	85-C111_contig00009	99.020	204	2	0	1	204	121946	121335	1.33e-118	374
WP_003109228.1	86-C112_contig00007	99.020	204	2	0	1	204	121946	121335	1.33e-118	374
WP_003109228.1	28-A12_contig00004	99.020	204	2	0	1	204	300769	300158	1.33e-118	374
WP_003109228.1	37-C115_contig00001	99.020	204	2	0	1	204	575126	574515	1.33e-118	374
WP_003109228.1	40-B34_contig00003	99.020	204	2	0	1	204	372933	372322	1.33e-118	374
WP_003109228.1	84-C110_contig00002	99.020	204	2	0	1	204	706362	706973	1.33e-118	374
WP_003109228.1	49-C69_contig00003	99.020	204	2	0	1	204	419355	418744	1.65e-118	374
WP_003109228.1	78-C141_contig00003	99.510	204	1	0	1	204	232530	231919	1.72e-118	374
WP_003109228.1	77-C139_contig00003	99.510	204	1	0	1	204	232530	231919	1.72e-118	374
WP_003109228.1	4-C77_contig00004	99.020	204	2	0	1	204	84648	84037	2.32e-118	374
WP_003109228.1	6-C86_contig00002	99.020	204	2	0	1	204	84648	84037	2.32e-118	374
WP_003109228.1	95-C167_contig00001	99.020	204	2	0	1	204	612673	613284	2.32e-118	374
WP_003109228.1	4-C10_contig00309	99.020	204	2	0	1	204	6139	5528	2.86e-118	373
WP_003109228.1	49-A4_contig00014	99.020	204	2	0	1	204	116037	115426	2.89e-118	374
WP_003109228.1	48-A3_contig00013	99.020	204	2	0	1	204	116221	115610	2.89e-118	374
WP_003109228.1	50-A5_contig00014	99.020	204	2	0	1	204	116225	115614	2.89e-118	374
WP_003109228.1	79-C142_contig00004	99.020	204	2	0	1	204	54384	53773	2.89e-118	374
WP_003109228.1	10-C92_contig00003	99.020	204	2	0	1	204	310756	311367	2.89e-118	374
WP_003109228.1	52-C29_contig00002	99.020	204	2	0	1	204	330090	329479	2.89e-118	374
WP_003109228.1	53-C30_contig00002	99.020	204	2	0	1	204	427818	427207	2.89e-118	374
WP_003109228.1	27-A2_contig00001	99.020	204	2	0	1	204	754879	755490	3.25e-118	373
WP_003109228.1	3-C8_contig00069	99.020	204	2	0	1	204	12442	13053	3.28e-118	373
WP_003109228.1	70-C9_contig00022	99.020	204	2	0	1	204	52002	52613	3.30e-118	373
WP_003109228.1	69-C7_contig00003	99.020	204	2	0	1	204	258766	258155	3.31e-118	373
WP_003109228.1	68-C6_contig00003	99.020	204	2	0	1	204	258766	258155	3.31e-118	373
WP_003109228.1	45-B191_contig00001	99.020	204	2	0	1	204	591732	591121	4.52e-118	373
WP_003109228.1	29-A19_contig00037	99.020	204	2	0	1	204	3096	3707	8.51e-118	372
WP_003109228.1	57-C49_contig00006	98.039	204	4	0	1	204	277453	276842	1.28e-117	372
WP_003109228.1	47-C148_contig00004	98.039	204	4	0	1	204	18625	19236	1.28e-117	372
WP_003109228.1	14-C94_contig00007	98.039	204	4	0	1	204	551224	550613	1.28e-117	372
WP_003109228.1	46-C146_contig00001	98.039	204	4	0	1	204	474668	475279	1.28e-117	372
WP_003109228.1	12-C147_contig00001	98.039	204	4	0	1	204	762853	762242	1.28e-117	372
WP_003109228.1	41-B37_contig00001	98.529	204	3	0	1	204	641960	642571	2.84e-117	370
WP_003109228.1	7-C88_contig00001	98.529	204	3	0	1	204	599219	598608	5.87e-117	370
WP_003109228.1	21-C124_contig00081	98.039	204	4	0	1	204	5192	5803	2.36e-116	368
WP_003109228.1	80-A107_contig01734	100.000	155	0	0	1	155	695	1159	2.90e-92	278
WP_003100688.1	44-C143_contig00996	98.582	141	2	0	1	141	80	502	2.21e-77	244
WP_003100688.1	80-A107_contig00761	100.000	141	0	0	1	141	2103	2525	5.40e-76	248
WP_003100688.1	42-C127_contig00002	100.000	141	0	0	1	141	530220	530642	1.12e-75	248
WP_003100688.1	22-C128_contig00002	100.000	141	0	0	1	141	591704	592126	1.12e-75	248
WP_003100688.1	39-C118_contig00006	100.000	141	0	0	1	141	71210	70788	1.16e-75	248
WP_003100688.1	38-C116_contig00003	100.000	141	0	0	1	141	309741	309319	1.16e-75	248
WP_003100688.1	43-C129_contig00002	100.000	141	0	0	1	141	555270	555692	1.16e-75	248
WP_003100688.1	88-C117_contig00002	100.000	141	0	0	1	141	478397	478819	1.16e-75	248
WP_003100688.1	28-A12_contig00023	100.000	141	0	0	1	141	74626	74204	1.32e-75	248
WP_003100688.1	4-C10_contig00194	100.000	141	0	0	1	141	6290	5868	1.57e-75	248
WP_003100688.1	56-C43_contig00012	100.000	141	0	0	1	141	2816	3238	1.59e-75	248
WP_003100688.1	15-C44_contig00007	100.000	141	0	0	1	141	2804	3226	1.59e-75	248
WP_003100688.1	16-C45_contig00006	100.000	141	0	0	1	141	2808	3230	1.59e-75	248
WP_003100688.1	13-C149_contig00003	100.000	141	0	0	1	141	365295	364873	1.59e-75	248
WP_003100688.1	90-C158_contig00046	100.000	141	0	0	1	141	17218	17640	1.60e-75	248
WP_003100688.1	62-C153_contig00044	100.000	141	0	0	1	141	15759	15337	1.60e-75	248
WP_003100688.1	96-A163_contig00010	100.000	141	0	0	1	141	34831	35253	1.60e-75	248
WP_003100688.1	12-C31_contig00035	100.000	141	0	0	1	141	17033	16611	1.60e-75	248
WP_003100688.1	36-C108_contig00039	100.000	141	0	0	1	141	17123	16701	1.60e-75	248
WP_003100688.1	1-C3_contig00019	100.000	141	0	0	1	141	17032	16610	1.60e-75	248
WP_003100688.1	7-C14_contig00034	100.000	141	0	0	1	141	17041	16619	1.60e-75	248
WP_003100688.1	3-C8_contig00021	100.000	141	0	0	1	141	40150	39728	1.60e-75	248
WP_003100688.1	28-C87_contig00028	100.000	141	0	0	1	141	39424	39002	1.60e-75	248
WP_003100688.1	59-A60_contig00001	100.000	141	0	0	1	141	105595	106017	1.61e-75	248
WP_003100688.1	61-A71_contig00006	100.000	141	0	0	1	141	36913	37335	1.61e-75	248
WP_003100688.1	60-A70_contig00007	100.000	141	0	0	1	141	44768	45190	1.61e-75	248
WP_003100688.1	59-C54_contig00010	100.000	141	0	0	1	141	91345	90923	1.61e-75	248
WP_003100688.1	6-C13_contig00004	100.000	141	0	0	1	141	44796	45218	1.61e-75	248
WP_003100688.1	57-C49_contig00012	100.000	141	0	0	1	141	202347	201925	1.61e-75	248
WP_003100688.1	78-C141_contig00008	100.000	141	0	0	1	141	159120	158698	1.61e-75	248
WP_003100688.1	77-C139_contig00008	100.000	141	0	0	1	141	74688	75110	1.61e-75	248
WP_003100688.1	58-C51_contig00011	100.000	141	0	0	1	141	77556	77978	1.61e-75	248
WP_003100688.1	11-C22_contig00011	100.000	141	0	0	1	141	223779	224201	1.61e-75	248
WP_003100688.1	29-A19_contig00003	100.000	141	0	0	1	141	90615	91037	1.61e-75	248
WP_003100688.1	62-A72_contig00012	100.000	141	0	0	1	141	105604	106026	1.61e-75	248
WP_003100688.1	13-C32_contig00002	100.000	141	0	0	1	141	95651	96073	1.61e-75	248
WP_003100688.1	52-A48_contig00006	100.000	141	0	0	1	141	128422	128844	1.61e-75	248
WP_003100688.1	50-C23_contig00008	100.000	141	0	0	1	141	294568	294990	1.61e-75	248
WP_003100688.1	10-C21_contig00008	100.000	141	0	0	1	141	14341	13919	1.61e-75	248
WP_003100688.1	75-C135_contig00007	100.000	141	0	0	1	141	48370	48792	1.61e-75	248
WP_003100688.1	55-A54_contig00003	100.000	141	0	0	1	141	178528	178950	1.61e-75	248
WP_003100688.1	69-A81_contig00007	100.000	141	0	0	1	141	73900	73478	1.61e-75	248
WP_003100688.1	67-A78_contig00005	100.000	141	0	0	1	141	73868	73446	1.61e-75	248
WP_003100688.1	87-C114_contig00006	100.000	141	0	0	1	141	73186	73608	1.61e-75	248
WP_003100688.1	2-C4_contig00002	100.000	141	0	0	1	141	215191	215613	1.61e-75	248
WP_003100688.1	73-C18_contig00003	100.000	141	0	0	1	141	62247	62669	1.61e-75	248
WP_003100688.1	30-A36_contig00005	100.000	141	0	0	1	141	336316	336738	1.61e-75	248
WP_003100688.1	37-C115_contig00002	100.000	141	0	0	1	141	176723	176301	1.61e-75	248
WP_003100688.1	96-C168_contig00005	100.000	141	0	0	1	141	269726	270148	1.61e-75	248
WP_003100688.1	70-A82_contig00004	100.000	141	0	0	1	141	157211	156789	1.61e-75	248
WP_003100688.1	53-A52_contig00002	100.000	141	0	0	1	141	269906	270328	1.61e-75	248
WP_003100688.1	65-A76_contig00004	100.000	141	0	0	1	141	270035	270457	1.61e-75	248
WP_003100688.1	64-A75_contig00004	100.000	141	0	0	1	141	270035	270457	1.61e-75	248
WP_003100688.1	63-A73_contig00004	100.000	141	0	0	1	141	270034	270456	1.61e-75	248
WP_003100688.1	51-A46_contig00002	100.000	141	0	0	1	141	270034	270456	1.61e-75	248
WP_003100688.1	58-A58_contig00005	100.000	141	0	0	1	141	269906	270328	1.61e-75	248
WP_003100688.1	57-A56_contig00003	100.000	141	0	0	1	141	159228	158806	1.61e-75	248
WP_003100688.1	78-A100_contig00006	100.000	141	0	0	1	141	394097	394519	1.61e-75	248
WP_003100688.1	19-C120_contig00002	100.000	141	0	0	1	141	159369	158947	1.61e-75	248
WP_003100688.1	36-C60_contig00002	100.000	141	0	0	1	141	157400	156978	1.61e-75	248
WP_003100688.1	34-C58_contig00002	100.000	141	0	0	1	141	157400	156978	1.61e-75	248
WP_003100688.1	20-C123_contig00001	100.000	141	0	0	1	141	268089	267667	1.61e-75	248
WP_003100688.1	42-B62_contig00003	100.000	141	0	0	1	141	252180	252602	1.61e-75	248
WP_003100688.1	18-C65_contig00002	100.000	141	0	0	1	141	334544	334966	1.61e-75	248
WP_003100688.1	54-A53_contig00004	100.000	141	0	0	1	141	391729	392151	1.61e-75	248
WP_003100688.1	61-C151_contig00001	100.000	141	0	0	1	141	157473	157051	1.61e-75	248
WP_003100688.1	74-C20_contig00004	100.000	141	0	0	1	141	305905	305483	1.61e-75	248
WP_003100688.1	8-C15_contig00001	100.000	141	0	0	1	141	60174	60596	1.61e-75	248
WP_003100688.1	35-C106_contig00001	100.000	141	0	0	1	141	558976	558554	1.61e-75	248
WP_003100688.1	86-C112_contig00001	100.000	141	0	0	1	141	287801	287379	1.61e-75	248
WP_003100688.1	47-C148_contig00003	100.000	141	0	0	1	141	363651	363229	1.61e-75	248
WP_003100688.1	46-C146_contig00004	100.000	141	0	0	1	141	278832	279254	1.61e-75	248
WP_003100688.1	12-C147_contig00003	100.000	141	0	0	1	141	363651	363229	1.61e-75	248
WP_003100688.1	92-C160_contig00001	100.000	141	0	0	1	141	493178	493600	1.61e-75	248
WP_003100688.1	40-B34_contig00002	100.000	141	0	0	1	141	590685	590263	1.61e-75	248
WP_003100688.1	38-B3_contig00001	100.000	141	0	0	1	141	298147	297725	1.61e-75	248
WP_003100688.1	64-C73_contig00003	100.000	141	0	0	1	141	606773	607195	1.61e-75	248
WP_003100688.1	9-C17_contig00001	100.000	141	0	0	1	141	60176	60598	1.61e-75	248
WP_003100688.1	72-C16_contig00001	100.000	141	0	0	1	141	60175	60597	1.61e-75	248
WP_003100688.1	91-C159_contig00002	100.000	141	0	0	1	141	428372	428794	1.61e-75	248
WP_003100688.1	85-C111_contig00001	100.000	141	0	0	1	141	644991	644569	1.61e-75	248
WP_003100688.1	47-C63_contig00001	100.000	141	0	0	1	141	48272	48694	1.61e-75	248
WP_003100688.1	32-C56_contig00001	100.000	141	0	0	1	141	337834	338256	1.61e-75	248
WP_003100688.1	31-C55_contig00001	100.000	141	0	0	1	141	337835	338257	1.61e-75	248
WP_003100688.1	35-C59_contig00002	100.000	141	0	0	1	141	390232	389810	1.61e-75	248
WP_003100688.1	33-C57_contig00001	100.000	141	0	0	1	141	390234	389812	1.61e-75	248
WP_003100688.1	20-C68_contig00004	100.000	141	0	0	1	141	191666	191244	1.61e-75	248
WP_003100688.1	48-C66_contig00004	100.000	141	0	0	1	141	192005	191583	1.61e-75	248
WP_003100688.1	17-C64_contig00001	100.000	141	0	0	1	141	192576	192154	1.61e-75	248
WP_003100688.1	89-C156_contig00002	100.000	141	0	0	1	141	268327	267905	1.61e-75	248
WP_003100688.1	76-C137_contig00003	100.000	141	0	0	1	141	268328	267906	1.61e-75	248
WP_003100688.1	80-C104_contig00001	100.000	141	0	0	1	141	73178	73600	1.61e-75	248
WP_003100688.1	14-C94_contig00003	100.000	141	0	0	1	141	405978	405556	1.61e-75	248
WP_003100688.1	56-A55_contig00001	100.000	141	0	0	1	141	157166	156744	1.61e-75	248
WP_003100688.1	49-C69_contig00001	100.000	141	0	0	1	141	542984	543406	1.61e-75	248
WP_003100688.1	26-A1_contig00002	100.000	141	0	0	1	141	157201	156779	1.61e-75	248
WP_003100688.1	63-C71_contig00002	100.000	141	0	0	1	141	384191	383769	1.61e-75	248
WP_003100688.1	44-B114_contig00003	100.000	141	0	0	1	141	556659	557081	1.61e-75	248
WP_003100688.1	65-C74_contig00001	100.000	141	0	0	1	141	582559	582981	1.61e-75	248
WP_003100688.1	14-C33_contig00002	100.000	141	0	0	1	141	552244	552666	1.61e-75	248
WP_003100688.1	93-C161_contig00001	100.000	141	0	0	1	141	342189	342611	1.61e-75	248
WP_003100688.1	69-C7_contig00001	100.000	141	0	0	1	141	696974	696552	1.61e-75	248
WP_003100688.1	67-C5_contig00001	100.000	141	0	0	1	141	540902	540480	1.61e-75	248
WP_003100688.1	70-C9_contig00001	100.000	141	0	0	1	141	595529	595107	1.61e-75	248
WP_003100688.1	68-C6_contig00001	100.000	141	0	0	1	141	657491	657069	1.61e-75	248
WP_003100688.1	19-C67_contig00001	100.000	141	0	0	1	141	552406	552828	1.61e-75	248
WP_003100688.1	84-C110_contig00001	100.000	141	0	0	1	141	62240	62662	1.61e-75	248
WP_003100688.1	73-A90_contig00016	100.000	141	0	0	1	141	39985	39563	1.68e-75	248
WP_003100688.1	76-A95_contig00006	100.000	141	0	0	1	141	155209	154787	1.69e-75	248
WP_003100688.1	75-A92_contig00002	100.000	141	0	0	1	141	209834	210256	1.69e-75	248
WP_003100688.1	74-A91_contig00002	100.000	141	0	0	1	141	209870	210292	1.69e-75	248
WP_003100688.1	79-A106_contig00003	100.000	141	0	0	1	141	155209	154787	1.69e-75	248
WP_003100688.1	77-A97_contig00002	100.000	141	0	0	1	141	323600	324022	1.69e-75	248
WP_003100688.1	72-A86_contig00002	100.000	141	0	0	1	141	325981	326403	1.69e-75	248
WP_003100688.1	66-A77_contig00003	100.000	141	0	0	1	141	326393	326815	1.69e-75	248
WP_003100688.1	68-A80_contig00001	100.000	141	0	0	1	141	325981	326403	1.69e-75	248
WP_003100688.1	71-A85_contig00002	100.000	141	0	0	1	141	573312	572890	1.69e-75	248
WP_003100688.1	5-C12_contig00035	100.000	141	0	0	1	141	36609	37031	1.87e-75	248
WP_003100688.1	17-C102_contig00004	100.000	141	0	0	1	141	237211	237633	1.88e-75	248
WP_003100688.1	33-C101_contig00003	100.000	141	0	0	1	141	237340	237762	1.88e-75	248
WP_003100688.1	34-C103_contig00001	100.000	141	0	0	1	141	269838	269416	1.88e-75	248
WP_003100688.1	71-C11_contig00001	100.000	141	0	0	1	141	343026	342604	1.88e-75	248
WP_003100688.1	94-C164_contig00002	100.000	141	0	0	1	141	247306	246884	1.89e-75	248
WP_003100688.1	16-C100_contig00001	99.291	141	1	0	1	141	329808	330230	9.01e-75	246
WP_003100688.1	2-C155_contig00001	99.291	141	1	0	1	141	298770	298348	9.01e-75	246
WP_003100688.1	85-A130_contig00023	99.291	141	1	0	1	141	36723	37145	9.70e-75	246
WP_003100688.1	89-A141_contig00035	99.291	141	1	0	1	141	36806	37228	9.70e-75	246
WP_003100688.1	84-A126_contig00033	99.291	141	1	0	1	141	17151	16729	9.70e-75	246
WP_003100688.1	93-A151_contig00040	99.291	141	1	0	1	141	18519	18097	9.71e-75	246
WP_003100688.1	86-A134_contig00032	99.291	141	1	0	1	141	18524	18102	9.71e-75	246
WP_003100688.1	92-A148_contig00037	99.291	141	1	0	1	141	17024	16602	9.71e-75	246
WP_003100688.1	94-A154_contig00028	99.291	141	1	0	1	141	17115	16693	9.71e-75	246
WP_003100688.1	95-A156_contig00021	99.291	141	1	0	1	141	67535	67957	9.72e-75	246
WP_003100688.1	82-A122_contig00007	99.291	141	1	0	1	141	67535	67957	9.73e-75	246
WP_003100688.1	81-A119_contig00009	99.291	141	1	0	1	141	67535	67957	9.73e-75	246
WP_003100688.1	90-A144_contig00011	99.291	141	1	0	1	141	173729	173307	9.73e-75	246
WP_003100688.1	91-A147_contig00007	99.291	141	1	0	1	141	177500	177078	9.73e-75	246
WP_003100688.1	87-A137_contig00011	99.291	141	1	0	1	141	177500	177078	9.73e-75	246
WP_003100688.1	83-A123_contig00008	99.291	141	1	0	1	141	177500	177078	9.73e-75	246
WP_003100688.1	8-C89_contig00003	99.291	141	1	0	1	141	505384	505806	1.10e-74	245
WP_003100688.1	41-C126_contig00452	98.582	141	2	0	1	141	3182	3604	2.24e-74	244
WP_003100688.1	24-C81_contig00004	98.582	141	2	0	1	141	157312	156890	2.64e-74	244
WP_003100688.1	45-C144_contig00004	98.582	141	2	0	1	141	64168	64590	2.64e-74	244
WP_003100688.1	18-C119_contig00009	98.582	141	2	0	1	141	2998	3420	2.64e-74	244
WP_003100688.1	25-C83_contig00002	98.582	141	2	0	1	141	173855	173433	2.64e-74	244
WP_003100688.1	46-B199_contig00001	98.582	141	2	0	1	141	306268	305846	2.64e-74	244
WP_003100688.1	29-C95_contig00001	98.582	141	2	0	1	141	248098	247676	2.64e-74	244
WP_003100688.1	32-C99_contig00001	98.582	141	2	0	1	141	248111	247689	2.64e-74	244
WP_003100688.1	40-C125_contig00002	98.582	141	2	0	1	141	248117	247695	2.64e-74	244
WP_003100688.1	31-C98_contig00002	98.582	141	2	0	1	141	248110	247688	2.64e-74	244
WP_003100688.1	30-C97_contig00001	98.582	141	2	0	1	141	248111	247689	2.64e-74	244
WP_003100688.1	3-C76_contig00002	98.582	141	2	0	1	141	248111	247689	2.64e-74	244
WP_003100688.1	15-C96_contig00001	98.582	141	2	0	1	141	248110	247688	2.64e-74	244
WP_003100688.1	11-C145_contig00003	98.582	141	2	0	1	141	306621	307043	2.64e-74	244
WP_003100688.1	54-C36_contig00002	98.582	141	2	0	1	141	329017	329439	2.64e-74	244
WP_003100688.1	39-B16_contig00003	98.582	141	2	0	1	141	360938	361360	2.64e-74	244
WP_003100688.1	51-C25_contig00003	98.582	141	2	0	1	141	248111	247689	2.64e-74	244
WP_003100688.1	25-C134_contig00001	98.582	141	2	0	1	141	378412	378834	2.64e-74	244
WP_003100688.1	37-C61_contig00003	98.582	141	2	0	1	141	366213	365791	2.64e-74	244
WP_003100688.1	23-C131_contig00003	98.582	141	2	0	1	141	367787	368209	2.64e-74	244
WP_003100688.1	9-C91_contig00001	98.582	141	2	0	1	141	248111	247689	2.64e-74	244
WP_003100688.1	24-C133_contig00001	98.582	141	2	0	1	141	248111	247689	2.64e-74	244
WP_003100688.1	5-C82_contig00002	98.582	141	2	0	1	141	157312	156890	2.64e-74	244
WP_003100688.1	22-C79_contig00003	98.582	141	2	0	1	141	157312	156890	2.64e-74	244
WP_003100688.1	66-C2_contig00001	98.582	141	2	0	1	141	468389	468811	2.64e-74	244
WP_003100688.1	23-C80_contig00001	98.582	141	2	0	1	141	157312	156890	2.64e-74	244
WP_003100688.1	60-C150_contig00002	98.582	141	2	0	1	141	248111	247689	2.64e-74	244
WP_003100688.1	82-C107_contig00002	98.582	141	2	0	1	141	499211	499633	2.64e-74	244
WP_003100688.1	95-C167_contig00002	98.582	141	2	0	1	141	184920	184498	2.64e-74	244
WP_003100688.1	26-C84_contig00001	98.582	141	2	0	1	141	248819	248397	2.64e-74	244
WP_003100688.1	79-C142_contig00006	99.291	141	1	0	1	141	207136	206714	2.80e-74	244
WP_003100688.1	49-A4_contig00001	99.291	141	1	0	1	141	284575	284997	2.80e-74	244
WP_003100688.1	81-C105_contig00005	99.291	141	1	0	1	141	329590	330012	2.80e-74	244
WP_003100688.1	83-C109_contig00004	99.291	141	1	0	1	141	329719	330141	2.80e-74	244
WP_003100688.1	21-C78_contig00004	99.291	141	1	0	1	141	158609	158187	2.80e-74	244
WP_003100688.1	48-A3_contig00001	99.291	141	1	0	1	141	321649	321227	2.80e-74	244
WP_003100688.1	52-C29_contig00001	99.291	141	1	0	1	141	362549	362971	2.80e-74	244
WP_003100688.1	10-C92_contig00001	99.291	141	1	0	1	141	562970	562548	2.80e-74	244
WP_003100688.1	50-A5_contig00001	99.291	141	1	0	1	141	594262	593840	2.80e-74	244
WP_003100688.1	53-C30_contig00001	99.291	141	1	0	1	141	362549	362971	2.80e-74	244
WP_003100688.1	6-C86_contig00004	98.582	141	2	0	1	141	265785	265363	4.91e-74	243
WP_003100688.1	7-C88_contig00004	98.582	141	2	0	1	141	63241	62819	4.91e-74	243
WP_003100688.1	4-C77_contig00001	98.582	141	2	0	1	141	390893	390471	4.91e-74	243
WP_003100688.1	41-B37_contig00002	98.582	141	2	0	1	141	602063	601641	4.91e-74	243
WP_003100688.1	21-C124_contig00007	99.291	141	1	0	1	141	64260	64682	5.00e-74	243
WP_003100688.1	45-B191_contig00004	99.291	141	1	0	1	141	341304	341726	5.00e-74	243
WP_003100688.1	43-B113_contig00001	98.582	141	2	0	1	141	469951	470373	9.13e-74	243
WP_003100688.1	27-A2_contig00004	97.872	141	3	0	1	141	157280	156858	2.08e-73	242
WP_003100688.1	55-C42_contig00001	97.872	141	3	0	1	141	474605	475027	2.08e-73	242
WP_003100688.1	27-C85_contig00003	98.571	140	2	0	2	141	384827	384408	4.97e-73	241
WP_003098728.1	41-C126_contig02875	100.000	115	0	0	1	115	154	498	3.20e-64	196
WP_003098728.1	80-A107_contig01823	100.000	115	0	0	1	115	384	40	5.35e-62	196
WP_003098728.1	45-C144_contig00246	100.000	115	0	0	1	115	1117	773	3.90e-61	196
WP_003098728.1	44-C143_contig01936	100.000	115	0	0	1	115	154	498	3.90e-61	196
WP_003098728.1	21-C124_contig00288	100.000	115	0	0	1	115	154	498	3.90e-61	196
WP_003098728.1	4-C10_contig00752	100.000	115	0	0	1	115	2015	2359	4.97e-58	196
WP_003098728.1	12-C31_contig00176	100.000	115	0	0	1	115	6157	5813	7.17e-58	196
WP_003098728.1	96-A163_contig00170	100.000	115	0	0	1	115	897	1241	7.22e-58	196
WP_003098728.1	73-A90_contig00095	100.000	115	0	0	1	115	938	1282	7.27e-58	196
WP_003098728.1	2-C4_contig00059	100.000	115	0	0	1	115	8471	8127	7.27e-58	196
WP_003098728.1	36-C108_contig00089	100.000	115	0	0	1	115	21903	21559	7.27e-58	196
WP_003098728.1	5-C12_contig00077	100.000	115	0	0	1	115	949	1293	7.28e-58	196
WP_003098728.1	3-C8_contig00076	100.000	115	0	0	1	115	953	1297	7.28e-58	196
WP_003098728.1	6-C13_contig00077	100.000	115	0	0	1	115	26001	25657	7.28e-58	196
WP_003098728.1	13-C32_contig00067	100.000	115	0	0	1	115	22268	22612	7.28e-58	196
WP_003098728.1	59-A60_contig00087	100.000	115	0	0	1	115	13209	13553	7.28e-58	196
WP_003098728.1	1-C3_contig00061	100.000	115	0	0	1	115	978	1322	7.28e-58	196
WP_003098728.1	7-C14_contig00045	100.000	115	0	0	1	115	22062	22406	7.29e-58	196
WP_003098728.1	75-A92_contig00027	100.000	115	0	0	1	115	45260	44916	7.30e-58	196
WP_003098728.1	74-A91_contig00034	100.000	115	0	0	1	115	22341	22685	7.30e-58	196
WP_003098728.1	61-A71_contig00035	100.000	115	0	0	1	115	47245	46901	7.30e-58	196
WP_003098728.1	76-A95_contig00029	100.000	115	0	0	1	115	22318	22662	7.30e-58	196
WP_003098728.1	37-C115_contig00029	100.000	115	0	0	1	115	53045	52701	7.30e-58	196
WP_003098728.1	16-C45_contig00016	100.000	115	0	0	1	115	8699	8355	7.30e-58	196
WP_003098728.1	56-C43_contig00020	100.000	115	0	0	1	115	8707	8363	7.30e-58	196
WP_003098728.1	15-C44_contig00017	100.000	115	0	0	1	115	9898	9554	7.30e-58	196
WP_003098728.1	42-B62_contig00018	100.000	115	0	0	1	115	8778	8434	7.30e-58	196
WP_003098728.1	28-C87_contig00012	100.000	115	0	0	1	115	49205	48861	7.31e-58	196
WP_003098728.1	90-C158_contig00013	100.000	115	0	0	1	115	88493	88149	7.31e-58	196
WP_003098728.1	62-C153_contig00012	100.000	115	0	0	1	115	87831	88175	7.31e-58	196
WP_003098728.1	94-C164_contig00012	100.000	115	0	0	1	115	95410	95066	7.31e-58	196
WP_003098728.1	14-C33_contig00015	100.000	115	0	0	1	115	195931	196275	7.31e-58	196
WP_003098728.1	63-C71_contig00012	100.000	115	0	0	1	115	8115	7771	7.31e-58	196
WP_003098728.1	36-C60_contig00013	100.000	115	0	0	1	115	8200	7856	7.31e-58	196
WP_003098728.1	35-C59_contig00013	100.000	115	0	0	1	115	8200	7856	7.31e-58	196
WP_003098728.1	34-C58_contig00014	100.000	115	0	0	1	115	8200	7856	7.31e-58	196
WP_003098728.1	33-C57_contig00014	100.000	115	0	0	1	115	8200	7856	7.31e-58	196
WP_003098728.1	32-C56_contig00014	100.000	115	0	0	1	115	196076	196420	7.31e-58	196
WP_003098728.1	31-C55_contig00013	100.000	115	0	0	1	115	8200	7856	7.31e-58	196
WP_003098728.1	89-C156_contig00013	100.000	115	0	0	1	115	8471	8127	7.31e-58	196
WP_003098728.1	88-C117_contig00010	100.000	115	0	0	1	115	195941	196285	7.31e-58	196
WP_003098728.1	52-A48_contig00010	100.000	115	0	0	1	115	195997	196341	7.31e-58	196
WP_003098728.1	38-B3_contig00012	100.000	115	0	0	1	115	9059	8715	7.31e-58	196
WP_003098728.1	39-C118_contig00013	100.000	115	0	0	1	115	195942	196286	7.31e-58	196
WP_003098728.1	38-C116_contig00011	100.000	115	0	0	1	115	195945	196289	7.31e-58	196
WP_003098728.1	78-C141_contig00012	100.000	115	0	0	1	115	154430	154774	7.31e-58	196
WP_003098728.1	77-C139_contig00012	100.000	115	0	0	1	115	154430	154774	7.31e-58	196
WP_003098728.1	59-C54_contig00006	100.000	115	0	0	1	115	154445	154789	7.31e-58	196
WP_003098728.1	49-A4_contig00004	100.000	115	0	0	1	115	39002	38658	7.31e-58	196
WP_003098728.1	86-C112_contig00012	100.000	115	0	0	1	115	128787	129131	7.31e-58	196
WP_003098728.1	79-A106_contig00009	100.000	115	0	0	1	115	203724	204068	7.31e-58	196
WP_003098728.1	29-A19_contig00005	100.000	115	0	0	1	115	7300	6956	7.31e-58	196
WP_003098728.1	60-A70_contig00003	100.000	115	0	0	1	115	203718	204062	7.31e-58	196
WP_003098728.1	55-A54_contig00010	100.000	115	0	0	1	115	47250	46906	7.31e-58	196
WP_003098728.1	96-C168_contig00012	100.000	115	0	0	1	115	8887	8543	7.31e-58	196
WP_003098728.1	72-A86_contig00009	100.000	115	0	0	1	115	51442	51098	7.31e-58	196
WP_003098728.1	48-A3_contig00004	100.000	115	0	0	1	115	45244	44900	7.31e-58	196
WP_003098728.1	11-C22_contig00008	100.000	115	0	0	1	115	203742	204086	7.31e-58	196
WP_003098728.1	77-A97_contig00009	100.000	115	0	0	1	115	203753	204097	7.31e-58	196
WP_003098728.1	14-C94_contig00009	100.000	115	0	0	1	115	250263	250607	7.31e-58	196
WP_003098728.1	12-C147_contig00010	100.000	115	0	0	1	115	8990	8646	7.31e-58	196
WP_003098728.1	43-C129_contig00009	100.000	115	0	0	1	115	250240	250584	7.31e-58	196
WP_003098728.1	13-C149_contig00010	100.000	115	0	0	1	115	250224	250568	7.31e-58	196
WP_003098728.1	30-A36_contig00013	100.000	115	0	0	1	115	250220	250564	7.31e-58	196
WP_003098728.1	52-C29_contig00009	100.000	115	0	0	1	115	68942	68598	7.31e-58	196
WP_003098728.1	44-B114_contig00009	100.000	115	0	0	1	115	68831	68487	7.31e-58	196
WP_003098728.1	65-C74_contig00011	100.000	115	0	0	1	115	70197	69853	7.31e-58	196
WP_003098728.1	71-C11_contig00011	100.000	115	0	0	1	115	196405	196749	7.31e-58	196
WP_003098728.1	74-C20_contig00010	100.000	115	0	0	1	115	200726	201070	7.31e-58	196
WP_003098728.1	91-C159_contig00007	100.000	115	0	0	1	115	76720	76376	7.31e-58	196
WP_003098728.1	64-A75_contig00010	100.000	115	0	0	1	115	77021	76677	7.31e-58	196
WP_003098728.1	26-A1_contig00010	100.000	115	0	0	1	115	77177	76833	7.31e-58	196
WP_003098728.1	57-A56_contig00011	100.000	115	0	0	1	115	196115	196459	7.31e-58	196
WP_003098728.1	67-A78_contig00009	100.000	115	0	0	1	115	8887	8543	7.31e-58	196
WP_003098728.1	47-C148_contig00009	100.000	115	0	0	1	115	289753	290097	7.31e-58	196
WP_003098728.1	76-C137_contig00008	100.000	115	0	0	1	115	289827	290171	7.31e-58	196
WP_003098728.1	57-C49_contig00009	100.000	115	0	0	1	115	289752	290096	7.31e-58	196
WP_003098728.1	34-C103_contig00006	100.000	115	0	0	1	115	7797	7453	7.31e-58	196
WP_003098728.1	70-A82_contig00010	100.000	115	0	0	1	115	8887	8543	7.31e-58	196
WP_003098728.1	10-C21_contig00010	100.000	115	0	0	1	115	234094	234438	7.31e-58	196
WP_003098728.1	87-C114_contig00010	100.000	115	0	0	1	115	196585	196929	7.31e-58	196
WP_003098728.1	16-C100_contig00013	100.000	115	0	0	1	115	71987	71643	7.31e-58	196
WP_003098728.1	45-B191_contig00007	100.000	115	0	0	1	115	70398	70054	7.31e-58	196
WP_003098728.1	73-C18_contig00007	100.000	115	0	0	1	115	125856	125512	7.31e-58	196
WP_003098728.1	53-A52_contig00005	100.000	115	0	0	1	115	47254	46910	7.31e-58	196
WP_003098728.1	2-C155_contig00009	100.000	115	0	0	1	115	250179	250523	7.31e-58	196
WP_003098728.1	49-C69_contig00006	100.000	115	0	0	1	115	99424	99080	7.31e-58	196
WP_003098728.1	51-A46_contig00007	100.000	115	0	0	1	115	253149	253493	7.31e-58	196
WP_003098728.1	62-A72_contig00006	100.000	115	0	0	1	115	77177	76833	7.31e-58	196
WP_003098728.1	50-C23_contig00006	100.000	115	0	0	1	115	234093	234437	7.31e-58	196
WP_003098728.1	46-C146_contig00008	100.000	115	0	0	1	115	333072	333416	7.31e-58	196
WP_003098728.1	20-C123_contig00008	100.000	115	0	0	1	115	252974	253318	7.31e-58	196
WP_003098728.1	69-A81_contig00006	100.000	115	0	0	1	115	77036	76692	7.31e-58	196
WP_003098728.1	17-C64_contig00008	100.000	115	0	0	1	115	105958	105614	7.31e-58	196
WP_003098728.1	17-C102_contig00008	100.000	115	0	0	1	115	291329	291673	7.31e-58	196
WP_003098728.1	61-C151_contig00002	100.000	115	0	0	1	115	196160	196504	7.31e-58	196
WP_003098728.1	83-C109_contig00006	100.000	115	0	0	1	115	69027	68683	7.31e-58	196
WP_003098728.1	27-C85_contig00004	100.000	115	0	0	1	115	383983	384327	7.31e-58	196
WP_003098728.1	92-C160_contig00003	100.000	115	0	0	1	115	210004	209660	7.31e-58	196
WP_003098728.1	19-C120_contig00003	100.000	115	0	0	1	115	250116	250460	7.31e-58	196
WP_003098728.1	58-A58_contig00004	100.000	115	0	0	1	115	218583	218239	7.31e-58	196
WP_003098728.1	21-C78_contig00003	100.000	115	0	0	1	115	294319	294663	7.31e-58	196
WP_003098728.1	65-A76_contig00003	100.000	115	0	0	1	115	220306	219962	7.31e-58	196
WP_003098728.1	54-A53_contig00003	100.000	115	0	0	1	115	218912	218568	7.31e-58	196
WP_003098728.1	56-A55_contig00003	100.000	115	0	0	1	115	220206	219862	7.31e-58	196
WP_003098728.1	66-A77_contig00005	100.000	115	0	0	1	115	105669	105325	7.31e-58	196
WP_003098728.1	28-A12_contig00002	100.000	115	0	0	1	115	232151	232495	7.31e-58	196
WP_003098728.1	8-C15_contig00001	100.000	115	0	0	1	115	427489	427145	7.31e-58	196
WP_003098728.1	35-C106_contig00001	100.000	115	0	0	1	115	164226	164570	7.31e-58	196
WP_003098728.1	40-B34_contig00002	100.000	115	0	0	1	115	195937	196281	7.31e-58	196
WP_003098728.1	63-A73_contig00002	100.000	115	0	0	1	115	77021	76677	7.31e-58	196
WP_003098728.1	9-C17_contig00001	100.000	115	0	0	1	115	427487	427143	7.31e-58	196
WP_003098728.1	72-C16_contig00001	100.000	115	0	0	1	115	427487	427143	7.31e-58	196
WP_003098728.1	85-C111_contig00001	100.000	115	0	0	1	115	250242	250586	7.31e-58	196
WP_003098728.1	47-C63_contig00001	100.000	115	0	0	1	115	456092	455748	7.31e-58	196
WP_003098728.1	18-C65_contig00001	100.000	115	0	0	1	115	520166	520510	7.31e-58	196
WP_003098728.1	79-C142_contig00001	100.000	115	0	0	1	115	68942	68598	7.31e-58	196
WP_003098728.1	81-C105_contig00003	100.000	115	0	0	1	115	68847	68503	7.31e-58	196
WP_003098728.1	80-C104_contig00001	100.000	115	0	0	1	115	467928	467584	7.31e-58	196
WP_003098728.1	58-C51_contig00002	100.000	115	0	0	1	115	675390	675734	7.31e-58	196
WP_003098728.1	68-A80_contig00001	100.000	115	0	0	1	115	702995	702651	7.31e-58	196
WP_003098728.1	71-A85_contig00002	100.000	115	0	0	1	115	196298	196642	7.31e-58	196
WP_003098728.1	48-C66_contig00002	100.000	115	0	0	1	115	218146	217802	7.31e-58	196
WP_003098728.1	10-C92_contig00001	100.000	115	0	0	1	115	195844	196188	7.31e-58	196
WP_003098728.1	50-A5_contig00001	100.000	115	0	0	1	115	227276	227620	7.31e-58	196
WP_003098728.1	20-C68_contig00002	100.000	115	0	0	1	115	218146	217802	7.31e-58	196
WP_003098728.1	93-C161_contig00001	100.000	115	0	0	1	115	721074	720730	7.31e-58	196
WP_003098728.1	69-C7_contig00001	100.000	115	0	0	1	115	301426	301770	7.31e-58	196
WP_003098728.1	33-C101_contig00001	100.000	115	0	0	1	115	976580	976924	7.31e-58	196
WP_003098728.1	67-C5_contig00001	100.000	115	0	0	1	115	196167	196511	7.31e-58	196
WP_003098728.1	70-C9_contig00001	100.000	115	0	0	1	115	199985	200329	7.31e-58	196
WP_003098728.1	43-B113_contig00001	100.000	115	0	0	1	115	895626	895282	7.31e-58	196
WP_003098728.1	68-C6_contig00001	100.000	115	0	0	1	115	261943	262287	7.31e-58	196
WP_003098728.1	19-C67_contig00001	100.000	115	0	0	1	115	963200	962856	7.31e-58	196
WP_003098728.1	8-C89_contig00002	100.000	115	0	0	1	115	212880	212536	7.31e-58	196
WP_003098728.1	78-A100_contig00001	100.000	115	0	0	1	115	1190256	1190600	7.31e-58	196
WP_003098728.1	64-C73_contig00001	100.000	115	0	0	1	115	77198	76854	7.31e-58	196
WP_003098728.1	84-C110_contig00001	100.000	115	0	0	1	115	456983	456639	7.31e-58	196
WP_003098728.1	53-C30_contig00001	100.000	115	0	0	1	115	729675	729331	7.31e-58	196
WP_003098728.1	42-C127_contig00008	100.000	114	0	0	1	114	11988	11647	1.98e-57	195
WP_003098728.1	22-C128_contig00009	100.000	114	0	0	1	114	9064	8723	1.98e-57	195
WP_003098728.1	25-C83_contig00004	100.000	114	0	0	1	114	208597	208938	2.19e-57	194
WP_003098728.1	37-C61_contig00001	100.000	114	0	0	1	114	956691	957032	2.19e-57	194
WP_003098728.1	24-C81_contig00037	99.123	114	1	0	1	114	48334	47993	2.13e-56	192
WP_003098728.1	23-C80_contig00011	99.123	114	1	0	1	114	133762	133421	2.13e-56	192
WP_003098728.1	26-C84_contig00012	99.123	114	1	0	1	114	133841	133500	2.13e-56	192
WP_003098728.1	5-C82_contig00001	99.123	114	1	0	1	114	133841	133500	2.13e-56	192
WP_003098728.1	22-C79_contig00001	99.123	114	1	0	1	114	739592	739933	2.13e-56	192
WP_003098728.1	41-C126_contig02876	86.957	115	15	0	1	115	154	498	2.76e-56	176
WP_003098728.1	21-C124_contig00233	87.719	114	14	0	1	114	1745	1404	6.47e-52	176
WP_003098728.1	44-C143_contig00994	86.842	114	15	0	1	114	154	495	4.48e-51	174
WP_003098728.1	85-A130_contig00024	86.957	115	15	0	1	115	30575	30231	6.72e-51	176
WP_003098728.1	84-A126_contig00035	86.957	115	15	0	1	115	22167	22511	6.72e-51	176
WP_003098728.1	93-A151_contig00044	86.957	115	15	0	1	115	22185	22529	6.72e-51	176
WP_003098728.1	86-A134_contig00036	86.957	115	15	0	1	115	30591	30247	6.72e-51	176
WP_003098728.1	95-A156_contig00044	86.957	115	15	0	1	115	22266	22610	6.72e-51	176
WP_003098728.1	94-A154_contig00040	86.957	115	15	0	1	115	22353	22697	6.72e-51	176
WP_003098728.1	89-A141_contig00039	86.957	115	15	0	1	115	30578	30234	6.72e-51	176
WP_003098728.1	82-A122_contig00021	86.957	115	15	0	1	115	30584	30240	6.73e-51	176
WP_003098728.1	92-A148_contig00011	86.957	115	15	0	1	115	43600	43256	6.73e-51	176
WP_003098728.1	90-A144_contig00019	86.957	115	15	0	1	115	84393	84737	6.73e-51	176
WP_003098728.1	91-A147_contig00021	86.957	115	15	0	1	115	49888	49544	6.73e-51	176
WP_003098728.1	87-A137_contig00016	86.957	115	15	0	1	115	73521	73177	6.73e-51	176
WP_003098728.1	83-A123_contig00013	86.957	115	15	0	1	115	77533	77189	6.73e-51	176
WP_003098728.1	81-A119_contig00014	86.957	115	15	0	1	115	77533	77189	6.73e-51	176
WP_003098486.1	83-C109_contig00004	100.000	307	0	0	29	335	442559	441639	0.0	605
WP_003098486.1	81-C105_contig00005	100.000	307	0	0	29	335	442430	441510	0.0	605
WP_003098486.1	6-C86_contig00004	100.000	307	0	0	29	335	152992	153912	0.0	605
WP_003098486.1	4-C77_contig00001	100.000	307	0	0	29	335	278100	279020	0.0	605
WP_003098486.1	21-C78_contig00004	100.000	307	0	0	29	335	45769	46689	0.0	605
WP_003098486.1	92-C160_contig00001	100.000	307	0	0	29	335	606003	605083	0.0	605
WP_003098486.1	91-C159_contig00002	100.000	307	0	0	29	335	541210	540290	0.0	605
WP_003098486.1	90-C158_contig00006	100.000	307	0	0	29	335	166758	167678	0.0	605
WP_003098486.1	89-C156_contig00002	100.000	307	0	0	29	335	155486	156406	0.0	605
WP_003098486.1	87-C114_contig00006	100.000	307	0	0	29	335	186026	185106	0.0	605
WP_003098486.1	86-C112_contig00001	100.000	307	0	0	29	335	174967	175887	0.0	605
WP_003098486.1	85-C111_contig00001	100.000	307	0	0	29	335	532157	533077	0.0	605
WP_003098486.1	84-C110_contig00001	100.000	307	0	0	29	335	175074	174154	0.0	605
WP_003098486.1	80-C104_contig00001	100.000	307	0	0	29	335	186012	185092	0.0	605
WP_003098486.1	8-C89_contig00003	100.000	307	0	0	29	335	618212	617292	0.0	605
WP_003098486.1	79-A106_contig00003	100.000	307	0	0	29	335	42391	43311	0.0	605
WP_003098486.1	77-A97_contig00002	100.000	307	0	0	29	335	436418	435498	0.0	605
WP_003098486.1	76-C137_contig00003	100.000	307	0	0	29	335	155486	156406	0.0	605
WP_003098486.1	76-A95_contig00006	100.000	307	0	0	29	335	42391	43311	0.0	605
WP_003098486.1	75-A92_contig00002	100.000	307	0	0	29	335	322652	321732	0.0	605
WP_003098486.1	74-A91_contig00002	100.000	307	0	0	29	335	322688	321768	0.0	605
WP_003098486.1	73-C18_contig00003	100.000	307	0	0	29	335	175083	174163	0.0	605
WP_003098486.1	73-A90_contig00005	100.000	307	0	0	29	335	63066	63986	0.0	605
WP_003098486.1	72-A86_contig00002	100.000	307	0	0	29	335	438799	437879	0.0	605
WP_003098486.1	71-C11_contig00001	100.000	307	0	0	29	335	190732	191652	0.0	605
WP_003098486.1	71-A85_contig00002	100.000	307	0	0	29	335	460494	461414	0.0	605
WP_003098486.1	68-A80_contig00001	100.000	307	0	0	29	335	438799	437879	0.0	605
WP_003098486.1	67-C5_contig00001	100.000	307	0	0	29	335	428054	428974	0.0	605
WP_003098486.1	66-A77_contig00003	100.000	307	0	0	29	335	439211	438291	0.0	605
WP_003098486.1	62-C153_contig00007	100.000	307	0	0	29	335	166758	167678	0.0	605
WP_003098486.1	61-C151_contig00001	100.000	307	0	0	29	335	44648	45568	0.0	605
WP_003098486.1	57-C49_contig00012	100.000	307	0	0	29	335	89502	90422	0.0	605
WP_003098486.1	56-C43_contig00059	100.000	307	0	0	29	335	44808	45728	0.0	605
WP_003098486.1	5-C12_contig00003	100.000	307	0	0	29	335	58155	59075	0.0	605
WP_003098486.1	48-C66_contig00004	100.000	307	0	0	29	335	79182	80102	0.0	605
WP_003098486.1	47-C148_contig00003	100.000	307	0	0	29	335	250813	251733	0.0	605
WP_003098486.1	46-C146_contig00004	100.000	307	0	0	29	335	391670	390750	0.0	605
WP_003098486.1	44-B114_contig00003	100.000	307	0	0	29	335	669493	668573	0.0	605
WP_003098486.1	42-B62_contig00003	100.000	307	0	0	29	335	365017	364097	0.0	605
WP_003098486.1	40-B34_contig00002	100.000	307	0	0	29	335	477851	478771	0.0	605
WP_003098486.1	38-C116_contig00003	100.000	307	0	0	29	335	157900	158820	0.0	605
WP_003098486.1	38-B3_contig00001	100.000	307	0	0	29	335	185315	186235	0.0	605
WP_003098486.1	37-C115_contig00002	100.000	307	0	0	29	335	63883	64803	0.0	605
WP_003098486.1	36-C60_contig00002	100.000	307	0	0	29	335	44573	45493	0.0	605
WP_003098486.1	36-C108_contig00006	100.000	307	0	0	29	335	62841	63761	0.0	605
WP_003098486.1	35-C59_contig00002	100.000	307	0	0	29	335	277405	278325	0.0	605
WP_003098486.1	35-C106_contig00001	100.000	307	0	0	29	335	446142	447062	0.0	605
WP_003098486.1	34-C58_contig00002	100.000	307	0	0	29	335	44573	45493	0.0	605
WP_003098486.1	33-C57_contig00001	100.000	307	0	0	29	335	277407	278327	0.0	605
WP_003098486.1	32-C56_contig00001	100.000	307	0	0	29	335	450661	449741	0.0	605
WP_003098486.1	31-C55_contig00001	100.000	307	0	0	29	335	450662	449742	0.0	605
WP_003098486.1	29-A19_contig00003	100.000	307	0	0	29	335	203439	202519	0.0	605
WP_003098486.1	28-C87_contig00015	100.000	307	0	0	29	335	125684	126604	0.0	605
WP_003098486.1	28-A12_contig00002	100.000	307	0	0	29	335	514066	514986	0.0	605
WP_003098486.1	27-C85_contig00003	100.000	307	0	0	29	335	229009	229929	0.0	605
WP_003098486.1	20-C68_contig00004	100.000	307	0	0	29	335	79182	80102	0.0	605
WP_003098486.1	2-C4_contig00002	100.000	307	0	0	29	335	328039	327119	0.0	605
WP_003098486.1	2-C155_contig00001	100.000	307	0	0	29	335	185930	186850	0.0	605
WP_003098486.1	19-C67_contig00001	100.000	307	0	0	29	335	665229	664309	0.0	605
WP_003098486.1	18-C65_contig00002	100.000	307	0	0	29	335	447367	446447	0.0	605
WP_003098486.1	17-C64_contig00001	100.000	307	0	0	29	335	79752	80672	0.0	605
WP_003098486.1	16-C45_contig00059	100.000	307	0	0	29	335	1160	240	0.0	605
WP_003098486.1	15-C44_contig00055	100.000	307	0	0	29	335	44339	45259	0.0	605
WP_003098486.1	14-C94_contig00003	100.000	307	0	0	29	335	250812	251732	0.0	605
WP_003098486.1	14-C33_contig00002	100.000	307	0	0	29	335	665062	664142	0.0	605
WP_003098486.1	13-C32_contig00002	100.000	307	0	0	29	335	208467	207547	0.0	605
WP_003098486.1	13-C149_contig00003	100.000	307	0	0	29	335	252457	253377	0.0	605
WP_003098486.1	12-C31_contig00004	100.000	307	0	0	29	335	94298	93378	0.0	605
WP_003098486.1	12-C147_contig00003	100.000	307	0	0	29	335	250813	251733	0.0	605
WP_003098486.1	1-C3_contig00004	100.000	307	0	0	29	335	60002	60922	0.0	605
WP_003098486.1	80-A107_contig00304	100.000	307	0	0	29	335	5383	4463	0.0	604
WP_003098486.1	79-C142_contig00006	99.674	307	1	0	29	335	94315	95235	0.0	604
WP_003098486.1	53-C30_contig00001	99.674	307	1	0	29	335	475370	474450	0.0	604
WP_003098486.1	52-C29_contig00001	99.674	307	1	0	29	335	475370	474450	0.0	604
WP_003098486.1	50-A5_contig00001	99.674	307	1	0	29	335	481435	482355	0.0	604
WP_003098486.1	49-A4_contig00001	99.674	307	1	0	29	335	397402	396482	0.0	604
WP_003098486.1	48-A3_contig00001	99.674	307	1	0	29	335	208822	209742	0.0	604
WP_003098486.1	10-C92_contig00001	99.674	307	1	0	29	335	450149	451069	0.0	604
WP_003098486.1	65-C74_contig00001	99.674	307	1	0	29	335	695365	694445	0.0	603
WP_003098486.1	19-C120_contig00002	99.674	307	1	0	29	335	46559	47479	0.0	603
WP_003098486.1	93-C161_contig00001	99.674	307	1	0	29	335	455008	454088	0.0	603
WP_003098486.1	45-B191_contig00004	99.674	307	1	0	29	335	454130	453210	0.0	603
WP_003098486.1	41-B37_contig00002	99.674	307	1	0	29	335	489227	490147	0.0	603
WP_003098486.1	27-A2_contig00004	99.674	307	1	0	29	335	44514	45434	0.0	603
WP_003098486.1	96-C168_contig00005	99.674	307	1	0	29	335	382549	381629	0.0	603
WP_003098486.1	96-A163_contig00076	99.674	307	1	0	29	335	555	1475	0.0	603
WP_003098486.1	74-C20_contig00004	99.674	307	1	0	29	335	193051	193971	0.0	603
WP_003098486.1	70-A82_contig00004	99.674	307	1	0	29	335	44381	45301	0.0	603
WP_003098486.1	64-C73_contig00013	99.674	307	1	0	29	335	80470	79550	0.0	603
WP_003098486.1	62-A72_contig00012	99.674	307	1	0	29	335	218390	217470	0.0	603
WP_003098486.1	59-C54_contig00008	99.674	307	1	0	29	335	192611	193531	0.0	603
WP_003098486.1	59-A60_contig00035	99.674	307	1	0	29	335	46346	45426	0.0	603
WP_003098486.1	58-C51_contig00011	99.674	307	1	0	29	335	190367	189447	0.0	603
WP_003098486.1	55-A54_contig00003	99.674	307	1	0	29	335	291314	290394	0.0	603
WP_003098486.1	52-A48_contig00006	99.674	307	1	0	29	335	241208	240288	0.0	603
WP_003098486.1	51-A46_contig00002	99.674	307	1	0	29	335	382820	381900	0.0	603
WP_003098486.1	30-A36_contig00008	99.674	307	1	0	29	335	82730	81810	0.0	603
WP_003098486.1	26-A1_contig00002	99.674	307	1	0	29	335	44381	45301	0.0	603
WP_003098486.1	94-C164_contig00002	99.349	307	2	0	29	335	137935	138855	0.0	601
WP_003098486.1	95-C167_contig00002	99.349	307	2	0	29	335	72123	73043	0.0	601
WP_003098486.1	9-C91_contig00001	99.349	307	2	0	29	335	135268	136188	0.0	601
WP_003098486.1	9-C17_contig00001	99.349	307	2	0	29	335	172980	172060	0.0	601
WP_003098486.1	82-C107_contig00002	99.349	307	2	0	29	335	612054	611134	0.0	601
WP_003098486.1	8-C15_contig00001	99.349	307	2	0	29	335	172979	172059	0.0	601
WP_003098486.1	78-C141_contig00008	99.349	307	2	0	29	335	46326	47246	0.0	601
WP_003098486.1	77-C139_contig00008	99.349	307	2	0	29	335	187482	186562	0.0	601
WP_003098486.1	75-C135_contig00007	99.349	307	2	0	29	335	161189	160269	0.0	601
WP_003098486.1	72-C16_contig00001	99.349	307	2	0	29	335	172979	172059	0.0	601
WP_003098486.1	7-C14_contig00012	99.349	307	2	0	29	335	95791	94871	0.0	601
WP_003098486.1	66-C2_contig00001	99.349	307	2	0	29	335	581239	580319	0.0	601
WP_003098486.1	60-C150_contig00002	99.349	307	2	0	29	335	135268	136188	0.0	601
WP_003098486.1	6-C13_contig00004	99.349	307	2	0	29	335	157601	156681	0.0	601
WP_003098486.1	55-C42_contig00001	99.349	307	2	0	29	335	628883	627963	0.0	601
WP_003098486.1	54-C36_contig00002	99.349	307	2	0	29	335	441860	440940	0.0	601
WP_003098486.1	51-C25_contig00003	99.349	307	2	0	29	335	135268	136188	0.0	601
WP_003098486.1	47-C63_contig00001	99.349	307	2	0	29	335	201583	200663	0.0	601
WP_003098486.1	45-C144_contig00004	99.349	307	2	0	29	335	177011	176091	0.0	601
WP_003098486.1	44-C143_contig00195	99.349	307	2	0	29	335	1852	932	0.0	601
WP_003098486.1	42-C127_contig00002	99.349	307	2	0	29	335	643031	642111	0.0	601
WP_003098486.1	41-C126_contig00341	99.349	307	2	0	29	335	2755	3675	0.0	601
WP_003098486.1	40-C125_contig00002	99.349	307	2	0	29	335	135274	136194	0.0	601
WP_003098486.1	39-B16_contig00003	99.349	307	2	0	29	335	473781	472861	0.0	601
WP_003098486.1	34-C103_contig00001	99.349	307	2	0	29	335	157004	157924	0.0	601
WP_003098486.1	33-C101_contig00003	99.349	307	2	0	29	335	350171	349251	0.0	601
WP_003098486.1	32-C99_contig00001	99.349	307	2	0	29	335	135268	136188	0.0	601
WP_003098486.1	31-C98_contig00002	99.349	307	2	0	29	335	135268	136188	0.0	601
WP_003098486.1	30-C97_contig00001	99.349	307	2	0	29	335	135268	136188	0.0	601
WP_003098486.1	3-C76_contig00002	99.349	307	2	0	29	335	135268	136188	0.0	601
WP_003098486.1	29-C95_contig00001	99.349	307	2	0	29	335	135268	136188	0.0	601
WP_003098486.1	25-C134_contig00001	99.349	307	2	0	29	335	491254	490334	0.0	601
WP_003098486.1	24-C133_contig00001	99.349	307	2	0	29	335	135269	136189	0.0	601
WP_003098486.1	23-C131_contig00003	99.349	307	2	0	29	335	521366	520446	0.0	601
WP_003098486.1	22-C128_contig00002	99.349	307	2	0	29	335	704514	703594	0.0	601
WP_003098486.1	20-C123_contig00001	99.349	307	2	0	29	335	155296	156216	0.0	601
WP_003098486.1	17-C102_contig00004	99.349	307	2	0	29	335	350045	349125	0.0	601
WP_003098486.1	16-C100_contig00001	99.349	307	2	0	29	335	483561	482641	0.0	601
WP_003098486.1	15-C96_contig00001	99.349	307	2	0	29	335	135268	136188	0.0	601
WP_003098486.1	11-C145_contig00003	99.349	307	2	0	29	335	419464	418544	0.0	601
WP_003098486.1	95-A156_contig00009	99.349	307	2	0	29	335	59889	60809	0.0	600
WP_003098486.1	94-A154_contig00009	99.349	307	2	0	29	335	59891	60811	0.0	600
WP_003098486.1	93-A151_contig00009	99.349	307	2	0	29	335	60037	60957	0.0	600
WP_003098486.1	92-A148_contig00007	99.349	307	2	0	29	335	60101	61021	0.0	600
WP_003098486.1	91-A147_contig00007	99.349	307	2	0	29	335	64671	65591	0.0	600
WP_003098486.1	90-A144_contig00011	99.349	307	2	0	29	335	60900	61820	0.0	600
WP_003098486.1	89-A141_contig00009	99.349	307	2	0	29	335	60847	61767	0.0	600
WP_003098486.1	87-A137_contig00011	99.349	307	2	0	29	335	64671	65591	0.0	600
WP_003098486.1	86-A134_contig00011	99.349	307	2	0	29	335	60156	61076	0.0	600
WP_003098486.1	85-A130_contig00033	99.349	307	2	0	29	335	31105	32025	0.0	600
WP_003098486.1	84-A126_contig00005	99.349	307	2	0	29	335	59959	60879	0.0	600
WP_003098486.1	83-A123_contig00008	99.349	307	2	0	29	335	64671	65591	0.0	600
WP_003098486.1	82-A122_contig00007	99.349	307	2	0	29	335	180364	179444	0.0	600
WP_003098486.1	81-A119_contig00009	99.349	307	2	0	29	335	180364	179444	0.0	600
WP_003098486.1	70-C9_contig00001	99.349	307	2	0	29	335	482693	483613	0.0	600
WP_003098486.1	69-C7_contig00001	99.349	307	2	0	29	335	584136	585056	0.0	600
WP_003098486.1	68-C6_contig00001	99.349	307	2	0	29	335	544653	545573	0.0	600
WP_003098486.1	4-C10_contig00677	99.349	307	2	0	29	335	2585	1665	0.0	600
WP_003098486.1	3-C8_contig00008	99.349	307	2	0	29	335	59963	60883	0.0	600
WP_003098486.1	43-B113_contig00001	98.697	307	4	0	29	335	598053	597133	0.0	600
WP_003098486.1	63-C71_contig00002	99.313	291	2	0	45	335	271430	272302	0.0	599
WP_003098486.1	7-C88_contig00013	99.023	307	3	0	29	335	53295	52375	0.0	599
WP_003098486.1	46-B199_contig00001	99.023	307	3	0	29	335	193444	194364	0.0	599
WP_003098486.1	18-C119_contig00009	99.023	307	3	0	29	335	115822	114902	0.0	599
WP_003098486.1	65-A76_contig00004	99.655	290	1	0	46	335	382770	381901	0.0	598
WP_003098486.1	64-A75_contig00004	99.655	290	1	0	46	335	382770	381901	0.0	598
WP_003098486.1	63-A73_contig00004	99.655	290	1	0	46	335	382769	381900	0.0	598
WP_003098486.1	61-A71_contig00006	99.655	290	1	0	46	335	149648	148779	0.0	598
WP_003098486.1	60-A70_contig00007	99.655	290	1	0	46	335	157503	156634	0.0	598
WP_003098486.1	58-A58_contig00005	99.655	290	1	0	46	335	382641	381772	0.0	598
WP_003098486.1	57-A56_contig00003	99.655	290	1	0	46	335	46493	47362	0.0	598
WP_003098486.1	56-A55_contig00001	99.655	290	1	0	46	335	44431	45300	0.0	598
WP_003098486.1	54-A53_contig00004	99.655	290	1	0	46	335	504464	503595	0.0	598
WP_003098486.1	53-A52_contig00002	99.655	290	1	0	46	335	382641	381772	0.0	598
WP_003098486.1	50-C23_contig00011	99.023	307	3	0	29	335	157395	158315	0.0	597
WP_003098486.1	5-C82_contig00002	98.697	307	4	0	29	335	44511	45431	0.0	597
WP_003098486.1	37-C61_contig00003	98.697	307	4	0	29	335	253411	254331	0.0	597
WP_003098486.1	26-C84_contig00001	98.697	307	4	0	29	335	136018	136938	0.0	597
WP_003098486.1	25-C83_contig00002	98.697	307	4	0	29	335	61053	61973	0.0	597
WP_003098486.1	24-C81_contig00004	98.697	307	4	0	29	335	44511	45431	0.0	597
WP_003098486.1	23-C80_contig00001	98.697	307	4	0	29	335	44511	45431	0.0	597
WP_003098486.1	22-C79_contig00003	98.697	307	4	0	29	335	44511	45431	0.0	597
WP_003098486.1	11-C22_contig00004	99.023	307	3	0	29	335	211458	212378	0.0	597
WP_003098486.1	10-C21_contig00011	99.023	307	3	0	29	335	187924	188844	0.0	597
WP_003098486.1	49-C69_contig00001	98.697	307	4	0	29	335	655824	654904	0.0	597
WP_003098486.1	78-A100_contig00013	99.492	197	1	0	29	225	81059	80469	1.31e-165	377
WP_003098486.1	69-A81_contig00018	99.492	197	1	0	29	225	44173	44763	1.31e-165	377
WP_003098486.1	67-A78_contig00017	99.492	197	1	0	29	225	81059	80469	1.31e-165	377
WP_003098486.1	21-C124_contig00055	99.163	239	2	0	29	267	1381	665	6.00e-147	462
WP_003098486.1	39-C118_contig00014	86.179	246	27	3	29	269	47186	47917	3.04e-121	388
WP_003098486.1	43-C129_contig00002	86.179	246	27	3	29	269	707110	706379	3.06e-121	388
WP_003098486.1	88-C117_contig00002	86.179	246	27	3	29	269	630237	629506	3.06e-121	388
WP_003097713.1	41-C126_contig02754	100.000	98	0	0	1	98	135	428	1.77e-56	176
WP_003097713.1	80-A107_contig01978	98.980	98	1	0	1	98	438	731	6.11e-55	175
WP_003097713.1	26-C84_contig00015	100.000	98	0	0	1	98	82551	82844	6.65e-52	178
WP_003097713.1	25-C83_contig00010	100.000	98	0	0	1	98	93733	93440	6.65e-52	178
WP_003097713.1	24-C81_contig00008	100.000	98	0	0	1	98	82551	82844	6.65e-52	178
WP_003097713.1	23-C80_contig00015	100.000	98	0	0	1	98	82551	82844	6.65e-52	178
WP_003097713.1	37-C61_contig00012	100.000	98	0	0	1	98	103164	102871	6.65e-52	178
WP_003097713.1	5-C82_contig00004	100.000	98	0	0	1	98	82553	82846	6.65e-52	178
WP_003097713.1	22-C79_contig00005	100.000	98	0	0	1	98	82554	82847	6.65e-52	178
WP_003097713.1	74-C20_contig00002	100.000	98	0	0	1	98	527321	527614	6.66e-52	178
WP_003097713.1	8-C89_contig00002	100.000	98	0	0	1	98	960171	960464	6.66e-52	178
WP_003097713.1	44-C143_contig00471	100.000	98	0	0	1	98	2603	2310	2.64e-51	176
WP_003097713.1	45-C144_contig00026	100.000	98	0	0	1	98	8600	8893	3.43e-51	176
WP_003097713.1	54-C36_contig00016	100.000	98	0	0	1	98	40823	41116	3.43e-51	176
WP_003097713.1	31-C98_contig00011	100.000	98	0	0	1	98	40823	41116	3.43e-51	176
WP_003097713.1	15-C96_contig00010	100.000	98	0	0	1	98	40823	41116	3.43e-51	176
WP_003097713.1	9-C91_contig00007	100.000	98	0	0	1	98	40823	41116	3.43e-51	176
WP_003097713.1	32-C99_contig00006	100.000	98	0	0	1	98	40823	41116	3.43e-51	176
WP_003097713.1	30-C97_contig00006	100.000	98	0	0	1	98	283219	282926	3.43e-51	176
WP_003097713.1	29-C95_contig00006	100.000	98	0	0	1	98	40823	41116	3.43e-51	176
WP_003097713.1	11-C145_contig00008	100.000	98	0	0	1	98	40823	41116	3.43e-51	176
WP_003097713.1	24-C133_contig00008	100.000	98	0	0	1	98	40824	41117	3.43e-51	176
WP_003097713.1	25-C134_contig00007	100.000	98	0	0	1	98	40824	41117	3.43e-51	176
WP_003097713.1	95-C167_contig00004	100.000	98	0	0	1	98	419767	419474	3.43e-51	176
WP_003097713.1	3-C76_contig00001	100.000	98	0	0	1	98	472174	472467	3.43e-51	176
WP_003097713.1	51-C25_contig00001	100.000	98	0	0	1	98	126907	126614	3.43e-51	176
WP_003097713.1	27-A2_contig00003	100.000	98	0	0	1	98	479491	479784	3.43e-51	176
WP_003097713.1	66-C2_contig00002	100.000	98	0	0	1	98	427877	428170	3.43e-51	176
WP_003097713.1	23-C131_contig00001	100.000	98	0	0	1	98	283035	282742	3.43e-51	176
WP_003097713.1	82-C107_contig00001	100.000	98	0	0	1	98	511857	512150	3.43e-51	176
WP_003097713.1	39-B16_contig00001	100.000	98	0	0	1	98	281961	281668	3.43e-51	176
WP_003097713.1	40-C125_contig00001	100.000	98	0	0	1	98	537754	538047	3.43e-51	176
WP_003097713.1	60-C150_contig00001	100.000	98	0	0	1	98	567220	567513	3.43e-51	176
WP_003097713.1	4-C10_contig00107	100.000	98	0	0	1	98	1526	1233	3.57e-51	176
WP_003097713.1	5-C12_contig00022	100.000	98	0	0	1	98	27830	28123	3.59e-51	176
WP_003097713.1	2-C4_contig00015	100.000	98	0	0	1	98	70575	70868	3.60e-51	176
WP_003097713.1	59-C54_contig00014	100.000	98	0	0	1	98	53449	53156	3.60e-51	176
WP_003097713.1	61-C151_contig00016	100.000	98	0	0	1	98	71634	71927	3.60e-51	176
WP_003097713.1	92-C160_contig00015	100.000	98	0	0	1	98	104952	104659	3.60e-51	176
WP_003097713.1	6-C13_contig00003	100.000	98	0	0	1	98	73226	73519	3.60e-51	176
WP_003097713.1	7-C14_contig00005	100.000	98	0	0	1	98	73226	73519	3.60e-51	176
WP_003097713.1	89-C156_contig00009	100.000	98	0	0	1	98	70453	70746	3.60e-51	176
WP_003097713.1	91-C159_contig00010	100.000	98	0	0	1	98	70575	70868	3.60e-51	176
WP_003097713.1	3-C8_contig00001	100.000	98	0	0	1	98	128122	127829	3.60e-51	176
WP_003097713.1	1-C3_contig00001	100.000	98	0	0	1	98	25717	26010	3.60e-51	176
WP_003097713.1	81-C105_contig00008	100.000	98	0	0	1	98	96867	97160	3.60e-51	176
WP_003097713.1	83-C109_contig00009	100.000	98	0	0	1	98	96867	97160	3.60e-51	176
WP_003097713.1	21-C78_contig00010	100.000	98	0	0	1	98	96867	97160	3.60e-51	176
WP_003097713.1	47-C63_contig00008	100.000	98	0	0	1	98	73226	73519	3.60e-51	176
WP_003097713.1	94-C164_contig00006	100.000	98	0	0	1	98	84531	84824	3.60e-51	176
WP_003097713.1	49-C69_contig00005	100.000	98	0	0	1	98	292018	291725	3.60e-51	176
WP_003097713.1	70-C9_contig00007	100.000	98	0	0	1	98	209199	208906	3.60e-51	176
WP_003097713.1	49-A4_contig00002	100.000	98	0	0	1	98	75783	76076	3.60e-51	176
WP_003097713.1	48-A3_contig00002	100.000	98	0	0	1	98	75783	76076	3.60e-51	176
WP_003097713.1	79-C142_contig00002	100.000	98	0	0	1	98	197357	197064	3.60e-51	176
WP_003097713.1	20-C123_contig00003	100.000	98	0	0	1	98	358660	358367	3.60e-51	176
WP_003097713.1	50-A5_contig00002	100.000	98	0	0	1	98	356633	356340	3.60e-51	176
WP_003097713.1	9-C17_contig00004	100.000	98	0	0	1	98	73228	73521	3.60e-51	176
WP_003097713.1	8-C15_contig00003	100.000	98	0	0	1	98	73226	73519	3.60e-51	176
WP_003097713.1	72-C16_contig00005	100.000	98	0	0	1	98	401110	400817	3.60e-51	176
WP_003097713.1	38-B3_contig00005	100.000	98	0	0	1	98	242603	242310	3.60e-51	176
WP_003097713.1	71-C11_contig00003	100.000	98	0	0	1	98	449482	449189	3.60e-51	176
WP_003097713.1	43-C129_contig00003	100.000	98	0	0	1	98	92925	92632	3.60e-51	176
WP_003097713.1	52-C29_contig00003	100.000	98	0	0	1	98	264900	265193	3.60e-51	176
WP_003097713.1	53-C30_contig00003	100.000	98	0	0	1	98	361129	360836	3.60e-51	176
WP_003097713.1	55-C42_contig00003	100.000	98	0	0	1	98	458791	459084	3.60e-51	176
WP_003097713.1	88-C117_contig00003	100.000	98	0	0	1	98	480983	481276	3.60e-51	176
WP_003097713.1	45-B191_contig00003	100.000	98	0	0	1	98	462034	462327	3.60e-51	176
WP_003097713.1	69-C7_contig00002	100.000	98	0	0	1	98	509170	509463	3.60e-51	176
WP_003097713.1	65-C74_contig00002	100.000	98	0	0	1	98	236493	236200	3.60e-51	176
WP_003097713.1	68-C6_contig00002	100.000	98	0	0	1	98	552364	552657	3.60e-51	176
WP_003097713.1	75-C135_contig00002	100.000	98	0	0	1	98	329106	328813	3.60e-51	176
WP_003097713.1	93-C161_contig00002	100.000	98	0	0	1	98	489139	489432	3.60e-51	176
WP_003097713.1	10-C92_contig00002	100.000	98	0	0	1	98	332628	332335	3.60e-51	176
WP_003097713.1	38-C116_contig00002	100.000	98	0	0	1	98	574343	574636	3.60e-51	176
WP_003097713.1	39-C118_contig00001	100.000	98	0	0	1	98	241452	241159	3.60e-51	176
WP_003097713.1	67-C5_contig00003	100.000	98	0	0	1	98	472800	473093	3.60e-51	176
WP_003097713.1	76-C137_contig00002	100.000	98	0	0	1	98	595114	595407	3.60e-51	176
WP_003097713.1	44-B114_contig00002	100.000	98	0	0	1	98	382623	382330	3.60e-51	176
WP_003097713.1	28-C87_contig00019	100.000	98	0	0	1	98	71601	71894	4.04e-51	176
WP_003097713.1	28-A12_contig00013	100.000	98	0	0	1	98	70521	70228	4.04e-51	176
WP_003097713.1	35-C106_contig00018	100.000	98	0	0	1	98	70927	71220	4.04e-51	176
WP_003097713.1	87-C114_contig00019	100.000	98	0	0	1	98	87356	87063	4.04e-51	176
WP_003097713.1	36-C108_contig00003	100.000	98	0	0	1	98	167107	166814	4.04e-51	176
WP_003097713.1	37-C115_contig00007	100.000	98	0	0	1	98	87348	87055	4.04e-51	176
WP_003097713.1	73-A90_contig00002	100.000	98	0	0	1	98	170260	169967	4.04e-51	176
WP_003097713.1	73-C18_contig00016	100.000	98	0	0	1	98	166365	166072	4.04e-51	176
WP_003097713.1	34-C103_contig00007	100.000	98	0	0	1	98	72704	72997	4.04e-51	176
WP_003097713.1	76-A95_contig00004	100.000	98	0	0	1	98	233686	233979	4.04e-51	176
WP_003097713.1	84-C110_contig00008	100.000	98	0	0	1	98	70938	71231	4.04e-51	176
WP_003097713.1	86-C112_contig00009	100.000	98	0	0	1	98	241686	241393	4.04e-51	176
WP_003097713.1	27-C85_contig00006	100.000	98	0	0	1	98	273860	273567	4.04e-51	176
WP_003097713.1	16-C100_contig00011	100.000	98	0	0	1	98	264474	264181	4.04e-51	176
WP_003097713.1	85-C111_contig00008	100.000	98	0	0	1	98	70938	71231	4.04e-51	176
WP_003097713.1	17-C102_contig00006	100.000	98	0	0	1	98	308423	308130	4.04e-51	176
WP_003097713.1	75-A92_contig00001	100.000	98	0	0	1	98	121046	121339	4.04e-51	176
WP_003097713.1	50-C23_contig00003	100.000	98	0	0	1	98	362859	362566	4.04e-51	176
WP_003097713.1	11-C22_contig00001	100.000	98	0	0	1	98	362859	362566	4.04e-51	176
WP_003097713.1	10-C21_contig00003	100.000	98	0	0	1	98	362859	362566	4.04e-51	176
WP_003097713.1	80-C104_contig00004	100.000	98	0	0	1	98	70927	71220	4.04e-51	176
WP_003097713.1	79-A106_contig00001	100.000	98	0	0	1	98	121044	121337	4.04e-51	176
WP_003097713.1	71-A85_contig00005	100.000	98	0	0	1	98	313005	313298	4.04e-51	176
WP_003097713.1	40-B34_contig00004	100.000	98	0	0	1	98	449732	449439	4.04e-51	176
WP_003097713.1	74-A91_contig00001	100.000	98	0	0	1	98	329380	329087	4.04e-51	176
WP_003097713.1	72-A86_contig00001	100.000	98	0	0	1	98	417550	417257	4.04e-51	176
WP_003097713.1	77-A97_contig00001	100.000	98	0	0	1	98	417550	417257	4.04e-51	176
WP_003097713.1	42-B62_contig00002	100.000	98	0	0	1	98	267814	267521	4.04e-51	176
WP_003097713.1	68-A80_contig00003	100.000	98	0	0	1	98	417550	417257	4.04e-51	176
WP_003097713.1	66-A77_contig00002	100.000	98	0	0	1	98	313005	313298	4.04e-51	176
WP_003097713.1	22-C128_contig00004	100.000	98	0	0	1	98	212156	211863	4.04e-51	176
WP_003097713.1	42-C127_contig00003	100.000	98	0	0	1	98	552957	553250	4.04e-51	176
WP_003097713.1	33-C101_contig00001	100.000	98	0	0	1	98	211646	211353	4.04e-51	176
WP_003097713.1	96-A163_contig00064	100.000	98	0	0	1	98	10556	10849	5.65e-51	175
WP_003097713.1	16-C45_contig00008	100.000	98	0	0	1	98	1124	1417	5.67e-51	175
WP_003097713.1	15-C44_contig00010	100.000	98	0	0	1	98	1124	1417	5.67e-51	175
WP_003097713.1	56-C43_contig00009	100.000	98	0	0	1	98	1136	1429	5.67e-51	175
WP_003097713.1	30-A36_contig00016	100.000	98	0	0	1	98	72237	71944	5.67e-51	175
WP_003097713.1	36-C60_contig00017	100.000	98	0	0	1	98	70029	70322	5.67e-51	175
WP_003097713.1	35-C59_contig00016	100.000	98	0	0	1	98	70029	70322	5.67e-51	175
WP_003097713.1	34-C58_contig00018	100.000	98	0	0	1	98	70029	70322	5.67e-51	175
WP_003097713.1	33-C57_contig00018	100.000	98	0	0	1	98	70029	70322	5.67e-51	175
WP_003097713.1	32-C56_contig00017	100.000	98	0	0	1	98	95283	94990	5.67e-51	175
WP_003097713.1	31-C55_contig00017	100.000	98	0	0	1	98	70029	70322	5.67e-51	175
WP_003097713.1	17-C64_contig00010	100.000	98	0	0	1	98	69564	69857	5.68e-51	175
WP_003097713.1	58-C51_contig00006	100.000	98	0	0	1	98	289057	288764	5.68e-51	175
WP_003097713.1	18-C65_contig00003	100.000	98	0	0	1	98	402236	401943	5.68e-51	175
WP_003097713.1	57-C49_contig00002	100.000	98	0	0	1	98	201777	202070	5.68e-51	175
WP_003097713.1	13-C149_contig00002	100.000	98	0	0	1	98	476380	476673	5.68e-51	175
WP_003097713.1	47-C148_contig00001	100.000	98	0	0	1	98	434517	434810	5.68e-51	175
WP_003097713.1	46-C146_contig00002	100.000	98	0	0	1	98	434526	434819	5.68e-51	175
WP_003097713.1	14-C94_contig00004	100.000	98	0	0	1	98	334858	334565	5.68e-51	175
WP_003097713.1	12-C147_contig00002	100.000	98	0	0	1	98	517408	517701	5.68e-51	175
WP_003097713.1	19-C67_contig00002	100.000	98	0	0	1	98	69564	69857	5.68e-51	175
WP_003097713.1	48-C66_contig00001	100.000	98	0	0	1	98	902772	902479	5.68e-51	175
WP_003097713.1	20-C68_contig00001	100.000	98	0	0	1	98	902640	902347	5.68e-51	175
WP_003091745.1	41-C126_contig02876	99.130	115	1	0	1	115	154	498	1.90e-61	189
WP_003091745.1	44-C143_contig00994	99.123	114	1	0	1	114	154	495	1.82e-56	188
WP_003091745.1	6-C86_contig00022	100.000	114	0	0	1	114	84308	84649	8.28e-56	190
WP_003091745.1	4-C77_contig00008	100.000	114	0	0	1	114	253339	253680	8.29e-56	190
WP_003091745.1	27-A2_contig00006	100.000	114	0	0	1	114	129810	130151	9.23e-56	190
WP_003091745.1	55-C42_contig00001	100.000	114	0	0	1	114	912493	912152	9.23e-56	190
WP_003091745.1	75-C135_contig00005	100.000	114	0	0	1	114	95695	95354	1.02e-55	190
WP_003091745.1	95-C167_contig00011	100.000	114	0	0	1	114	84214	84555	1.16e-55	189
WP_003091745.1	21-C124_contig00233	98.246	114	2	0	1	114	1745	1404	1.48e-55	186
WP_003091745.1	85-A130_contig00024	99.130	115	1	0	1	115	30575	30231	1.85e-55	189
WP_003091745.1	84-A126_contig00035	99.130	115	1	0	1	115	22167	22511	1.85e-55	189
WP_003091745.1	93-A151_contig00044	99.130	115	1	0	1	115	22185	22529	1.85e-55	189
WP_003091745.1	86-A134_contig00036	99.130	115	1	0	1	115	30591	30247	1.85e-55	189
WP_003091745.1	95-A156_contig00044	99.130	115	1	0	1	115	22266	22610	1.85e-55	189
WP_003091745.1	94-A154_contig00040	99.130	115	1	0	1	115	22353	22697	1.85e-55	189
WP_003091745.1	89-A141_contig00039	99.130	115	1	0	1	115	30578	30234	1.85e-55	189
WP_003091745.1	82-A122_contig00021	99.130	115	1	0	1	115	30584	30240	1.85e-55	189
WP_003091745.1	92-A148_contig00011	99.130	115	1	0	1	115	43600	43256	1.85e-55	189
WP_003091745.1	90-A144_contig00019	99.130	115	1	0	1	115	84393	84737	1.85e-55	189
WP_003091745.1	91-A147_contig00021	99.130	115	1	0	1	115	49888	49544	1.85e-55	189
WP_003091745.1	87-A137_contig00016	99.130	115	1	0	1	115	73521	73177	1.85e-55	189
WP_003091745.1	83-A123_contig00013	99.130	115	1	0	1	115	77533	77189	1.85e-55	189
WP_003091745.1	81-A119_contig00014	99.130	115	1	0	1	115	77533	77189	1.85e-55	189
WP_003091745.1	45-C144_contig00034	99.123	114	1	0	1	114	1745	1404	3.51e-55	188
WP_003091745.1	66-C2_contig00022	99.123	114	1	0	1	114	8601	8260	3.51e-55	188
WP_003091745.1	32-C99_contig00028	99.123	114	1	0	1	114	8933	8592	3.51e-55	188
WP_003091745.1	31-C98_contig00026	99.123	114	1	0	1	114	9313	8972	3.51e-55	188
WP_003091745.1	18-C119_contig00012	99.123	114	1	0	1	114	74143	73802	3.51e-55	188
WP_003091745.1	40-C125_contig00012	99.123	114	1	0	1	114	111629	111288	3.51e-55	188
WP_003091745.1	29-C95_contig00011	99.123	114	1	0	1	114	133096	132755	3.51e-55	188
WP_003091745.1	15-C96_contig00013	99.123	114	1	0	1	114	132655	132314	3.51e-55	188
WP_003091745.1	30-C97_contig00013	99.123	114	1	0	1	114	84300	84641	3.51e-55	188
WP_003091745.1	24-C133_contig00013	99.123	114	1	0	1	114	84300	84641	3.51e-55	188
WP_003091745.1	9-C91_contig00012	99.123	114	1	0	1	114	84300	84641	3.51e-55	188
WP_003091745.1	82-C107_contig00012	99.123	114	1	0	1	114	132736	132395	3.51e-55	188
WP_003091745.1	60-C150_contig00010	99.123	114	1	0	1	114	132736	132395	3.51e-55	188
WP_003091745.1	54-C36_contig00012	99.123	114	1	0	1	114	84300	84641	3.51e-55	188
WP_003091745.1	51-C25_contig00011	99.123	114	1	0	1	114	84300	84641	3.51e-55	188
WP_003091745.1	39-B16_contig00010	99.123	114	1	0	1	114	84300	84641	3.51e-55	188
WP_003091745.1	3-C76_contig00012	99.123	114	1	0	1	114	132736	132395	3.51e-55	188
WP_003091745.1	25-C134_contig00015	99.123	114	1	0	1	114	84301	84642	3.51e-55	188
WP_003091745.1	23-C131_contig00011	99.123	114	1	0	1	114	132736	132395	3.51e-55	188
WP_003091745.1	11-C145_contig00012	99.123	114	1	0	1	114	84300	84641	3.51e-55	188
WP_003091745.1	46-B199_contig00006	99.123	114	1	0	1	114	254932	255273	3.52e-55	188
WP_003091745.1	7-C88_contig00010	97.368	114	3	0	1	114	200766	201107	6.38e-54	185
WP_003091745.1	41-B37_contig00002	97.368	114	3	0	1	114	234049	234390	6.38e-54	185
WP_003091745.1	41-C126_contig02875	86.087	115	16	0	1	115	154	498	2.33e-53	168
WP_003091745.1	80-A107_contig01823	86.087	115	16	0	1	115	384	40	1.91e-51	169
WP_003087135.1	41-C126_contig02357	99.123	114	1	0	15	128	258	599	4.38e-66	204
WP_003087135.1	44-C143_contig01335	99.123	114	1	0	15	128	791	1132	6.45e-63	204
WP_003087135.1	1-C3_contig00132	100.000	114	0	0	15	128	4597	4256	3.35e-61	206
WP_003087135.1	2-C4_contig00017	100.000	114	0	0	15	128	57212	56871	3.38e-61	206
WP_003087135.1	83-C109_contig00002	100.000	114	0	0	15	128	41887	42228	3.39e-61	206
WP_003087135.1	81-C105_contig00001	100.000	114	0	0	15	128	849201	848860	3.39e-61	206
WP_003087135.1	21-C78_contig00001	100.000	114	0	0	15	128	849201	848860	3.39e-61	206
WP_003087135.1	91-C159_contig00001	100.000	114	0	0	15	128	348085	348426	3.39e-61	206
WP_003087135.1	76-C137_contig00001	100.000	114	0	0	15	128	602972	602631	3.39e-61	206
WP_003087135.1	67-C5_contig00002	100.000	114	0	0	15	128	602962	602621	3.39e-61	206
WP_003087135.1	89-C156_contig00001	100.000	114	0	0	15	128	472836	473177	3.39e-61	206
WP_003087135.1	6-C13_contig00041	99.123	114	1	0	15	128	11492	11151	1.29e-60	204
WP_003087135.1	20-C123_contig00024	99.123	114	1	0	15	128	41155	40814	1.29e-60	204
WP_003087135.1	7-C14_contig00017	99.123	114	1	0	15	128	57202	56861	1.29e-60	204
WP_003087135.1	8-C15_contig00017	99.123	114	1	0	15	128	107047	106706	1.29e-60	204
WP_003087135.1	47-C63_contig00002	99.123	114	1	0	15	128	42962	43303	1.29e-60	204
WP_003087135.1	9-C17_contig00002	99.123	114	1	0	15	128	43170	43511	1.29e-60	204
WP_003087135.1	72-C16_contig00002	99.123	114	1	0	15	128	505405	505064	1.29e-60	204
WP_003087135.1	55-C42_contig00002	99.123	114	1	0	15	128	616818	616477	1.29e-60	204
WP_003087135.1	75-C135_contig00001	99.123	114	1	0	15	128	621431	621090	1.29e-60	204
WP_003087135.1	74-C20_contig00001	99.123	114	1	0	15	128	513348	513007	1.29e-60	204
WP_003087135.1	45-B191_contig00001	99.123	114	1	0	15	128	780835	780494	1.29e-60	204
WP_003087135.1	8-C89_contig00001	99.123	114	1	0	15	128	600411	600752	1.29e-60	204
WP_003087135.1	46-B199_contig00032	99.123	114	1	0	15	128	40030	40371	1.52e-60	204
WP_003087135.1	18-C119_contig00029	99.123	114	1	0	15	128	41885	42226	1.52e-60	204
WP_003087135.1	94-C164_contig00001	99.123	114	1	0	15	128	718719	718378	1.63e-60	204
WP_003087135.1	42-B62_contig00001	99.123	114	1	0	15	128	564725	564384	1.68e-60	204
WP_003087135.1	7-C88_contig00001	99.123	114	1	0	15	128	863859	863518	1.68e-60	204
WP_003087135.1	31-C98_contig00030	99.123	114	1	0	15	128	41888	42229	1.92e-60	204
WP_003087135.1	40-C125_contig00023	99.123	114	1	0	15	128	41888	42229	1.92e-60	204
WP_003087135.1	45-C144_contig00020	99.123	114	1	0	15	128	39032	39373	1.92e-60	204
WP_003087135.1	3-C76_contig00013	99.123	114	1	0	15	128	41888	42229	1.92e-60	204
WP_003087135.1	30-C97_contig00009	99.123	114	1	0	15	128	44354	44695	1.92e-60	204
WP_003087135.1	9-C91_contig00005	99.123	114	1	0	15	128	42593	42934	1.92e-60	204
WP_003087135.1	24-C133_contig00006	99.123	114	1	0	15	128	44354	44695	1.92e-60	204
WP_003087135.1	54-C36_contig00005	99.123	114	1	0	15	128	44354	44695	1.92e-60	204
WP_003087135.1	82-C107_contig00007	99.123	114	1	0	15	128	304647	304306	1.92e-60	204
WP_003087135.1	25-C134_contig00006	99.123	114	1	0	15	128	304728	304387	1.92e-60	204
WP_003087135.1	32-C99_contig00004	99.123	114	1	0	15	128	344026	343685	1.92e-60	204
WP_003087135.1	15-C96_contig00005	99.123	114	1	0	15	128	44354	44695	1.92e-60	204
WP_003087135.1	29-C95_contig00003	99.123	114	1	0	15	128	344026	343685	1.92e-60	204
WP_003087135.1	23-C131_contig00007	99.123	114	1	0	15	128	44354	44695	1.92e-60	204
WP_003087135.1	60-C150_contig00004	99.123	114	1	0	15	128	532388	532047	1.92e-60	204
WP_003087135.1	66-C2_contig00003	99.123	114	1	0	15	128	543052	542711	1.92e-60	204
WP_003087135.1	11-C145_contig00002	99.123	114	1	0	15	128	44354	44695	1.92e-60	204
WP_003087135.1	51-C25_contig00004	99.123	114	1	0	15	128	44354	44695	1.92e-60	204
WP_003087135.1	39-B16_contig00002	99.123	114	1	0	15	128	44354	44695	1.92e-60	204
WP_003087135.1	16-C45_contig00005	99.123	114	1	0	15	128	98034	97693	2.11e-60	204
WP_003087135.1	15-C44_contig00006	99.123	114	1	0	15	128	16650	16991	2.11e-60	204
WP_003087135.1	56-C43_contig00007	99.123	114	1	0	15	128	16660	17001	2.11e-60	204
WP_003087135.1	13-C149_contig00001	99.123	114	1	0	15	128	516621	516280	2.12e-60	204
WP_003087135.1	24-C81_contig00010	98.246	114	2	0	15	128	117411	117070	9.49e-60	202
WP_003087135.1	23-C80_contig00005	98.246	114	2	0	15	128	356453	356112	9.50e-60	202
WP_003087135.1	26-C84_contig00004	98.246	114	2	0	15	128	356453	356112	9.50e-60	202
WP_003087135.1	25-C83_contig00001	98.246	114	2	0	15	128	257400	257059	9.50e-60	202
WP_003087135.1	37-C61_contig00002	98.246	114	2	0	15	128	639968	639627	9.50e-60	202
WP_003087135.1	5-C82_contig00003	98.246	114	2	0	15	128	356726	357067	9.50e-60	202
WP_003087135.1	22-C79_contig00002	98.246	114	2	0	15	128	482292	482633	9.50e-60	202
WP_003087135.1	95-C167_contig00001	99.107	112	1	0	17	128	347883	348218	1.11e-59	202
WP_003087135.1	4-C77_contig00004	100.000	111	0	0	18	128	369938	369606	3.58e-59	200
WP_003087135.1	6-C86_contig00002	100.000	111	0	0	18	128	369938	369606	3.58e-59	200
WP_003087135.1	41-B37_contig00001	100.000	111	0	0	18	128	347993	348325	4.07e-59	200
WP_003087135.1	38-B3_contig00006	100.000	111	0	0	18	128	468582	468250	4.14e-59	200
WP_003087135.1	85-A130_contig00149	100.000	111	0	0	18	128	4569	4237	4.25e-59	200
WP_003087135.1	84-A126_contig00096	100.000	111	0	0	18	128	9510	9842	4.27e-59	200
WP_003087135.1	94-A154_contig00088	100.000	111	0	0	18	128	11357	11025	4.27e-59	200
WP_003087135.1	89-A141_contig00037	100.000	111	0	0	18	128	11273	10941	4.29e-59	200
WP_003087135.1	86-A134_contig00035	100.000	111	0	0	18	128	11286	10954	4.29e-59	200
WP_003087135.1	92-A148_contig00041	100.000	111	0	0	18	128	41895	42227	4.29e-59	200
WP_003087135.1	95-A156_contig00030	100.000	111	0	0	18	128	57004	56672	4.30e-59	200
WP_003087135.1	82-A122_contig00028	100.000	111	0	0	18	128	41895	42227	4.30e-59	200
WP_003087135.1	93-A151_contig00017	100.000	111	0	0	18	128	9523	9855	4.30e-59	200
WP_003087135.1	87-A137_contig00021	100.000	111	0	0	18	128	41895	42227	4.30e-59	200
WP_003087135.1	91-A147_contig00022	100.000	111	0	0	18	128	41895	42227	4.30e-59	200
WP_003087135.1	90-A144_contig00020	100.000	111	0	0	18	128	41895	42227	4.30e-59	200
WP_003087135.1	83-A123_contig00020	100.000	111	0	0	18	128	41895	42227	4.30e-59	200
WP_003087135.1	81-A119_contig00020	100.000	111	0	0	18	128	90901	90569	4.30e-59	200
WP_003087135.1	21-C124_contig00002	100.000	111	0	0	18	128	40556	40224	4.31e-59	200
WP_003087135.1	78-C141_contig00002	100.000	111	0	0	18	128	348104	348436	4.61e-59	200
WP_003087135.1	77-C139_contig00002	100.000	111	0	0	18	128	348104	348436	4.61e-59	200
WP_003087135.1	27-A2_contig00001	98.969	97	1	0	15	111	584714	585004	6.11e-59	200
WP_003087135.1	59-A60_contig00135	99.099	111	1	0	18	128	1448	1116	2.35e-58	198
WP_003087135.1	61-A71_contig00015	99.099	111	1	0	18	128	44357	44025	2.37e-58	198
WP_003087135.1	55-A54_contig00021	99.099	111	1	0	18	128	71602	71934	2.37e-58	198
WP_003087135.1	53-A52_contig00022	99.099	111	1	0	18	128	57397	57065	2.37e-58	198
WP_003087135.1	60-A70_contig00009	99.099	111	1	0	18	128	106736	106404	2.37e-58	198
WP_003087135.1	52-A48_contig00012	99.099	111	1	0	18	128	71511	71843	2.37e-58	198
WP_003087135.1	54-A53_contig00008	99.099	111	1	0	18	128	233942	233610	2.37e-58	198
WP_003087135.1	62-A72_contig00005	99.099	111	1	0	18	128	281568	281236	2.37e-58	198
WP_003087135.1	51-A46_contig00004	99.099	111	1	0	18	128	233970	233638	2.37e-58	198
WP_003087135.1	67-A78_contig00002	99.099	111	1	0	18	128	472023	472355	2.37e-58	198
WP_003087135.1	78-A100_contig00003	99.099	111	1	0	18	128	472909	473241	2.37e-58	198
WP_003087135.1	64-A75_contig00002	99.099	111	1	0	18	128	233977	233645	2.37e-58	198
WP_003087135.1	70-A82_contig00002	99.099	111	1	0	18	128	71600	71932	2.37e-58	198
WP_003087135.1	57-A56_contig00002	99.099	111	1	0	18	128	534525	534193	2.37e-58	198
WP_003087135.1	56-A55_contig00002	99.099	111	1	0	18	128	470125	470457	2.37e-58	198
WP_003087135.1	63-A73_contig00001	99.099	111	1	0	18	128	470155	470487	2.37e-58	198
WP_003087135.1	69-A81_contig00002	99.099	111	1	0	18	128	233971	233639	2.37e-58	198
WP_003087135.1	58-A58_contig00001	99.099	111	1	0	18	128	534525	534193	2.37e-58	198
WP_003087135.1	64-C73_contig00002	99.099	111	1	0	18	128	347996	348328	2.37e-58	198
WP_003087135.1	96-C168_contig00002	99.099	111	1	0	18	128	527037	526705	2.37e-58	198
WP_003087135.1	65-A76_contig00001	99.099	111	1	0	18	128	957999	957667	2.37e-58	198
WP_003087135.1	26-A1_contig00001	99.099	111	1	0	18	128	606627	606295	2.37e-58	198
WP_016253705.1	44-C143_contig01372	99.505	202	1	0	1	202	981	1586	9.38e-127	371
WP_016253705.1	65-C74_contig00003	100.000	204	0	0	1	204	327893	327282	6.58e-120	378
WP_016253705.1	44-B114_contig00001	99.510	204	1	0	1	204	749891	750502	1.46e-119	377
WP_016253705.1	5-C12_contig00057	99.510	204	1	0	1	204	11135	11746	2.58e-119	376
WP_016253705.1	59-C54_contig00007	99.510	204	1	0	1	204	210520	211131	2.60e-119	376
WP_016253705.1	19-C67_contig00007	99.510	204	1	0	1	204	264960	264349	2.60e-119	376
WP_016253705.1	18-C65_contig00006	99.510	204	1	0	1	204	18534	19145	2.60e-119	376
WP_016253705.1	71-C11_contig00005	99.510	204	1	0	1	204	83177	82566	2.60e-119	376
WP_016253705.1	48-C66_contig00005	99.510	204	1	0	1	204	312976	313587	2.60e-119	376
WP_016253705.1	20-C68_contig00005	99.510	204	1	0	1	204	312976	313587	2.60e-119	376
WP_016253705.1	17-C64_contig00002	99.510	204	1	0	1	204	312976	313587	2.60e-119	376
WP_016253705.1	22-C128_contig00001	99.510	204	1	0	1	204	746302	746913	2.60e-119	376
WP_016253705.1	42-B62_contig00001	99.510	204	1	0	1	204	272471	271860	2.60e-119	376
WP_016253705.1	42-C127_contig00001	99.510	204	1	0	1	204	617535	618146	2.60e-119	376
WP_016253705.1	15-C44_contig00018	99.510	204	1	0	1	204	72404	71793	2.75e-119	376
WP_016253705.1	16-C45_contig00013	99.510	204	1	0	1	204	72404	71793	2.75e-119	376
WP_016253705.1	56-C43_contig00015	99.510	204	1	0	1	204	23157	23768	2.75e-119	376
WP_016253705.1	13-C149_contig00001	99.510	204	1	0	1	204	328447	327836	2.76e-119	376
WP_016253705.1	74-C20_contig00001	99.510	204	1	0	1	204	329989	329378	2.78e-119	376
WP_016253705.1	6-C13_contig00028	99.020	204	2	0	1	204	47850	47239	3.53e-119	376
WP_016253705.1	7-C14_contig00026	99.020	204	2	0	1	204	17229	17840	3.53e-119	376
WP_016253705.1	8-C15_contig00007	99.020	204	2	0	1	204	248173	247562	3.54e-119	376
WP_016253705.1	20-C123_contig00002	99.020	204	2	0	1	204	248155	247544	3.55e-119	376
WP_016253705.1	47-C63_contig00002	99.020	204	2	0	1	204	300198	300809	3.55e-119	376
WP_016253705.1	9-C17_contig00002	99.020	204	2	0	1	204	300405	301016	3.55e-119	376
WP_016253705.1	72-C16_contig00002	99.020	204	2	0	1	204	248171	247560	3.55e-119	376
WP_016253705.1	39-C118_contig00004	99.020	204	2	0	1	204	595485	594874	3.91e-119	376
WP_016253705.1	88-C117_contig00001	99.020	204	2	0	1	204	610130	610741	3.91e-119	376
WP_016253705.1	38-C116_contig00001	99.020	204	2	0	1	204	610723	611334	3.91e-119	376
WP_016253705.1	94-C164_contig00001	99.020	204	2	0	1	204	427505	426894	3.91e-119	376
WP_016253705.1	43-C129_contig00001	99.020	204	2	0	1	204	737472	738083	3.91e-119	376
WP_016253705.1	38-B3_contig00006	99.020	204	2	0	1	204	283012	282401	4.39e-119	376
WP_016253705.1	41-C126_contig00196	99.510	204	1	0	1	204	4824	4213	5.91e-119	375
WP_016253705.1	73-A90_contig00030	99.020	204	2	0	1	204	44491	43880	6.06e-119	375
WP_016253705.1	74-A91_contig00032	99.020	204	2	0	1	204	56355	55744	6.07e-119	375
WP_016253705.1	75-A92_contig00026	99.020	204	2	0	1	204	56361	55750	6.07e-119	375
WP_016253705.1	76-A95_contig00005	99.020	204	2	0	1	204	13516	14127	6.09e-119	375
WP_016253705.1	79-A106_contig00004	99.020	204	2	0	1	204	274781	274170	6.09e-119	375
WP_016253705.1	77-A97_contig00006	99.020	204	2	0	1	204	17539	18150	6.09e-119	375
WP_016253705.1	66-A77_contig00009	99.020	204	2	0	1	204	18629	19240	6.09e-119	375
WP_016253705.1	72-A86_contig00004	99.020	204	2	0	1	204	18661	19272	6.09e-119	375
WP_016253705.1	68-A80_contig00004	99.020	204	2	0	1	204	274781	274170	6.09e-119	375
WP_016253705.1	71-A85_contig00001	99.020	204	2	0	1	204	431771	431160	6.10e-119	375
WP_016253705.1	30-C97_contig00035	99.510	204	1	0	1	204	13564	12953	6.34e-119	375
WP_016253705.1	45-C144_contig00032	99.510	204	1	0	1	204	5190	5801	6.38e-119	375
WP_016253705.1	3-C76_contig00018	99.510	204	1	0	1	204	115768	116379	6.39e-119	375
WP_016253705.1	40-C125_contig00007	99.510	204	1	0	1	204	227981	228592	6.39e-119	375
WP_016253705.1	31-C98_contig00006	99.510	204	1	0	1	204	228007	228618	6.39e-119	375
WP_016253705.1	9-C91_contig00005	99.510	204	1	0	1	204	315074	315685	6.39e-119	375
WP_016253705.1	24-C133_contig00006	99.510	204	1	0	1	204	316836	317447	6.39e-119	375
WP_016253705.1	54-C36_contig00005	99.510	204	1	0	1	204	316835	317446	6.39e-119	375
WP_016253705.1	82-C107_contig00007	99.510	204	1	0	1	204	32166	31555	6.39e-119	375
WP_016253705.1	25-C134_contig00006	99.510	204	1	0	1	204	32246	31635	6.39e-119	375
WP_016253705.1	32-C99_contig00004	99.510	204	1	0	1	204	71545	70934	6.40e-119	375
WP_016253705.1	15-C96_contig00005	99.510	204	1	0	1	204	316835	317446	6.40e-119	375
WP_016253705.1	29-C95_contig00003	99.510	204	1	0	1	204	71545	70934	6.40e-119	375
WP_016253705.1	23-C131_contig00007	99.510	204	1	0	1	204	316835	317446	6.40e-119	375
WP_016253705.1	60-C150_contig00004	99.510	204	1	0	1	204	259907	259296	6.40e-119	375
WP_016253705.1	66-C2_contig00003	99.510	204	1	0	1	204	270571	269960	6.40e-119	375
WP_016253705.1	11-C145_contig00002	99.510	204	1	0	1	204	316835	317446	6.40e-119	375
WP_016253705.1	51-C25_contig00004	99.510	204	1	0	1	204	316835	317446	6.40e-119	375
WP_016253705.1	39-B16_contig00002	99.510	204	1	0	1	204	316823	317434	6.40e-119	375
WP_016253705.1	55-C42_contig00002	99.510	204	1	0	1	204	356217	355606	6.40e-119	375
WP_016253705.1	19-C120_contig00006	99.020	204	2	0	1	204	25272	25883	8.38e-119	375
WP_016253705.1	1-C3_contig00024	99.020	204	2	0	1	204	12334	12945	9.01e-119	375
WP_016253705.1	2-C4_contig00001	99.020	204	2	0	1	204	372345	371734	9.06e-119	375
WP_016253705.1	91-C159_contig00001	99.020	204	2	0	1	204	619433	620044	9.07e-119	375
WP_016253705.1	76-C137_contig00001	99.020	204	2	0	1	204	331630	331019	9.07e-119	375
WP_016253705.1	67-C5_contig00002	99.020	204	2	0	1	204	331630	331019	9.07e-119	375
WP_016253705.1	89-C156_contig00001	99.020	204	2	0	1	204	744184	744795	9.07e-119	375
WP_016253705.1	33-C101_contig00021	99.020	204	2	0	1	204	18628	19239	9.30e-119	375
WP_016253705.1	34-C103_contig00003	99.020	204	2	0	1	204	307456	308067	9.33e-119	375
WP_016253705.1	33-C57_contig00003	99.020	204	2	0	1	204	74410	73799	9.33e-119	375
WP_016253705.1	17-C102_contig00002	99.020	204	2	0	1	204	474615	475226	9.33e-119	375
WP_016253705.1	34-C58_contig00001	99.020	204	2	0	1	204	74409	73798	9.33e-119	375
WP_016253705.1	36-C60_contig00001	99.020	204	2	0	1	204	626008	626619	9.33e-119	375
WP_016253705.1	32-C56_contig00002	99.020	204	2	0	1	204	74617	74006	9.33e-119	375
WP_016253705.1	31-C55_contig00002	99.020	204	2	0	1	204	626008	626619	9.33e-119	375
WP_016253705.1	35-C59_contig00001	99.020	204	2	0	1	204	74409	73798	9.33e-119	375
WP_016253705.1	16-C100_contig00002	99.020	204	2	0	1	204	308872	309483	9.42e-119	375
WP_016253705.1	83-C109_contig00002	99.020	204	2	0	1	204	300243	300854	9.42e-119	375
WP_016253705.1	81-C105_contig00001	99.020	204	2	0	1	204	590845	590234	9.42e-119	375
WP_016253705.1	21-C78_contig00001	99.020	204	2	0	1	204	590845	590234	9.42e-119	375
WP_016253705.1	63-C71_contig00001	99.020	204	2	0	1	204	641295	641906	9.70e-119	375
WP_016253705.1	85-A130_contig00020	99.020	204	2	0	1	204	44284	43673	1.23e-118	374
WP_016253705.1	86-A134_contig00024	99.020	204	2	0	1	204	17223	17834	1.23e-118	374
WP_016253705.1	93-A151_contig00035	99.020	204	2	0	1	204	17224	17835	1.23e-118	374
WP_016253705.1	95-A156_contig00033	99.020	204	2	0	1	204	44305	43694	1.23e-118	374
WP_016253705.1	84-A126_contig00019	99.020	204	2	0	1	204	52774	52163	1.23e-118	374
WP_016253705.1	94-A154_contig00024	99.020	204	2	0	1	204	17258	17869	1.23e-118	374
WP_016253705.1	89-A141_contig00004	99.020	204	2	0	1	204	17259	17870	1.23e-118	374
WP_016253705.1	92-A148_contig00002	99.020	204	2	0	1	204	17237	17848	1.23e-118	374
WP_016253705.1	91-A147_contig00003	99.020	204	2	0	1	204	271704	271093	1.23e-118	374
WP_016253705.1	90-A144_contig00006	99.020	204	2	0	1	204	271704	271093	1.23e-118	374
WP_016253705.1	82-A122_contig00004	99.020	204	2	0	1	204	22212	22823	1.23e-118	374
WP_016253705.1	83-A123_contig00006	99.020	204	2	0	1	204	271704	271093	1.23e-118	374
WP_016253705.1	81-A119_contig00004	99.020	204	2	0	1	204	271704	271093	1.23e-118	374
WP_016253705.1	87-A137_contig00002	99.020	204	2	0	1	204	271709	271098	1.24e-118	374
WP_016253705.1	30-A36_contig00001	98.529	204	3	0	1	204	581483	580872	1.60e-118	374
WP_016253705.1	58-C51_contig00001	98.529	204	3	0	1	204	318953	318342	1.60e-118	374
WP_016253705.1	96-A163_contig00306	98.529	204	3	0	1	204	471	1082	1.77e-118	373
WP_016253705.1	11-C22_contig00007	98.529	204	3	0	1	204	13518	14129	1.93e-118	374
WP_016253705.1	10-C21_contig00001	98.529	204	3	0	1	204	250074	249463	1.93e-118	374
WP_016253705.1	50-C23_contig00001	98.529	204	3	0	1	204	253631	253020	1.93e-118	374
WP_016253705.1	75-C135_contig00001	99.020	204	2	0	1	204	322120	321509	2.41e-118	374
WP_016253705.1	92-C160_contig00007	99.020	204	2	0	1	204	30299	29688	2.60e-118	374
WP_016253705.1	61-C151_contig00005	99.020	204	2	0	1	204	294902	295513	2.60e-118	374
WP_016253705.1	93-C161_contig00003	99.020	204	2	0	1	204	232812	233423	2.60e-118	374
WP_016253705.1	2-C155_contig00003	99.020	204	2	0	1	204	329646	329035	2.60e-118	374
WP_016253705.1	8-C89_contig00001	99.020	204	2	0	1	204	771514	772125	2.60e-118	374
WP_016253705.1	24-C81_contig00031	99.020	204	2	0	1	204	61655	61044	2.80e-118	374
WP_016253705.1	25-C83_contig00023	99.020	204	2	0	1	204	76554	75943	2.80e-118	374
WP_016253705.1	23-C80_contig00005	99.020	204	2	0	1	204	76555	75944	2.81e-118	374
WP_016253705.1	26-C84_contig00004	99.020	204	2	0	1	204	76555	75944	2.81e-118	374
WP_016253705.1	37-C61_contig00002	99.020	204	2	0	1	204	360498	359887	2.81e-118	374
WP_016253705.1	5-C82_contig00003	99.020	204	2	0	1	204	636624	637235	2.81e-118	374
WP_016253705.1	22-C79_contig00002	99.020	204	2	0	1	204	762192	762803	2.81e-118	374
WP_016253705.1	18-C119_contig00026	99.020	204	2	0	1	204	69035	68424	2.83e-118	374
WP_016253705.1	46-B199_contig00010	99.020	204	2	0	1	204	69035	68424	2.84e-118	374
WP_016253705.1	59-A60_contig00117	99.020	204	2	0	1	204	6347	5736	3.29e-118	373
WP_016253705.1	28-C87_contig00046	98.529	204	3	0	1	204	6372	5761	3.29e-118	373
WP_016253705.1	12-C31_contig00029	98.529	204	3	0	1	204	11134	11745	3.30e-118	373
WP_016253705.1	36-C108_contig00031	98.529	204	3	0	1	204	47812	47201	3.30e-118	373
WP_016253705.1	13-C32_contig00028	98.529	204	3	0	1	204	13513	14124	3.30e-118	373
WP_016253705.1	35-C106_contig00027	98.529	204	3	0	1	204	72296	71685	3.30e-118	373
WP_016253705.1	27-C85_contig00023	98.529	204	3	0	1	204	18601	19212	3.30e-118	373
WP_016253705.1	90-C158_contig00010	98.529	204	3	0	1	204	54384	53773	3.31e-118	373
WP_016253705.1	62-C153_contig00010	98.529	204	3	0	1	204	54384	53773	3.31e-118	373
WP_016253705.1	14-C33_contig00012	98.529	204	3	0	1	204	141104	141715	3.31e-118	373
WP_016253705.1	87-C114_contig00011	98.529	204	3	0	1	204	72304	71693	3.31e-118	373
WP_016253705.1	73-C18_contig00010	98.529	204	3	0	1	204	72423	71812	3.31e-118	373
WP_016253705.1	80-C104_contig00009	98.529	204	3	0	1	204	72296	71685	3.31e-118	373
WP_016253705.1	85-C111_contig00009	98.529	204	3	0	1	204	121946	121335	3.31e-118	373
WP_016253705.1	86-C112_contig00007	98.529	204	3	0	1	204	121946	121335	3.31e-118	373
WP_016253705.1	28-A12_contig00004	98.529	204	3	0	1	204	300769	300158	3.31e-118	373
WP_016253705.1	37-C115_contig00001	98.529	204	3	0	1	204	575126	574515	3.31e-118	373
WP_016253705.1	40-B34_contig00003	98.529	204	3	0	1	204	372933	372322	3.31e-118	373
WP_016253705.1	84-C110_contig00002	98.529	204	3	0	1	204	706362	706973	3.31e-118	373
WP_016253705.1	52-A48_contig00045	99.020	204	2	0	1	204	28961	28350	3.32e-118	373
WP_016253705.1	55-A54_contig00041	99.020	204	2	0	1	204	13545	14156	3.32e-118	373
WP_016253705.1	51-A46_contig00030	99.020	204	2	0	1	204	28961	28350	3.32e-118	373
WP_016253705.1	60-A70_contig00032	99.020	204	2	0	1	204	58127	57516	3.33e-118	373
WP_016253705.1	61-A71_contig00034	99.020	204	2	0	1	204	13509	14120	3.33e-118	373
WP_016253705.1	56-A55_contig00012	99.020	204	2	0	1	204	18623	19234	3.34e-118	373
WP_016253705.1	67-A78_contig00008	99.020	204	2	0	1	204	17582	18193	3.34e-118	373
WP_016253705.1	64-A75_contig00009	99.020	204	2	0	1	204	281701	281090	3.34e-118	373
WP_016253705.1	62-A72_contig00005	99.020	204	2	0	1	204	28961	28350	3.34e-118	373
WP_016253705.1	63-A73_contig00007	99.020	204	2	0	1	204	353813	353202	3.35e-118	373
WP_016253705.1	78-A100_contig00007	99.020	204	2	0	1	204	277684	277073	3.35e-118	373
WP_016253705.1	70-A82_contig00002	99.020	204	2	0	1	204	324211	324822	3.35e-118	373
WP_016253705.1	57-A56_contig00002	99.020	204	2	0	1	204	281918	281307	3.35e-118	373
WP_016253705.1	53-A52_contig00001	99.020	204	2	0	1	204	17530	18141	3.35e-118	373
WP_016253705.1	69-A81_contig00001	99.020	204	2	0	1	204	704904	704293	3.35e-118	373
WP_016253705.1	54-A53_contig00001	99.020	204	2	0	1	204	705448	704837	3.35e-118	373
WP_016253705.1	58-A58_contig00001	99.020	204	2	0	1	204	281918	281307	3.35e-118	373
WP_016253705.1	64-C73_contig00002	99.020	204	2	0	1	204	600606	601217	3.35e-118	373
WP_016253705.1	96-C168_contig00002	99.020	204	2	0	1	204	274427	273816	3.35e-118	373
WP_016253705.1	65-A76_contig00001	99.020	204	2	0	1	204	705392	704781	3.35e-118	373
WP_016253705.1	26-A1_contig00001	99.020	204	2	0	1	204	354005	353394	3.35e-118	373
WP_016253705.1	49-C69_contig00003	98.529	204	3	0	1	204	419355	418744	4.10e-118	373
WP_016253705.1	78-C141_contig00003	99.020	204	2	0	1	204	232530	231919	4.30e-118	373
WP_016253705.1	77-C139_contig00003	99.020	204	2	0	1	204	232530	231919	4.30e-118	373
WP_016253705.1	4-C77_contig00004	98.529	204	3	0	1	204	84648	84037	5.59e-118	372
WP_016253705.1	6-C86_contig00002	98.529	204	3	0	1	204	84648	84037	5.59e-118	372
WP_016253705.1	95-C167_contig00001	98.529	204	3	0	1	204	612673	613284	5.59e-118	372
WP_016253705.1	4-C10_contig00309	98.529	204	3	0	1	204	6139	5528	7.32e-118	372
WP_016253705.1	49-A4_contig00014	98.529	204	3	0	1	204	116037	115426	7.38e-118	372
WP_016253705.1	48-A3_contig00013	98.529	204	3	0	1	204	116221	115610	7.38e-118	372
WP_016253705.1	50-A5_contig00014	98.529	204	3	0	1	204	116225	115614	7.38e-118	372
WP_016253705.1	79-C142_contig00004	98.529	204	3	0	1	204	54384	53773	7.40e-118	372
WP_016253705.1	10-C92_contig00003	98.529	204	3	0	1	204	310756	311367	7.40e-118	372
WP_016253705.1	52-C29_contig00002	98.529	204	3	0	1	204	330090	329479	7.40e-118	372
WP_016253705.1	53-C30_contig00002	98.529	204	3	0	1	204	427818	427207	7.40e-118	372
WP_016253705.1	27-A2_contig00001	98.529	204	3	0	1	204	754879	755490	8.15e-118	372
WP_016253705.1	3-C8_contig00069	98.529	204	3	0	1	204	12442	13053	8.22e-118	372
WP_016253705.1	70-C9_contig00022	98.529	204	3	0	1	204	52002	52613	8.27e-118	372
WP_016253705.1	69-C7_contig00003	98.529	204	3	0	1	204	258766	258155	8.31e-118	372
WP_016253705.1	68-C6_contig00003	98.529	204	3	0	1	204	258766	258155	8.31e-118	372
WP_016253705.1	45-B191_contig00001	98.529	204	3	0	1	204	591732	591121	1.14e-117	372
WP_016253705.1	29-A19_contig00037	98.529	204	3	0	1	204	3096	3707	2.44e-117	371
WP_016253705.1	57-C49_contig00006	97.549	204	5	0	1	204	277453	276842	3.19e-117	370
WP_016253705.1	47-C148_contig00004	97.549	204	5	0	1	204	18625	19236	3.19e-117	370
WP_016253705.1	14-C94_contig00007	97.549	204	5	0	1	204	551224	550613	3.19e-117	370
WP_016253705.1	46-C146_contig00001	97.549	204	5	0	1	204	474668	475279	3.19e-117	370
WP_016253705.1	12-C147_contig00001	97.549	204	5	0	1	204	762853	762242	3.19e-117	370
WP_016253705.1	41-B37_contig00001	98.039	204	4	0	1	204	641960	642571	7.12e-117	369
WP_016253705.1	7-C88_contig00001	98.039	204	4	0	1	204	599219	598608	1.51e-116	369
WP_016253705.1	21-C124_contig00081	97.549	204	5	0	1	204	5192	5803	5.58e-116	367
WP_016253705.1	80-A107_contig01734	99.355	155	1	0	1	155	695	1159	9.51e-92	277
WP_003159810.1	44-C143_contig01372	99.505	202	1	0	1	202	981	1586	2.12e-126	370
WP_003159810.1	92-C160_contig00007	100.000	204	0	0	1	204	30299	29688	1.21e-119	377
WP_003159810.1	61-C151_contig00005	100.000	204	0	0	1	204	294902	295513	1.21e-119	377
WP_003159810.1	93-C161_contig00003	100.000	204	0	0	1	204	232812	233423	1.21e-119	377
WP_003159810.1	2-C155_contig00003	100.000	204	0	0	1	204	329646	329035	1.21e-119	377
WP_003159810.1	8-C89_contig00001	100.000	204	0	0	1	204	771514	772125	1.21e-119	377
WP_003159810.1	49-C69_contig00003	99.510	204	1	0	1	204	419355	418744	2.29e-119	377
WP_003159810.1	44-B114_contig00001	99.510	204	1	0	1	204	749891	750502	4.56e-119	376
WP_003159810.1	15-C44_contig00018	99.510	204	1	0	1	204	72404	71793	7.96e-119	375
WP_003159810.1	16-C45_contig00013	99.510	204	1	0	1	204	72404	71793	7.97e-119	375
WP_003159810.1	56-C43_contig00015	99.510	204	1	0	1	204	23157	23768	7.97e-119	375
WP_003159810.1	13-C149_contig00001	99.510	204	1	0	1	204	328447	327836	7.99e-119	375
WP_003159810.1	74-C20_contig00001	99.510	204	1	0	1	204	329989	329378	9.42e-119	375
WP_003159810.1	5-C12_contig00057	99.510	204	1	0	1	204	11135	11746	9.44e-119	375
WP_003159810.1	59-C54_contig00007	99.510	204	1	0	1	204	210520	211131	9.50e-119	375
WP_003159810.1	19-C67_contig00007	99.510	204	1	0	1	204	264960	264349	9.51e-119	375
WP_003159810.1	18-C65_contig00006	99.510	204	1	0	1	204	18534	19145	9.51e-119	375
WP_003159810.1	71-C11_contig00005	99.510	204	1	0	1	204	83177	82566	9.51e-119	375
WP_003159810.1	48-C66_contig00005	99.510	204	1	0	1	204	312976	313587	9.51e-119	375
WP_003159810.1	20-C68_contig00005	99.510	204	1	0	1	204	312976	313587	9.51e-119	375
WP_003159810.1	17-C64_contig00002	99.510	204	1	0	1	204	312976	313587	9.51e-119	375
WP_003159810.1	22-C128_contig00001	99.510	204	1	0	1	204	746302	746913	9.51e-119	375
WP_003159810.1	42-B62_contig00001	99.510	204	1	0	1	204	272471	271860	9.52e-119	375
WP_003159810.1	42-C127_contig00001	99.510	204	1	0	1	204	617535	618146	9.52e-119	375
WP_003159810.1	6-C13_contig00028	99.020	204	2	0	1	204	47850	47239	1.17e-118	374
WP_003159810.1	7-C14_contig00026	99.020	204	2	0	1	204	17229	17840	1.17e-118	374
WP_003159810.1	8-C15_contig00007	99.020	204	2	0	1	204	248173	247562	1.18e-118	374
WP_003159810.1	20-C123_contig00002	99.020	204	2	0	1	204	248155	247544	1.18e-118	374
WP_003159810.1	47-C63_contig00002	99.020	204	2	0	1	204	300198	300809	1.18e-118	374
WP_003159810.1	9-C17_contig00002	99.020	204	2	0	1	204	300405	301016	1.18e-118	374
WP_003159810.1	72-C16_contig00002	99.020	204	2	0	1	204	248171	247560	1.18e-118	374
WP_003159810.1	39-C118_contig00004	99.020	204	2	0	1	204	595485	594874	1.43e-118	374
WP_003159810.1	88-C117_contig00001	99.020	204	2	0	1	204	610130	610741	1.43e-118	374
WP_003159810.1	38-C116_contig00001	99.020	204	2	0	1	204	610723	611334	1.43e-118	374
WP_003159810.1	94-C164_contig00001	99.020	204	2	0	1	204	427505	426894	1.43e-118	374
WP_003159810.1	43-C129_contig00001	99.020	204	2	0	1	204	737472	738083	1.43e-118	374
WP_003159810.1	41-C126_contig00196	99.510	204	1	0	1	204	4824	4213	1.51e-118	374
WP_003159810.1	38-B3_contig00006	99.020	204	2	0	1	204	283012	282401	1.54e-118	374
WP_003159810.1	30-C97_contig00035	99.510	204	1	0	1	204	13564	12953	1.62e-118	374
WP_003159810.1	45-C144_contig00032	99.510	204	1	0	1	204	5190	5801	1.63e-118	374
WP_003159810.1	3-C76_contig00018	99.510	204	1	0	1	204	115768	116379	1.63e-118	374
WP_003159810.1	40-C125_contig00007	99.510	204	1	0	1	204	227981	228592	1.63e-118	374
WP_003159810.1	31-C98_contig00006	99.510	204	1	0	1	204	228007	228618	1.63e-118	374
WP_003159810.1	9-C91_contig00005	99.510	204	1	0	1	204	315074	315685	1.63e-118	374
WP_003159810.1	24-C133_contig00006	99.510	204	1	0	1	204	316836	317447	1.63e-118	374
WP_003159810.1	54-C36_contig00005	99.510	204	1	0	1	204	316835	317446	1.63e-118	374
WP_003159810.1	82-C107_contig00007	99.510	204	1	0	1	204	32166	31555	1.63e-118	374
WP_003159810.1	25-C134_contig00006	99.510	204	1	0	1	204	32246	31635	1.63e-118	374
WP_003159810.1	32-C99_contig00004	99.510	204	1	0	1	204	71545	70934	1.63e-118	374
WP_003159810.1	15-C96_contig00005	99.510	204	1	0	1	204	316835	317446	1.63e-118	374
WP_003159810.1	29-C95_contig00003	99.510	204	1	0	1	204	71545	70934	1.63e-118	374
WP_003159810.1	23-C131_contig00007	99.510	204	1	0	1	204	316835	317446	1.63e-118	374
WP_003159810.1	60-C150_contig00004	99.510	204	1	0	1	204	259907	259296	1.64e-118	374
WP_003159810.1	66-C2_contig00003	99.510	204	1	0	1	204	270571	269960	1.64e-118	374
WP_003159810.1	11-C145_contig00002	99.510	204	1	0	1	204	316835	317446	1.64e-118	374
WP_003159810.1	51-C25_contig00004	99.510	204	1	0	1	204	316835	317446	1.64e-118	374
WP_003159810.1	39-B16_contig00002	99.510	204	1	0	1	204	316823	317434	1.64e-118	374
WP_003159810.1	55-C42_contig00002	99.510	204	1	0	1	204	356217	355606	1.64e-118	374
WP_003159810.1	57-C49_contig00006	98.529	204	3	0	1	204	277453	276842	1.75e-118	374
WP_003159810.1	47-C148_contig00004	98.529	204	3	0	1	204	18625	19236	1.75e-118	374
WP_003159810.1	14-C94_contig00007	98.529	204	3	0	1	204	551224	550613	1.75e-118	374
WP_003159810.1	46-C146_contig00001	98.529	204	3	0	1	204	474668	475279	1.75e-118	374
WP_003159810.1	12-C147_contig00001	98.529	204	3	0	1	204	762853	762242	1.75e-118	374
WP_003159810.1	73-A90_contig00030	99.020	204	2	0	1	204	44491	43880	2.03e-118	374
WP_003159810.1	74-A91_contig00032	99.020	204	2	0	1	204	56355	55744	2.03e-118	374
WP_003159810.1	75-A92_contig00026	99.020	204	2	0	1	204	56361	55750	2.03e-118	374
WP_003159810.1	76-A95_contig00005	99.020	204	2	0	1	204	13516	14127	2.04e-118	374
WP_003159810.1	79-A106_contig00004	99.020	204	2	0	1	204	274781	274170	2.04e-118	374
WP_003159810.1	77-A97_contig00006	99.020	204	2	0	1	204	17539	18150	2.04e-118	374
WP_003159810.1	66-A77_contig00009	99.020	204	2	0	1	204	18629	19240	2.04e-118	374
WP_003159810.1	72-A86_contig00004	99.020	204	2	0	1	204	18661	19272	2.04e-118	374
WP_003159810.1	68-A80_contig00004	99.020	204	2	0	1	204	274781	274170	2.04e-118	374
WP_003159810.1	71-A85_contig00001	99.020	204	2	0	1	204	431771	431160	2.04e-118	374
WP_003159810.1	65-C74_contig00003	99.020	204	2	0	1	204	327893	327282	2.32e-118	374
WP_003159810.1	19-C120_contig00006	99.020	204	2	0	1	204	25272	25883	3.13e-118	373
WP_003159810.1	33-C101_contig00021	99.020	204	2	0	1	204	18628	19239	3.30e-118	373
WP_003159810.1	34-C103_contig00003	99.020	204	2	0	1	204	307456	308067	3.31e-118	373
WP_003159810.1	33-C57_contig00003	99.020	204	2	0	1	204	74410	73799	3.31e-118	373
WP_003159810.1	17-C102_contig00002	99.020	204	2	0	1	204	474615	475226	3.31e-118	373
WP_003159810.1	34-C58_contig00001	99.020	204	2	0	1	204	74409	73798	3.31e-118	373
WP_003159810.1	36-C60_contig00001	99.020	204	2	0	1	204	626008	626619	3.31e-118	373
WP_003159810.1	32-C56_contig00002	99.020	204	2	0	1	204	74617	74006	3.31e-118	373
WP_003159810.1	31-C55_contig00002	99.020	204	2	0	1	204	626008	626619	3.31e-118	373
WP_003159810.1	35-C59_contig00001	99.020	204	2	0	1	204	74409	73798	3.31e-118	373
WP_003159810.1	16-C100_contig00002	99.020	204	2	0	1	204	308872	309483	3.44e-118	373
WP_003159810.1	83-C109_contig00002	99.020	204	2	0	1	204	300243	300854	3.44e-118	373
WP_003159810.1	81-C105_contig00001	99.020	204	2	0	1	204	590845	590234	3.45e-118	373
WP_003159810.1	21-C78_contig00001	99.020	204	2	0	1	204	590845	590234	3.45e-118	373
WP_003159810.1	1-C3_contig00024	99.020	204	2	0	1	204	12334	12945	3.53e-118	373
WP_003159810.1	2-C4_contig00001	99.020	204	2	0	1	204	372345	371734	3.55e-118	373
WP_003159810.1	91-C159_contig00001	99.020	204	2	0	1	204	619433	620044	3.55e-118	373
WP_003159810.1	76-C137_contig00001	99.020	204	2	0	1	204	331630	331019	3.55e-118	373
WP_003159810.1	67-C5_contig00002	99.020	204	2	0	1	204	331630	331019	3.55e-118	373
WP_003159810.1	89-C156_contig00001	99.020	204	2	0	1	204	744184	744795	3.55e-118	373
WP_003159810.1	63-C71_contig00001	99.020	204	2	0	1	204	641295	641906	3.80e-118	373
WP_003159810.1	85-A130_contig00020	99.020	204	2	0	1	204	44284	43673	3.96e-118	373
WP_003159810.1	86-A134_contig00024	99.020	204	2	0	1	204	17223	17834	3.96e-118	373
WP_003159810.1	93-A151_contig00035	99.020	204	2	0	1	204	17224	17835	3.96e-118	373
WP_003159810.1	95-A156_contig00033	99.020	204	2	0	1	204	44305	43694	3.96e-118	373
WP_003159810.1	84-A126_contig00019	99.020	204	2	0	1	204	52774	52163	3.97e-118	373
WP_003159810.1	94-A154_contig00024	99.020	204	2	0	1	204	17258	17869	3.97e-118	373
WP_003159810.1	89-A141_contig00004	99.020	204	2	0	1	204	17259	17870	3.98e-118	373
WP_003159810.1	92-A148_contig00002	99.020	204	2	0	1	204	17237	17848	3.98e-118	373
WP_003159810.1	91-A147_contig00003	99.020	204	2	0	1	204	271704	271093	3.98e-118	373
WP_003159810.1	90-A144_contig00006	99.020	204	2	0	1	204	271704	271093	3.98e-118	373
WP_003159810.1	82-A122_contig00004	99.020	204	2	0	1	204	22212	22823	3.98e-118	373
WP_003159810.1	83-A123_contig00006	99.020	204	2	0	1	204	271704	271093	3.98e-118	373
WP_003159810.1	81-A119_contig00004	99.020	204	2	0	1	204	271704	271093	3.98e-118	373
WP_003159810.1	87-A137_contig00002	99.020	204	2	0	1	204	271709	271098	3.98e-118	373
WP_003159810.1	30-A36_contig00001	98.529	204	3	0	1	204	581483	580872	5.07e-118	373
WP_003159810.1	58-C51_contig00001	98.529	204	3	0	1	204	318953	318342	5.07e-118	373
WP_003159810.1	11-C22_contig00007	98.529	204	3	0	1	204	13518	14129	5.32e-118	373
WP_003159810.1	10-C21_contig00001	98.529	204	3	0	1	204	250074	249463	5.32e-118	373
WP_003159810.1	50-C23_contig00001	98.529	204	3	0	1	204	253631	253020	5.32e-118	373
WP_003159810.1	96-A163_contig00306	98.529	204	3	0	1	204	471	1082	6.76e-118	372
WP_003159810.1	18-C119_contig00026	99.020	204	2	0	1	204	69035	68424	8.86e-118	372
WP_003159810.1	46-B199_contig00010	99.020	204	2	0	1	204	69035	68424	8.88e-118	372
WP_003159810.1	24-C81_contig00031	99.020	204	2	0	1	204	61655	61044	9.48e-118	372
WP_003159810.1	25-C83_contig00023	99.020	204	2	0	1	204	76554	75943	9.49e-118	372
WP_003159810.1	23-C80_contig00005	99.020	204	2	0	1	204	76555	75944	9.51e-118	372
WP_003159810.1	26-C84_contig00004	99.020	204	2	0	1	204	76555	75944	9.51e-118	372
WP_003159810.1	37-C61_contig00002	99.020	204	2	0	1	204	360498	359887	9.52e-118	372
WP_003159810.1	5-C82_contig00003	99.020	204	2	0	1	204	636624	637235	9.52e-118	372
WP_003159810.1	22-C79_contig00002	99.020	204	2	0	1	204	762192	762803	9.52e-118	372
WP_003159810.1	75-C135_contig00001	99.020	204	2	0	1	204	322120	321509	9.61e-118	372
WP_003159810.1	59-A60_contig00117	99.020	204	2	0	1	204	6347	5736	1.03e-117	372
WP_003159810.1	52-A48_contig00045	99.020	204	2	0	1	204	28961	28350	1.04e-117	372
WP_003159810.1	55-A54_contig00041	99.020	204	2	0	1	204	13545	14156	1.04e-117	372
WP_003159810.1	51-A46_contig00030	99.020	204	2	0	1	204	28961	28350	1.04e-117	372
WP_003159810.1	60-A70_contig00032	99.020	204	2	0	1	204	58127	57516	1.04e-117	372
WP_003159810.1	61-A71_contig00034	99.020	204	2	0	1	204	13509	14120	1.04e-117	372
WP_003159810.1	56-A55_contig00012	99.020	204	2	0	1	204	18623	19234	1.05e-117	372
WP_003159810.1	67-A78_contig00008	99.020	204	2	0	1	204	17582	18193	1.05e-117	372
WP_003159810.1	64-A75_contig00009	99.020	204	2	0	1	204	281701	281090	1.05e-117	372
WP_003159810.1	62-A72_contig00005	99.020	204	2	0	1	204	28961	28350	1.05e-117	372
WP_003159810.1	63-A73_contig00007	99.020	204	2	0	1	204	353813	353202	1.05e-117	372
WP_003159810.1	78-A100_contig00007	99.020	204	2	0	1	204	277684	277073	1.05e-117	372
WP_003159810.1	70-A82_contig00002	99.020	204	2	0	1	204	324211	324822	1.05e-117	372
WP_003159810.1	57-A56_contig00002	99.020	204	2	0	1	204	281918	281307	1.05e-117	372
WP_003159810.1	53-A52_contig00001	99.020	204	2	0	1	204	17530	18141	1.05e-117	372
WP_003159810.1	69-A81_contig00001	99.020	204	2	0	1	204	704904	704293	1.05e-117	372
WP_003159810.1	54-A53_contig00001	99.020	204	2	0	1	204	705448	704837	1.05e-117	372
WP_003159810.1	58-A58_contig00001	99.020	204	2	0	1	204	281918	281307	1.05e-117	372
WP_003159810.1	64-C73_contig00002	99.020	204	2	0	1	204	600606	601217	1.05e-117	372
WP_003159810.1	96-C168_contig00002	99.020	204	2	0	1	204	274427	273816	1.05e-117	372
WP_003159810.1	65-A76_contig00001	99.020	204	2	0	1	204	705392	704781	1.05e-117	372
WP_003159810.1	26-A1_contig00001	99.020	204	2	0	1	204	354005	353394	1.05e-117	372
WP_003159810.1	28-C87_contig00046	98.529	204	3	0	1	204	6372	5761	1.23e-117	372
WP_003159810.1	12-C31_contig00029	98.529	204	3	0	1	204	11134	11745	1.23e-117	372
WP_003159810.1	36-C108_contig00031	98.529	204	3	0	1	204	47812	47201	1.23e-117	372
WP_003159810.1	13-C32_contig00028	98.529	204	3	0	1	204	13513	14124	1.23e-117	372
WP_003159810.1	35-C106_contig00027	98.529	204	3	0	1	204	72296	71685	1.23e-117	372
WP_003159810.1	27-C85_contig00023	98.529	204	3	0	1	204	18601	19212	1.23e-117	372
WP_003159810.1	90-C158_contig00010	98.529	204	3	0	1	204	54384	53773	1.23e-117	372
WP_003159810.1	62-C153_contig00010	98.529	204	3	0	1	204	54384	53773	1.23e-117	372
WP_003159810.1	14-C33_contig00012	98.529	204	3	0	1	204	141104	141715	1.23e-117	372
WP_003159810.1	87-C114_contig00011	98.529	204	3	0	1	204	72304	71693	1.23e-117	372
WP_003159810.1	73-C18_contig00010	98.529	204	3	0	1	204	72423	71812	1.23e-117	372
WP_003159810.1	80-C104_contig00009	98.529	204	3	0	1	204	72296	71685	1.23e-117	372
WP_003159810.1	85-C111_contig00009	98.529	204	3	0	1	204	121946	121335	1.23e-117	372
WP_003159810.1	86-C112_contig00007	98.529	204	3	0	1	204	121946	121335	1.23e-117	372
WP_003159810.1	28-A12_contig00004	98.529	204	3	0	1	204	300769	300158	1.24e-117	372
WP_003159810.1	37-C115_contig00001	98.529	204	3	0	1	204	575126	574515	1.24e-117	372
WP_003159810.1	40-B34_contig00003	98.529	204	3	0	1	204	372933	372322	1.24e-117	372
WP_003159810.1	84-C110_contig00002	98.529	204	3	0	1	204	706362	706973	1.24e-117	372
WP_003159810.1	78-C141_contig00003	99.020	204	2	0	1	204	232530	231919	1.28e-117	372
WP_003159810.1	77-C139_contig00003	99.020	204	2	0	1	204	232530	231919	1.28e-117	372
WP_003159810.1	4-C77_contig00004	98.529	204	3	0	1	204	84648	84037	1.87e-117	371
WP_003159810.1	6-C86_contig00002	98.529	204	3	0	1	204	84648	84037	1.87e-117	371
WP_003159810.1	95-C167_contig00001	98.529	204	3	0	1	204	612673	613284	1.87e-117	371
WP_003159810.1	49-A4_contig00014	98.529	204	3	0	1	204	116037	115426	2.38e-117	371
WP_003159810.1	48-A3_contig00013	98.529	204	3	0	1	204	116221	115610	2.38e-117	371
WP_003159810.1	50-A5_contig00014	98.529	204	3	0	1	204	116225	115614	2.38e-117	371
WP_003159810.1	79-C142_contig00004	98.529	204	3	0	1	204	54384	53773	2.38e-117	371
WP_003159810.1	10-C92_contig00003	98.529	204	3	0	1	204	310756	311367	2.39e-117	371
WP_003159810.1	4-C10_contig00309	98.529	204	3	0	1	204	6139	5528	2.39e-117	371
WP_003159810.1	52-C29_contig00002	98.529	204	3	0	1	204	330090	329479	2.39e-117	371
WP_003159810.1	53-C30_contig00002	98.529	204	3	0	1	204	427818	427207	2.39e-117	371
WP_003159810.1	27-A2_contig00001	98.529	204	3	0	1	204	754879	755490	2.58e-117	370
WP_003159810.1	3-C8_contig00069	98.529	204	3	0	1	204	12442	13053	2.81e-117	370
WP_003159810.1	70-C9_contig00022	98.529	204	3	0	1	204	52002	52613	2.83e-117	370
WP_003159810.1	69-C7_contig00003	98.529	204	3	0	1	204	258766	258155	2.84e-117	370
WP_003159810.1	68-C6_contig00003	98.529	204	3	0	1	204	258766	258155	2.84e-117	370
WP_003159810.1	45-B191_contig00001	98.529	204	3	0	1	204	591732	591121	3.87e-117	370
WP_003159810.1	29-A19_contig00037	98.529	204	3	0	1	204	3096	3707	8.93e-117	369
WP_003159810.1	41-B37_contig00001	98.039	204	4	0	1	204	641960	642571	2.81e-116	368
WP_003159810.1	7-C88_contig00001	98.039	204	4	0	1	204	599219	598608	4.93e-116	367
WP_003159810.1	21-C124_contig00081	97.549	204	5	0	1	204	5192	5803	1.89e-115	365
WP_003159810.1	80-A107_contig01734	99.355	155	1	0	1	155	695	1159	3.29e-91	276
WP_003116359.1	44-C143_contig01372	99.505	202	1	0	1	202	981	1586	6.70e-127	371
WP_003116359.1	38-B3_contig00006	100.000	204	0	0	1	204	283012	282401	2.70e-120	379
WP_003116359.1	73-A90_contig00030	100.000	204	0	0	1	204	44491	43880	3.33e-120	379
WP_003116359.1	74-A91_contig00032	100.000	204	0	0	1	204	56355	55744	3.33e-120	379
WP_003116359.1	75-A92_contig00026	100.000	204	0	0	1	204	56361	55750	3.33e-120	379
WP_003116359.1	76-A95_contig00005	100.000	204	0	0	1	204	13516	14127	3.34e-120	379
WP_003116359.1	79-A106_contig00004	100.000	204	0	0	1	204	274781	274170	3.34e-120	379
WP_003116359.1	77-A97_contig00006	100.000	204	0	0	1	204	17539	18150	3.34e-120	379
WP_003116359.1	66-A77_contig00009	100.000	204	0	0	1	204	18629	19240	3.34e-120	379
WP_003116359.1	72-A86_contig00004	100.000	204	0	0	1	204	18661	19272	3.34e-120	379
WP_003116359.1	68-A80_contig00004	100.000	204	0	0	1	204	274781	274170	3.34e-120	379
WP_003116359.1	71-A85_contig00001	100.000	204	0	0	1	204	431771	431160	3.35e-120	379
WP_003116359.1	19-C120_contig00006	100.000	204	0	0	1	204	25272	25883	5.92e-120	378
WP_003116359.1	1-C3_contig00024	100.000	204	0	0	1	204	12334	12945	6.61e-120	378
WP_003116359.1	2-C4_contig00001	100.000	204	0	0	1	204	372345	371734	6.65e-120	378
WP_003116359.1	91-C159_contig00001	100.000	204	0	0	1	204	619433	620044	6.65e-120	378
WP_003116359.1	76-C137_contig00001	100.000	204	0	0	1	204	331630	331019	6.65e-120	378
WP_003116359.1	67-C5_contig00002	100.000	204	0	0	1	204	331630	331019	6.65e-120	378
WP_003116359.1	89-C156_contig00001	100.000	204	0	0	1	204	744184	744795	6.65e-120	378
WP_003116359.1	16-C100_contig00002	100.000	204	0	0	1	204	308872	309483	6.78e-120	378
WP_003116359.1	83-C109_contig00002	100.000	204	0	0	1	204	300243	300854	6.78e-120	378
WP_003116359.1	81-C105_contig00001	100.000	204	0	0	1	204	590845	590234	6.78e-120	378
WP_003116359.1	21-C78_contig00001	100.000	204	0	0	1	204	590845	590234	6.78e-120	378
WP_003116359.1	44-B114_contig00001	99.510	204	1	0	1	204	749891	750502	1.33e-119	377
WP_003116359.1	15-C44_contig00018	99.510	204	1	0	1	204	72404	71793	2.20e-119	377
WP_003116359.1	16-C45_contig00013	99.510	204	1	0	1	204	72404	71793	2.20e-119	377
WP_003116359.1	56-C43_contig00015	99.510	204	1	0	1	204	23157	23768	2.20e-119	377
WP_003116359.1	13-C149_contig00001	99.510	204	1	0	1	204	328447	327836	2.21e-119	377
WP_003116359.1	5-C12_contig00057	99.510	204	1	0	1	204	11135	11746	2.43e-119	377
WP_003116359.1	59-C54_contig00007	99.510	204	1	0	1	204	210520	211131	2.45e-119	377
WP_003116359.1	19-C67_contig00007	99.510	204	1	0	1	204	264960	264349	2.45e-119	377
WP_003116359.1	18-C65_contig00006	99.510	204	1	0	1	204	18534	19145	2.45e-119	377
WP_003116359.1	71-C11_contig00005	99.510	204	1	0	1	204	83177	82566	2.45e-119	377
WP_003116359.1	48-C66_contig00005	99.510	204	1	0	1	204	312976	313587	2.45e-119	377
WP_003116359.1	20-C68_contig00005	99.510	204	1	0	1	204	312976	313587	2.45e-119	377
WP_003116359.1	17-C64_contig00002	99.510	204	1	0	1	204	312976	313587	2.45e-119	377
WP_003116359.1	22-C128_contig00001	99.510	204	1	0	1	204	746302	746913	2.46e-119	377
WP_003116359.1	42-B62_contig00001	99.510	204	1	0	1	204	272471	271860	2.46e-119	377
WP_003116359.1	42-C127_contig00001	99.510	204	1	0	1	204	617535	618146	2.46e-119	377
WP_003116359.1	74-C20_contig00001	99.510	204	1	0	1	204	329989	329378	2.53e-119	376
WP_003116359.1	49-C69_contig00003	99.510	204	1	0	1	204	419355	418744	2.73e-119	376
WP_003116359.1	6-C13_contig00028	99.020	204	2	0	1	204	47850	47239	3.39e-119	376
WP_003116359.1	7-C14_contig00026	99.020	204	2	0	1	204	17229	17840	3.40e-119	376
WP_003116359.1	8-C15_contig00007	99.020	204	2	0	1	204	248173	247562	3.41e-119	376
WP_003116359.1	20-C123_contig00002	99.020	204	2	0	1	204	248155	247544	3.41e-119	376
WP_003116359.1	47-C63_contig00002	99.020	204	2	0	1	204	300198	300809	3.41e-119	376
WP_003116359.1	9-C17_contig00002	99.020	204	2	0	1	204	300405	301016	3.41e-119	376
WP_003116359.1	72-C16_contig00002	99.020	204	2	0	1	204	248171	247560	3.41e-119	376
WP_003116359.1	39-C118_contig00004	99.020	204	2	0	1	204	595485	594874	4.02e-119	376
WP_003116359.1	88-C117_contig00001	99.020	204	2	0	1	204	610130	610741	4.02e-119	376
WP_003116359.1	38-C116_contig00001	99.020	204	2	0	1	204	610723	611334	4.02e-119	376
WP_003116359.1	94-C164_contig00001	99.020	204	2	0	1	204	427505	426894	4.02e-119	376
WP_003116359.1	43-C129_contig00001	99.020	204	2	0	1	204	737472	738083	4.02e-119	376
WP_003116359.1	4-C77_contig00004	99.510	204	1	0	1	204	84648	84037	4.39e-119	376
WP_003116359.1	6-C86_contig00002	99.510	204	1	0	1	204	84648	84037	4.39e-119	376
WP_003116359.1	95-C167_contig00001	99.510	204	1	0	1	204	612673	613284	4.39e-119	376
WP_003116359.1	4-C10_contig00309	99.510	204	1	0	1	204	6139	5528	5.00e-119	375
WP_003116359.1	3-C8_contig00069	99.510	204	1	0	1	204	12442	13053	5.31e-119	375
WP_003116359.1	70-C9_contig00022	99.510	204	1	0	1	204	52002	52613	5.35e-119	375
WP_003116359.1	49-A4_contig00014	99.510	204	1	0	1	204	116037	115426	5.36e-119	375
WP_003116359.1	48-A3_contig00013	99.510	204	1	0	1	204	116221	115610	5.36e-119	375
WP_003116359.1	50-A5_contig00014	99.510	204	1	0	1	204	116225	115614	5.36e-119	375
WP_003116359.1	79-C142_contig00004	99.510	204	1	0	1	204	54384	53773	5.37e-119	375
WP_003116359.1	69-C7_contig00003	99.510	204	1	0	1	204	258766	258155	5.37e-119	375
WP_003116359.1	68-C6_contig00003	99.510	204	1	0	1	204	258766	258155	5.37e-119	375
WP_003116359.1	10-C92_contig00003	99.510	204	1	0	1	204	310756	311367	5.37e-119	375
WP_003116359.1	52-C29_contig00002	99.510	204	1	0	1	204	330090	329479	5.38e-119	375
WP_003116359.1	53-C30_contig00002	99.510	204	1	0	1	204	427818	427207	5.38e-119	375
WP_003116359.1	41-C126_contig00196	99.510	204	1	0	1	204	4824	4213	5.57e-119	375
WP_003116359.1	30-C97_contig00035	99.510	204	1	0	1	204	13564	12953	5.98e-119	375
WP_003116359.1	45-C144_contig00032	99.510	204	1	0	1	204	5190	5801	6.02e-119	375
WP_003116359.1	3-C76_contig00018	99.510	204	1	0	1	204	115768	116379	6.03e-119	375
WP_003116359.1	40-C125_contig00007	99.510	204	1	0	1	204	227981	228592	6.03e-119	375
WP_003116359.1	31-C98_contig00006	99.510	204	1	0	1	204	228007	228618	6.03e-119	375
WP_003116359.1	9-C91_contig00005	99.510	204	1	0	1	204	315074	315685	6.03e-119	375
WP_003116359.1	24-C133_contig00006	99.510	204	1	0	1	204	316836	317447	6.03e-119	375
WP_003116359.1	54-C36_contig00005	99.510	204	1	0	1	204	316835	317446	6.03e-119	375
WP_003116359.1	82-C107_contig00007	99.510	204	1	0	1	204	32166	31555	6.03e-119	375
WP_003116359.1	25-C134_contig00006	99.510	204	1	0	1	204	32246	31635	6.03e-119	375
WP_003116359.1	32-C99_contig00004	99.510	204	1	0	1	204	71545	70934	6.03e-119	375
WP_003116359.1	15-C96_contig00005	99.510	204	1	0	1	204	316835	317446	6.03e-119	375
WP_003116359.1	29-C95_contig00003	99.510	204	1	0	1	204	71545	70934	6.03e-119	375
WP_003116359.1	23-C131_contig00007	99.510	204	1	0	1	204	316835	317446	6.03e-119	375
WP_003116359.1	60-C150_contig00004	99.510	204	1	0	1	204	259907	259296	6.04e-119	375
WP_003116359.1	66-C2_contig00003	99.510	204	1	0	1	204	270571	269960	6.04e-119	375
WP_003116359.1	11-C145_contig00002	99.510	204	1	0	1	204	316835	317446	6.04e-119	375
WP_003116359.1	51-C25_contig00004	99.510	204	1	0	1	204	316835	317446	6.04e-119	375
WP_003116359.1	39-B16_contig00002	99.510	204	1	0	1	204	316823	317434	6.04e-119	375
WP_003116359.1	55-C42_contig00002	99.510	204	1	0	1	204	356217	355606	6.04e-119	375
WP_003116359.1	27-A2_contig00001	99.510	204	1	0	1	204	754879	755490	6.04e-119	375
WP_003116359.1	65-C74_contig00003	99.020	204	2	0	1	204	327893	327282	6.59e-119	375
WP_003116359.1	45-B191_contig00001	99.510	204	1	0	1	204	591732	591121	8.98e-119	375
WP_003116359.1	33-C101_contig00021	99.020	204	2	0	1	204	18628	19239	1.02e-118	375
WP_003116359.1	34-C103_contig00003	99.020	204	2	0	1	204	307456	308067	1.03e-118	375
WP_003116359.1	33-C57_contig00003	99.020	204	2	0	1	204	74410	73799	1.03e-118	375
WP_003116359.1	17-C102_contig00002	99.020	204	2	0	1	204	474615	475226	1.03e-118	375
WP_003116359.1	34-C58_contig00001	99.020	204	2	0	1	204	74409	73798	1.03e-118	375
WP_003116359.1	36-C60_contig00001	99.020	204	2	0	1	204	626008	626619	1.03e-118	375
WP_003116359.1	32-C56_contig00002	99.020	204	2	0	1	204	74617	74006	1.03e-118	375
WP_003116359.1	31-C55_contig00002	99.020	204	2	0	1	204	626008	626619	1.03e-118	375
WP_003116359.1	35-C59_contig00001	99.020	204	2	0	1	204	74409	73798	1.03e-118	375
WP_003116359.1	85-A130_contig00020	99.020	204	2	0	1	204	44284	43673	1.08e-118	375
WP_003116359.1	86-A134_contig00024	99.020	204	2	0	1	204	17223	17834	1.08e-118	375
WP_003116359.1	93-A151_contig00035	99.020	204	2	0	1	204	17224	17835	1.08e-118	375
WP_003116359.1	95-A156_contig00033	99.020	204	2	0	1	204	44305	43694	1.08e-118	375
WP_003116359.1	84-A126_contig00019	99.020	204	2	0	1	204	52774	52163	1.08e-118	375
WP_003116359.1	94-A154_contig00024	99.020	204	2	0	1	204	17258	17869	1.08e-118	375
WP_003116359.1	89-A141_contig00004	99.020	204	2	0	1	204	17259	17870	1.09e-118	375
WP_003116359.1	92-A148_contig00002	99.020	204	2	0	1	204	17237	17848	1.09e-118	375
WP_003116359.1	91-A147_contig00003	99.020	204	2	0	1	204	271704	271093	1.09e-118	375
WP_003116359.1	90-A144_contig00006	99.020	204	2	0	1	204	271704	271093	1.09e-118	375
WP_003116359.1	82-A122_contig00004	99.020	204	2	0	1	204	22212	22823	1.09e-118	375
WP_003116359.1	83-A123_contig00006	99.020	204	2	0	1	204	271704	271093	1.09e-118	375
WP_003116359.1	81-A119_contig00004	99.020	204	2	0	1	204	271704	271093	1.09e-118	375
WP_003116359.1	87-A137_contig00002	99.020	204	2	0	1	204	271709	271098	1.09e-118	375
WP_003116359.1	63-C71_contig00001	99.020	204	2	0	1	204	641295	641906	1.13e-118	375
WP_003116359.1	30-A36_contig00001	98.529	204	3	0	1	204	581483	580872	1.46e-118	374
WP_003116359.1	58-C51_contig00001	98.529	204	3	0	1	204	318953	318342	1.46e-118	374
WP_003116359.1	11-C22_contig00007	98.529	204	3	0	1	204	13518	14129	1.60e-118	374
WP_003116359.1	10-C21_contig00001	98.529	204	3	0	1	204	250074	249463	1.60e-118	374
WP_003116359.1	50-C23_contig00001	98.529	204	3	0	1	204	253631	253020	1.60e-118	374
WP_003116359.1	96-A163_contig00306	98.529	204	3	0	1	204	471	1082	2.55e-118	373
WP_003116359.1	92-C160_contig00007	99.020	204	2	0	1	204	30299	29688	2.58e-118	374
WP_003116359.1	61-C151_contig00005	99.020	204	2	0	1	204	294902	295513	2.58e-118	374
WP_003116359.1	93-C161_contig00003	99.020	204	2	0	1	204	232812	233423	2.58e-118	374
WP_003116359.1	2-C155_contig00003	99.020	204	2	0	1	204	329646	329035	2.58e-118	374
WP_003116359.1	8-C89_contig00001	99.020	204	2	0	1	204	771514	772125	2.58e-118	374
WP_003116359.1	18-C119_contig00026	99.020	204	2	0	1	204	69035	68424	2.62e-118	374
WP_003116359.1	46-B199_contig00010	99.020	204	2	0	1	204	69035	68424	2.62e-118	374
WP_003116359.1	75-C135_contig00001	99.020	204	2	0	1	204	322120	321509	2.71e-118	374
WP_003116359.1	24-C81_contig00031	99.020	204	2	0	1	204	61655	61044	2.91e-118	374
WP_003116359.1	25-C83_contig00023	99.020	204	2	0	1	204	76554	75943	2.91e-118	374
WP_003116359.1	23-C80_contig00005	99.020	204	2	0	1	204	76555	75944	2.92e-118	374
WP_003116359.1	26-C84_contig00004	99.020	204	2	0	1	204	76555	75944	2.92e-118	374
WP_003116359.1	37-C61_contig00002	99.020	204	2	0	1	204	360498	359887	2.92e-118	374
WP_003116359.1	5-C82_contig00003	99.020	204	2	0	1	204	636624	637235	2.92e-118	374
WP_003116359.1	22-C79_contig00002	99.020	204	2	0	1	204	762192	762803	2.92e-118	374
WP_003116359.1	59-A60_contig00117	99.020	204	2	0	1	204	6347	5736	3.13e-118	373
WP_003116359.1	52-A48_contig00045	99.020	204	2	0	1	204	28961	28350	3.16e-118	373
WP_003116359.1	55-A54_contig00041	99.020	204	2	0	1	204	13545	14156	3.16e-118	373
WP_003116359.1	51-A46_contig00030	99.020	204	2	0	1	204	28961	28350	3.17e-118	373
WP_003116359.1	60-A70_contig00032	99.020	204	2	0	1	204	58127	57516	3.17e-118	373
WP_003116359.1	61-A71_contig00034	99.020	204	2	0	1	204	13509	14120	3.17e-118	373
WP_003116359.1	56-A55_contig00012	99.020	204	2	0	1	204	18623	19234	3.19e-118	373
WP_003116359.1	67-A78_contig00008	99.020	204	2	0	1	204	17582	18193	3.19e-118	373
WP_003116359.1	64-A75_contig00009	99.020	204	2	0	1	204	281701	281090	3.19e-118	373
WP_003116359.1	62-A72_contig00005	99.020	204	2	0	1	204	28961	28350	3.19e-118	373
WP_003116359.1	63-A73_contig00007	99.020	204	2	0	1	204	353813	353202	3.19e-118	373
WP_003116359.1	78-A100_contig00007	99.020	204	2	0	1	204	277684	277073	3.19e-118	373
WP_003116359.1	70-A82_contig00002	99.020	204	2	0	1	204	324211	324822	3.19e-118	373
WP_003116359.1	57-A56_contig00002	99.020	204	2	0	1	204	281918	281307	3.19e-118	373
WP_003116359.1	53-A52_contig00001	99.020	204	2	0	1	204	17530	18141	3.19e-118	373
WP_003116359.1	69-A81_contig00001	99.020	204	2	0	1	204	704904	704293	3.19e-118	373
WP_003116359.1	54-A53_contig00001	99.020	204	2	0	1	204	705448	704837	3.19e-118	373
WP_003116359.1	58-A58_contig00001	99.020	204	2	0	1	204	281918	281307	3.19e-118	373
WP_003116359.1	64-C73_contig00002	99.020	204	2	0	1	204	600606	601217	3.19e-118	373
WP_003116359.1	96-C168_contig00002	99.020	204	2	0	1	204	274427	273816	3.19e-118	373
WP_003116359.1	65-A76_contig00001	99.020	204	2	0	1	204	705392	704781	3.19e-118	373
WP_003116359.1	26-A1_contig00001	99.020	204	2	0	1	204	354005	353394	3.19e-118	373
WP_003116359.1	28-C87_contig00046	98.529	204	3	0	1	204	6372	5761	3.32e-118	373
WP_003116359.1	12-C31_contig00029	98.529	204	3	0	1	204	11134	11745	3.33e-118	373
WP_003116359.1	36-C108_contig00031	98.529	204	3	0	1	204	47812	47201	3.33e-118	373
WP_003116359.1	13-C32_contig00028	98.529	204	3	0	1	204	13513	14124	3.33e-118	373
WP_003116359.1	35-C106_contig00027	98.529	204	3	0	1	204	72296	71685	3.34e-118	373
WP_003116359.1	27-C85_contig00023	98.529	204	3	0	1	204	18601	19212	3.34e-118	373
WP_003116359.1	90-C158_contig00010	98.529	204	3	0	1	204	54384	53773	3.34e-118	373
WP_003116359.1	62-C153_contig00010	98.529	204	3	0	1	204	54384	53773	3.34e-118	373
WP_003116359.1	14-C33_contig00012	98.529	204	3	0	1	204	141104	141715	3.34e-118	373
WP_003116359.1	87-C114_contig00011	98.529	204	3	0	1	204	72304	71693	3.34e-118	373
WP_003116359.1	73-C18_contig00010	98.529	204	3	0	1	204	72423	71812	3.34e-118	373
WP_003116359.1	80-C104_contig00009	98.529	204	3	0	1	204	72296	71685	3.34e-118	373
WP_003116359.1	85-C111_contig00009	98.529	204	3	0	1	204	121946	121335	3.34e-118	373
WP_003116359.1	86-C112_contig00007	98.529	204	3	0	1	204	121946	121335	3.34e-118	373
WP_003116359.1	28-A12_contig00004	98.529	204	3	0	1	204	300769	300158	3.35e-118	373
WP_003116359.1	37-C115_contig00001	98.529	204	3	0	1	204	575126	574515	3.35e-118	373
WP_003116359.1	40-B34_contig00003	98.529	204	3	0	1	204	372933	372322	3.35e-118	373
WP_003116359.1	84-C110_contig00002	98.529	204	3	0	1	204	706362	706973	3.35e-118	373
WP_003116359.1	78-C141_contig00003	99.020	204	2	0	1	204	232530	231919	3.65e-118	373
WP_003116359.1	77-C139_contig00003	99.020	204	2	0	1	204	232530	231919	3.65e-118	373
WP_003116359.1	41-B37_contig00001	99.020	204	2	0	1	204	641960	642571	6.04e-118	372
WP_003116359.1	7-C88_contig00001	99.020	204	2	0	1	204	599219	598608	1.05e-117	372
WP_003116359.1	29-A19_contig00037	98.529	204	3	0	1	204	3096	3707	2.28e-117	371
WP_003116359.1	57-C49_contig00006	97.549	204	5	0	1	204	277453	276842	2.73e-117	370
WP_003116359.1	47-C148_contig00004	97.549	204	5	0	1	204	18625	19236	2.73e-117	370
WP_003116359.1	14-C94_contig00007	97.549	204	5	0	1	204	551224	550613	2.73e-117	370
WP_003116359.1	46-C146_contig00001	97.549	204	5	0	1	204	474668	475279	2.73e-117	370
WP_003116359.1	12-C147_contig00001	97.549	204	5	0	1	204	762853	762242	2.73e-117	370
WP_003116359.1	21-C124_contig00081	97.549	204	5	0	1	204	5192	5803	6.90e-116	367
WP_003116359.1	80-A107_contig01734	100.000	155	0	0	1	155	695	1159	2.69e-92	278
WP_003146853.1	80-A107_contig01283	99.213	127	1	0	1	127	942	1322	9.70e-83	258
WP_003146853.1	63-C71_contig00010	99.213	127	1	0	1	127	101368	101748	1.46e-79	259
WP_003146853.1	39-C118_contig00009	99.213	127	1	0	1	127	223338	222958	1.46e-79	259
WP_003146853.1	88-C117_contig00008	99.213	127	1	0	1	127	47507	47887	1.46e-79	259
WP_003146853.1	38-C116_contig00008	99.213	127	1	0	1	127	50080	50460	1.46e-79	259
WP_003146853.1	4-C10_contig00009	99.213	127	1	0	1	127	10975	11355	1.50e-79	258
WP_003146853.1	3-C8_contig00005	99.213	127	1	0	1	127	24373	24753	1.51e-79	258
WP_003146853.1	34-C103_contig00015	99.213	127	1	0	1	127	165726	165346	1.51e-79	258
WP_003146853.1	17-C102_contig00010	99.213	127	1	0	1	127	215269	214889	1.51e-79	258
WP_003146853.1	33-C101_contig00005	99.213	127	1	0	1	127	215369	214989	1.51e-79	258
WP_003146853.1	70-C9_contig00009	99.213	127	1	0	1	127	61750	62130	1.51e-79	258
WP_003146853.1	69-C7_contig00007	99.213	127	1	0	1	127	45571	45951	1.51e-79	258
WP_003146853.1	68-C6_contig00007	99.213	127	1	0	1	127	45571	45951	1.51e-79	258
WP_003146853.1	52-C29_contig00018	99.213	127	1	0	1	127	46574	46954	2.59e-79	258
WP_003146853.1	57-C49_contig00016	99.213	127	1	0	1	127	84346	84726	2.59e-79	258
WP_003146853.1	73-A90_contig00003	99.213	127	1	0	1	127	27311	27691	2.59e-79	258
WP_003146853.1	7-C14_contig00008	99.213	127	1	0	1	127	146611	146231	2.59e-79	258
WP_003146853.1	6-C13_contig00008	99.213	127	1	0	1	127	46098	46478	2.59e-79	258
WP_003146853.1	74-A91_contig00010	99.213	127	1	0	1	127	47487	47867	2.59e-79	258
WP_003146853.1	53-C30_contig00012	99.213	127	1	0	1	127	165398	165018	2.59e-79	258
WP_003146853.1	79-C142_contig00014	99.213	127	1	0	1	127	165398	165018	2.59e-79	258
WP_003146853.1	49-A4_contig00005	99.213	127	1	0	1	127	46794	47174	2.59e-79	258
WP_003146853.1	48-A3_contig00007	99.213	127	1	0	1	127	165398	165018	2.59e-79	258
WP_003146853.1	10-C92_contig00010	99.213	127	1	0	1	127	46794	47174	2.59e-79	258
WP_003146853.1	72-A86_contig00011	99.213	127	1	0	1	127	45580	45960	2.59e-79	258
WP_003146853.1	71-A85_contig00013	99.213	127	1	0	1	127	173472	173092	2.59e-79	258
WP_003146853.1	68-A80_contig00013	99.213	127	1	0	1	127	173472	173092	2.59e-79	258
WP_003146853.1	76-A95_contig00009	99.213	127	1	0	1	127	47383	47763	2.59e-79	258
WP_003146853.1	75-A92_contig00005	99.213	127	1	0	1	127	46739	47119	2.59e-79	258
WP_003146853.1	50-A5_contig00005	99.213	127	1	0	1	127	45580	45960	2.59e-79	258
WP_003146853.1	72-C16_contig00013	99.213	127	1	0	1	127	214952	214572	2.59e-79	258
WP_003146853.1	8-C15_contig00012	99.213	127	1	0	1	127	45612	45992	2.59e-79	258
WP_003146853.1	9-C17_contig00012	99.213	127	1	0	1	127	46098	46478	2.59e-79	258
WP_003146853.1	81-C105_contig00010	99.213	127	1	0	1	127	216163	215783	2.59e-79	258
WP_003146853.1	21-C78_contig00011	99.213	127	1	0	1	127	45784	46164	2.59e-79	258
WP_003146853.1	20-C123_contig00012	99.213	127	1	0	1	127	45613	45993	2.59e-79	258
WP_003146853.1	83-C109_contig00012	99.213	127	1	0	1	127	216163	215783	2.59e-79	258
WP_003146853.1	77-A97_contig00007	99.213	127	1	0	1	127	45580	45960	2.59e-79	258
WP_003146853.1	66-A77_contig00010	99.213	127	1	0	1	127	223190	222810	2.59e-79	258
WP_003146853.1	79-A106_contig00005	99.213	127	1	0	1	127	223190	222810	2.59e-79	258
WP_003146853.1	47-C63_contig00010	99.213	127	1	0	1	127	45612	45992	2.59e-79	258
WP_003146853.1	47-C148_contig00008	99.213	127	1	0	1	127	92671	93051	2.59e-79	258
WP_003146853.1	12-C147_contig00006	99.213	127	1	0	1	127	73475	73095	2.59e-79	258
WP_003146853.1	42-C127_contig00005	99.213	127	1	0	1	127	230631	231011	2.59e-79	258
WP_003146853.1	46-C146_contig00005	99.213	127	1	0	1	127	344482	344862	2.59e-79	258
WP_003146853.1	22-C128_contig00003	99.213	127	1	0	1	127	727919	728299	2.59e-79	258
WP_003146853.1	14-C94_contig00001	99.213	127	1	0	1	127	746717	747097	2.59e-79	258
WP_003146853.1	94-C164_contig00007	99.213	127	1	0	1	127	49508	49888	2.83e-79	258
WP_003146853.1	70-A82_contig00029	99.213	127	1	0	1	127	19149	19529	2.96e-79	258
WP_003146853.1	60-A70_contig00017	99.213	127	1	0	1	127	86701	86321	2.97e-79	258
WP_003146853.1	59-A60_contig00003	99.213	127	1	0	1	127	152854	152474	2.97e-79	258
WP_003146853.1	53-A52_contig00010	99.213	127	1	0	1	127	86626	86246	2.97e-79	258
WP_003146853.1	54-A53_contig00016	99.213	127	1	0	1	127	86626	86246	2.97e-79	258
WP_003146853.1	61-A71_contig00008	99.213	127	1	0	1	127	79014	79394	2.97e-79	258
WP_003146853.1	64-A75_contig00015	99.213	127	1	0	1	127	110315	109935	2.97e-79	258
WP_003146853.1	65-A76_contig00014	99.213	127	1	0	1	127	110315	109935	2.97e-79	258
WP_003146853.1	26-A1_contig00008	99.213	127	1	0	1	127	17048	16668	2.97e-79	258
WP_003146853.1	57-A56_contig00009	99.213	127	1	0	1	127	186577	186957	2.97e-79	258
WP_003146853.1	55-A54_contig00005	99.213	127	1	0	1	127	214716	214336	2.97e-79	258
WP_003146853.1	52-A48_contig00005	99.213	127	1	0	1	127	91498	91878	2.97e-79	258
WP_003146853.1	67-A78_contig00007	99.213	127	1	0	1	127	91475	91855	2.97e-79	258
WP_003146853.1	51-A46_contig00009	99.213	127	1	0	1	127	91521	91901	2.97e-79	258
WP_003146853.1	69-A81_contig00008	99.213	127	1	0	1	127	91508	91888	2.97e-79	258
WP_003146853.1	63-A73_contig00010	99.213	127	1	0	1	127	86701	86321	2.97e-79	258
WP_003146853.1	56-A55_contig00009	99.213	127	1	0	1	127	228155	228535	2.97e-79	258
WP_003146853.1	96-C168_contig00010	99.213	127	1	0	1	127	103897	104277	2.97e-79	258
WP_003146853.1	62-A72_contig00002	99.213	127	1	0	1	127	165305	164925	2.97e-79	258
WP_003146853.1	64-C73_contig00007	99.213	127	1	0	1	127	265395	265775	2.97e-79	258
WP_003146853.1	78-A100_contig00004	99.213	127	1	0	1	127	265669	266049	2.97e-79	258
WP_003146853.1	58-A58_contig00002	99.213	127	1	0	1	127	605687	606067	2.97e-79	258
WP_003146853.1	93-C161_contig00012	99.213	127	1	0	1	127	45579	45959	3.06e-79	258
WP_003146853.1	59-C54_contig00003	99.213	127	1	0	1	127	21481	21861	3.06e-79	258
WP_003146853.1	2-C155_contig00005	99.213	127	1	0	1	127	216368	215988	5.11e-79	257
WP_003146853.1	19-C67_contig00009	98.425	127	2	0	1	127	223431	223051	8.37e-79	256
WP_003146853.1	18-C65_contig00010	98.425	127	2	0	1	127	223600	223220	8.37e-79	256
WP_003146853.1	48-C66_contig00007	98.425	127	2	0	1	127	207990	208370	8.37e-79	256
WP_003146853.1	20-C68_contig00007	98.425	127	2	0	1	127	223431	223051	8.37e-79	256
WP_003146853.1	17-C64_contig00005	98.425	127	2	0	1	127	224031	223651	8.37e-79	256
WP_003146853.1	92-C160_contig00013	98.425	127	2	0	1	127	46976	47356	9.04e-79	256
WP_003146853.1	61-C151_contig00014	98.425	127	2	0	1	127	46984	47364	9.04e-79	256
WP_003146853.1	36-C108_contig00043	98.425	127	2	0	1	127	31146	31526	9.28e-79	256
WP_003146853.1	73-C18_contig00013	98.425	127	2	0	1	127	216069	215689	9.31e-79	256
WP_003146853.1	28-C87_contig00032	98.425	127	2	0	1	127	35476	35096	9.48e-79	256
WP_003146853.1	90-C158_contig00029	98.425	127	2	0	1	127	77848	77468	9.48e-79	256
WP_003146853.1	62-C153_contig00030	98.425	127	2	0	1	127	77849	77469	9.48e-79	256
WP_003146853.1	12-C31_contig00003	98.425	127	2	0	1	127	147924	147544	9.49e-79	256
WP_003146853.1	13-C32_contig00006	98.425	127	2	0	1	127	52406	52786	9.49e-79	256
WP_003146853.1	40-B34_contig00013	98.425	127	2	0	1	127	216062	215682	9.49e-79	256
WP_003146853.1	28-A12_contig00010	98.425	127	2	0	1	127	216061	215681	9.49e-79	256
WP_003146853.1	80-C104_contig00012	98.425	127	2	0	1	127	216062	215682	9.49e-79	256
WP_003146853.1	35-C106_contig00008	98.425	127	2	0	1	127	52403	52783	9.49e-79	256
WP_003146853.1	87-C114_contig00014	98.425	127	2	0	1	127	52411	52791	9.49e-79	256
WP_003146853.1	14-C33_contig00007	98.425	127	2	0	1	127	52406	52786	9.49e-79	256
WP_003146853.1	85-C111_contig00010	98.425	127	2	0	1	127	258210	257830	9.49e-79	256
WP_003146853.1	86-C112_contig00010	98.425	127	2	0	1	127	52403	52783	9.49e-79	256
WP_003146853.1	84-C110_contig00009	98.425	127	2	0	1	127	258219	257839	9.49e-79	256
WP_003146853.1	27-C85_contig00002	98.425	127	2	0	1	127	354225	354605	9.49e-79	256
WP_003146853.1	37-C115_contig00001	98.425	127	2	0	1	127	147824	147444	9.49e-79	256
WP_003146853.1	16-C45_contig00071	98.425	127	2	0	1	127	13595	13975	1.20e-78	256
WP_003146853.1	15-C44_contig00070	98.425	127	2	0	1	127	13593	13973	1.20e-78	256
WP_003146853.1	56-C43_contig00073	98.425	127	2	0	1	127	13602	13982	1.20e-78	256
WP_003146853.1	13-C149_contig00005	98.425	127	2	0	1	127	173460	173080	1.21e-78	256
WP_003146853.1	50-C23_contig00012	98.425	127	2	0	1	127	222012	221632	1.54e-78	256
WP_003146853.1	11-C22_contig00010	98.425	127	2	0	1	127	21431	21811	1.54e-78	256
WP_003146853.1	10-C21_contig00013	98.425	127	2	0	1	127	21433	21813	1.54e-78	256
WP_003146853.1	44-B114_contig00006	98.425	127	2	0	1	127	216073	215693	1.54e-78	256
WP_003146853.1	45-B191_contig00002	98.425	127	2	0	1	127	713729	714109	1.54e-78	256
WP_003146853.1	43-C129_contig00008	98.425	127	2	0	1	127	45600	45980	1.75e-78	256
WP_003146853.1	42-B62_contig00007	98.425	127	2	0	1	127	73757	74137	1.87e-78	255
WP_003146853.1	74-C20_contig00011	98.425	127	2	0	1	127	49496	49876	4.06e-78	254
WP_003146853.1	8-C89_contig00007	97.638	127	3	0	1	127	173535	173155	8.73e-78	253
WP_003146853.1	19-C120_contig00015	96.850	127	4	0	1	127	99371	99751	2.74e-77	252
WP_003146853.1	65-C74_contig00009	96.850	127	4	0	1	127	49490	49870	2.74e-77	252
WP_003146853.1	1-C3_contig00002	96.850	127	4	0	1	127	155072	154692	3.45e-77	252
WP_003146853.1	2-C4_contig00006	96.850	127	4	0	1	127	187728	187348	3.45e-77	252
WP_003146853.1	91-C159_contig00009	96.850	127	4	0	1	127	45780	46160	3.45e-77	252
WP_003146853.1	89-C156_contig00008	96.850	127	4	0	1	127	222090	221710	3.45e-77	252
WP_003146853.1	67-C5_contig00008	96.850	127	4	0	1	127	45590	45970	3.45e-77	252
WP_003146853.1	76-C137_contig00007	96.850	127	4	0	1	127	45591	45971	3.45e-77	252
WP_003146853.1	38-B3_contig00009	96.850	127	4	0	1	127	216208	215828	3.45e-77	252
WP_003146853.1	7-C88_contig00003	96.850	127	4	0	1	127	695063	695443	4.49e-77	251
WP_003146853.1	44-C143_contig00411	94.488	127	7	0	1	127	15	395	4.19e-76	246
WP_003146853.1	75-C135_contig00004	95.276	127	6	0	1	127	222120	221740	7.59e-76	248
WP_003146853.1	21-C124_contig00003	94.488	127	7	0	1	127	60457	60837	1.48e-75	247
WP_003146853.1	4-C77_contig00022	94.488	127	7	0	1	127	45628	46008	2.73e-75	246
WP_003146853.1	6-C86_contig00019	94.488	127	7	0	1	127	72353	71973	2.73e-75	246
WP_003146853.1	46-B199_contig00004	94.488	127	7	0	1	127	73207	72827	2.78e-75	246
WP_003146853.1	18-C119_contig00003	94.488	127	7	0	1	127	118230	117850	2.78e-75	246
WP_003146853.1	55-C42_contig00016	94.488	127	7	0	1	127	72291	71911	2.89e-75	246
WP_003146853.1	27-A2_contig00002	94.488	127	7	0	1	127	71993	71613	2.98e-75	246
WP_003146853.1	9-C91_contig00022	94.488	127	7	0	1	127	45598	45978	3.09e-75	246
WP_003146853.1	66-C2_contig00020	94.488	127	7	0	1	127	45598	45978	3.09e-75	246
WP_003146853.1	60-C150_contig00019	94.488	127	7	0	1	127	45598	45978	3.09e-75	246
WP_003146853.1	40-C125_contig00019	94.488	127	7	0	1	127	45598	45978	3.09e-75	246
WP_003146853.1	39-B16_contig00019	94.488	127	7	0	1	127	45598	45978	3.09e-75	246
WP_003146853.1	32-C99_contig00023	94.488	127	7	0	1	127	71998	71618	3.09e-75	246
WP_003146853.1	30-C97_contig00023	94.488	127	7	0	1	127	45598	45978	3.09e-75	246
WP_003146853.1	3-C76_contig00025	94.488	127	7	0	1	127	45598	45978	3.09e-75	246
WP_003146853.1	29-C95_contig00023	94.488	127	7	0	1	127	45598	45978	3.09e-75	246
WP_003146853.1	24-C133_contig00021	94.488	127	7	0	1	127	45598	45978	3.09e-75	246
WP_003146853.1	23-C131_contig00020	94.488	127	7	0	1	127	45598	45978	3.09e-75	246
WP_003146853.1	54-C36_contig00024	94.488	127	7	0	1	127	45598	45978	3.09e-75	246
WP_003146853.1	11-C145_contig00020	94.488	127	7	0	1	127	45598	45978	3.09e-75	246
WP_003146853.1	25-C134_contig00021	94.488	127	7	0	1	127	72125	71745	3.09e-75	246
WP_003146853.1	82-C107_contig00021	94.488	127	7	0	1	127	71984	71604	3.09e-75	246
WP_003146853.1	45-C144_contig00019	94.488	127	7	0	1	127	71998	71618	3.09e-75	246
WP_003146853.1	31-C98_contig00022	94.488	127	7	0	1	127	71998	71618	3.09e-75	246
WP_003146853.1	51-C25_contig00019	94.488	127	7	0	1	127	46861	47241	3.09e-75	246
WP_003146853.1	15-C96_contig00007	94.488	127	7	0	1	127	290420	290800	3.09e-75	246
WP_003146853.1	95-C167_contig00010	94.488	127	7	0	1	127	214883	214503	3.65e-75	246
WP_003146853.1	91-A147_contig00031	94.488	127	7	0	1	127	31276	30896	4.51e-75	246
WP_003146853.1	85-A130_contig00004	94.488	127	7	0	1	127	27424	27804	4.51e-75	246
WP_003146853.1	84-A126_contig00004	94.488	127	7	0	1	127	146029	145649	4.51e-75	246
WP_003146853.1	86-A134_contig00005	94.488	127	7	0	1	127	27675	28055	4.51e-75	246
WP_003146853.1	93-A151_contig00006	94.488	127	7	0	1	127	45605	45985	4.51e-75	246
WP_003146853.1	92-A148_contig00006	94.488	127	7	0	1	127	146661	146281	4.51e-75	246
WP_003146853.1	89-A141_contig00003	94.488	127	7	0	1	127	53773	54153	4.51e-75	246
WP_003146853.1	95-A156_contig00006	94.488	127	7	0	1	127	146047	145667	4.51e-75	246
WP_003146853.1	83-A123_contig00012	94.488	127	7	0	1	127	53773	54153	4.51e-75	246
WP_003146853.1	94-A154_contig00005	94.488	127	7	0	1	127	146636	146256	4.51e-75	246
WP_003146853.1	87-A137_contig00008	94.488	127	7	0	1	127	45605	45985	4.51e-75	246
WP_003146853.1	90-A144_contig00009	94.488	127	7	0	1	127	215084	214704	4.51e-75	246
WP_003146853.1	81-A119_contig00007	94.488	127	7	0	1	127	53773	54153	4.51e-75	246
WP_003146853.1	82-A122_contig00006	94.488	127	7	0	1	127	54215	54595	4.51e-75	246
WP_003146853.1	41-B37_contig00007	93.701	127	8	0	1	127	215419	215039	2.44e-74	244
WP_003146853.1	78-C141_contig00006	93.701	127	8	0	1	127	46753	47133	2.58e-74	244
WP_003146853.1	77-C139_contig00006	93.701	127	8	0	1	127	46753	47133	2.58e-74	244
WP_003146853.1	5-C12_contig00002	94.488	127	3	1	1	127	155164	154796	3.15e-72	238
WP_003146853.1	71-C11_contig00014	94.488	127	3	1	1	127	173916	173548	3.15e-72	238
WP_003146853.1	29-A19_contig00035	94.488	127	3	1	1	127	17044	16676	4.46e-72	237
WP_003146853.1	96-A163_contig00004	96.581	117	4	0	11	127	39497	39147	6.43e-70	231
WP_003146853.1	36-C60_contig00020	96.581	117	4	0	11	127	73292	72942	6.44e-70	231
WP_003146853.1	32-C56_contig00008	96.581	117	4	0	11	127	216271	215921	6.44e-70	231
WP_003146853.1	58-C51_contig00010	96.581	117	4	0	11	127	216238	215888	6.44e-70	231
WP_003146853.1	35-C59_contig00008	96.581	117	4	0	11	127	47621	47971	6.44e-70	231
WP_003146853.1	34-C58_contig00008	96.581	117	4	0	11	127	216271	215921	6.44e-70	231
WP_003146853.1	31-C55_contig00008	96.581	117	4	0	11	127	47621	47971	6.44e-70	231
WP_003146853.1	33-C57_contig00009	96.581	117	4	0	11	127	216420	216070	6.44e-70	231
WP_003146853.1	30-A36_contig00011	96.581	117	4	0	11	127	216242	215892	6.44e-70	231
WP_003146853.1	49-C69_contig00010	96.581	117	4	0	11	127	103672	104022	6.44e-70	231
WP_003146853.1	41-C126_contig03041	98.947	95	1	0	1	95	190	474	2.72e-64	196
WP_003146853.1	16-C100_contig00003	96.809	94	3	0	34	127	216286	216005	5.15e-63	187
WP_003146853.1	41-C126_contig03094	92.632	95	7	0	1	95	286	2	1.88e-59	184
WP_025325125.1	16-C45_contig00154	96.970	99	3	0	1	99	3723	4019	1.36e-58	197
WP_025325125.1	15-C44_contig00153	96.970	99	3	0	1	99	1138	842	1.36e-58	197
WP_025325125.1	56-C43_contig00138	96.970	99	3	0	1	99	1142	846	1.36e-58	197
WP_025325125.1	13-C149_contig00003	96.970	99	3	0	1	99	564917	565213	1.38e-58	197
WP_025325125.1	42-B62_contig00003	96.970	99	3	0	1	99	91460	91164	5.07e-58	196
WP_025325125.1	74-C20_contig00004	91.919	99	8	0	1	99	462090	462386	8.24e-56	189
WP_025325125.1	95-C167_contig00002	93.000	100	6	1	1	99	341092	341391	1.42e-55	189
WP_025325125.1	41-C126_contig00069	93.684	95	6	0	1	95	5214	4930	1.70e-54	186
WP_025325125.1	42-C127_contig00002	93.684	95	6	0	1	95	376978	376694	1.72e-54	186
WP_025325125.1	22-C128_contig00002	93.684	95	6	0	1	95	438461	438177	1.72e-54	186
WP_025325125.1	59-C54_contig00040	93.814	97	5	1	1	96	47450	47740	2.45e-54	185
WP_021265158.1	41-B37_contig00002	100.000	307	0	0	29	335	489227	490147	0.0	605
WP_021265158.1	27-A2_contig00004	100.000	307	0	0	29	335	44514	45434	0.0	605
WP_021265158.1	90-C158_contig00006	99.674	307	1	0	29	335	166758	167678	0.0	603
WP_021265158.1	83-C109_contig00004	99.674	307	1	0	29	335	442559	441639	0.0	603
WP_021265158.1	81-C105_contig00005	99.674	307	1	0	29	335	442430	441510	0.0	603
WP_021265158.1	8-C89_contig00003	99.674	307	1	0	29	335	618212	617292	0.0	603
WP_021265158.1	62-C153_contig00007	99.674	307	1	0	29	335	166758	167678	0.0	603
WP_021265158.1	56-C43_contig00059	99.674	307	1	0	29	335	44808	45728	0.0	603
WP_021265158.1	38-C116_contig00003	99.674	307	1	0	29	335	157900	158820	0.0	603
WP_021265158.1	21-C78_contig00004	99.674	307	1	0	29	335	45769	46689	0.0	603
WP_021265158.1	16-C45_contig00059	99.674	307	1	0	29	335	1160	240	0.0	603
WP_021265158.1	15-C44_contig00055	99.674	307	1	0	29	335	44339	45259	0.0	603
WP_021265158.1	14-C33_contig00002	99.674	307	1	0	29	335	665062	664142	0.0	603
WP_021265158.1	13-C32_contig00002	99.674	307	1	0	29	335	208467	207547	0.0	603
WP_021265158.1	13-C149_contig00003	99.674	307	1	0	29	335	252457	253377	0.0	603
WP_021265158.1	12-C31_contig00004	99.674	307	1	0	29	335	94298	93378	0.0	603
WP_021265158.1	92-C160_contig00001	99.674	307	1	0	29	335	606003	605083	0.0	603
WP_021265158.1	91-C159_contig00002	99.674	307	1	0	29	335	541210	540290	0.0	603
WP_021265158.1	89-C156_contig00002	99.674	307	1	0	29	335	155486	156406	0.0	603
WP_021265158.1	87-C114_contig00006	99.674	307	1	0	29	335	186026	185106	0.0	603
WP_021265158.1	86-C112_contig00001	99.674	307	1	0	29	335	174967	175887	0.0	603
WP_021265158.1	85-C111_contig00001	99.674	307	1	0	29	335	532157	533077	0.0	603
WP_021265158.1	84-C110_contig00001	99.674	307	1	0	29	335	175074	174154	0.0	603
WP_021265158.1	80-C104_contig00001	99.674	307	1	0	29	335	186012	185092	0.0	603
WP_021265158.1	79-A106_contig00003	99.674	307	1	0	29	335	42391	43311	0.0	603
WP_021265158.1	77-A97_contig00002	99.674	307	1	0	29	335	436418	435498	0.0	603
WP_021265158.1	76-C137_contig00003	99.674	307	1	0	29	335	155486	156406	0.0	603
WP_021265158.1	76-A95_contig00006	99.674	307	1	0	29	335	42391	43311	0.0	603
WP_021265158.1	75-A92_contig00002	99.674	307	1	0	29	335	322652	321732	0.0	603
WP_021265158.1	74-A91_contig00002	99.674	307	1	0	29	335	322688	321768	0.0	603
WP_021265158.1	73-C18_contig00003	99.674	307	1	0	29	335	175083	174163	0.0	603
WP_021265158.1	73-A90_contig00005	99.674	307	1	0	29	335	63066	63986	0.0	603
WP_021265158.1	72-A86_contig00002	99.674	307	1	0	29	335	438799	437879	0.0	603
WP_021265158.1	71-C11_contig00001	99.674	307	1	0	29	335	190732	191652	0.0	603
WP_021265158.1	71-A85_contig00002	99.674	307	1	0	29	335	460494	461414	0.0	603
WP_021265158.1	68-A80_contig00001	99.674	307	1	0	29	335	438799	437879	0.0	603
WP_021265158.1	67-C5_contig00001	99.674	307	1	0	29	335	428054	428974	0.0	603
WP_021265158.1	66-A77_contig00003	99.674	307	1	0	29	335	439211	438291	0.0	603
WP_021265158.1	61-C151_contig00001	99.674	307	1	0	29	335	44648	45568	0.0	603
WP_021265158.1	6-C86_contig00004	99.674	307	1	0	29	335	152992	153912	0.0	603
WP_021265158.1	57-C49_contig00012	99.674	307	1	0	29	335	89502	90422	0.0	603
WP_021265158.1	5-C12_contig00003	99.674	307	1	0	29	335	58155	59075	0.0	603
WP_021265158.1	48-C66_contig00004	99.674	307	1	0	29	335	79182	80102	0.0	603
WP_021265158.1	47-C148_contig00003	99.674	307	1	0	29	335	250813	251733	0.0	603
WP_021265158.1	46-C146_contig00004	99.674	307	1	0	29	335	391670	390750	0.0	603
WP_021265158.1	44-B114_contig00003	99.674	307	1	0	29	335	669493	668573	0.0	603
WP_021265158.1	42-B62_contig00003	99.674	307	1	0	29	335	365017	364097	0.0	603
WP_021265158.1	40-B34_contig00002	99.674	307	1	0	29	335	477851	478771	0.0	603
WP_021265158.1	4-C77_contig00001	99.674	307	1	0	29	335	278100	279020	0.0	603
WP_021265158.1	38-B3_contig00001	99.674	307	1	0	29	335	185315	186235	0.0	603
WP_021265158.1	37-C115_contig00002	99.674	307	1	0	29	335	63883	64803	0.0	603
WP_021265158.1	36-C60_contig00002	99.674	307	1	0	29	335	44573	45493	0.0	603
WP_021265158.1	36-C108_contig00006	99.674	307	1	0	29	335	62841	63761	0.0	603
WP_021265158.1	35-C59_contig00002	99.674	307	1	0	29	335	277405	278325	0.0	603
WP_021265158.1	35-C106_contig00001	99.674	307	1	0	29	335	446142	447062	0.0	603
WP_021265158.1	34-C58_contig00002	99.674	307	1	0	29	335	44573	45493	0.0	603
WP_021265158.1	33-C57_contig00001	99.674	307	1	0	29	335	277407	278327	0.0	603
WP_021265158.1	32-C56_contig00001	99.674	307	1	0	29	335	450661	449741	0.0	603
WP_021265158.1	31-C55_contig00001	99.674	307	1	0	29	335	450662	449742	0.0	603
WP_021265158.1	29-A19_contig00003	99.674	307	1	0	29	335	203439	202519	0.0	603
WP_021265158.1	28-C87_contig00015	99.674	307	1	0	29	335	125684	126604	0.0	603
WP_021265158.1	28-A12_contig00002	99.674	307	1	0	29	335	514066	514986	0.0	603
WP_021265158.1	27-C85_contig00003	99.674	307	1	0	29	335	229009	229929	0.0	603
WP_021265158.1	20-C68_contig00004	99.674	307	1	0	29	335	79182	80102	0.0	603
WP_021265158.1	2-C4_contig00002	99.674	307	1	0	29	335	328039	327119	0.0	603
WP_021265158.1	2-C155_contig00001	99.674	307	1	0	29	335	185930	186850	0.0	603
WP_021265158.1	19-C67_contig00001	99.674	307	1	0	29	335	665229	664309	0.0	603
WP_021265158.1	18-C65_contig00002	99.674	307	1	0	29	335	447367	446447	0.0	603
WP_021265158.1	17-C64_contig00001	99.674	307	1	0	29	335	79752	80672	0.0	603
WP_021265158.1	14-C94_contig00003	99.674	307	1	0	29	335	250812	251732	0.0	603
WP_021265158.1	12-C147_contig00003	99.674	307	1	0	29	335	250813	251733	0.0	603
WP_021265158.1	1-C3_contig00004	99.674	307	1	0	29	335	60002	60922	0.0	603
WP_021265158.1	80-A107_contig00304	99.674	307	1	0	29	335	5383	4463	0.0	603
WP_021265158.1	79-C142_contig00006	99.349	307	2	0	29	335	94315	95235	0.0	603
WP_021265158.1	53-C30_contig00001	99.349	307	2	0	29	335	475370	474450	0.0	603
WP_021265158.1	52-C29_contig00001	99.349	307	2	0	29	335	475370	474450	0.0	603
WP_021265158.1	50-A5_contig00001	99.349	307	2	0	29	335	481435	482355	0.0	603
WP_021265158.1	49-A4_contig00001	99.349	307	2	0	29	335	397402	396482	0.0	603
WP_021265158.1	48-A3_contig00001	99.349	307	2	0	29	335	208822	209742	0.0	603
WP_021265158.1	10-C92_contig00001	99.349	307	2	0	29	335	450149	451069	0.0	603
WP_021265158.1	93-C161_contig00001	99.349	307	2	0	29	335	455008	454088	0.0	602
WP_021265158.1	45-B191_contig00004	99.349	307	2	0	29	335	454130	453210	0.0	602
WP_021265158.1	65-C74_contig00001	99.349	307	2	0	29	335	695365	694445	0.0	602
WP_021265158.1	19-C120_contig00002	99.349	307	2	0	29	335	46559	47479	0.0	602
WP_021265158.1	96-C168_contig00005	99.349	307	2	0	29	335	382549	381629	0.0	601
WP_021265158.1	96-A163_contig00076	99.349	307	2	0	29	335	555	1475	0.0	601
WP_021265158.1	74-C20_contig00004	99.349	307	2	0	29	335	193051	193971	0.0	601
WP_021265158.1	70-A82_contig00004	99.349	307	2	0	29	335	44381	45301	0.0	601
WP_021265158.1	64-C73_contig00013	99.349	307	2	0	29	335	80470	79550	0.0	601
WP_021265158.1	62-A72_contig00012	99.349	307	2	0	29	335	218390	217470	0.0	601
WP_021265158.1	59-C54_contig00008	99.349	307	2	0	29	335	192611	193531	0.0	601
WP_021265158.1	59-A60_contig00035	99.349	307	2	0	29	335	46346	45426	0.0	601
WP_021265158.1	58-C51_contig00011	99.349	307	2	0	29	335	190367	189447	0.0	601
WP_021265158.1	55-A54_contig00003	99.349	307	2	0	29	335	291314	290394	0.0	601
WP_021265158.1	52-A48_contig00006	99.349	307	2	0	29	335	241208	240288	0.0	601
WP_021265158.1	51-A46_contig00002	99.349	307	2	0	29	335	382820	381900	0.0	601
WP_021265158.1	30-A36_contig00008	99.349	307	2	0	29	335	82730	81810	0.0	601
WP_021265158.1	26-A1_contig00002	99.349	307	2	0	29	335	44381	45301	0.0	601
WP_021265158.1	95-A156_contig00009	99.023	307	3	0	29	335	59889	60809	0.0	599
WP_021265158.1	94-C164_contig00002	99.023	307	3	0	29	335	137935	138855	0.0	599
WP_021265158.1	94-A154_contig00009	99.023	307	3	0	29	335	59891	60811	0.0	599
WP_021265158.1	93-A151_contig00009	99.023	307	3	0	29	335	60037	60957	0.0	599
WP_021265158.1	92-A148_contig00007	99.023	307	3	0	29	335	60101	61021	0.0	599
WP_021265158.1	91-A147_contig00007	99.023	307	3	0	29	335	64671	65591	0.0	599
WP_021265158.1	90-A144_contig00011	99.023	307	3	0	29	335	60900	61820	0.0	599
WP_021265158.1	89-A141_contig00009	99.023	307	3	0	29	335	60847	61767	0.0	599
WP_021265158.1	87-A137_contig00011	99.023	307	3	0	29	335	64671	65591	0.0	599
WP_021265158.1	86-A134_contig00011	99.023	307	3	0	29	335	60156	61076	0.0	599
WP_021265158.1	85-A130_contig00033	99.023	307	3	0	29	335	31105	32025	0.0	599
WP_021265158.1	84-A126_contig00005	99.023	307	3	0	29	335	59959	60879	0.0	599
WP_021265158.1	83-A123_contig00008	99.023	307	3	0	29	335	64671	65591	0.0	599
WP_021265158.1	82-A122_contig00007	99.023	307	3	0	29	335	180364	179444	0.0	599
WP_021265158.1	81-A119_contig00009	99.023	307	3	0	29	335	180364	179444	0.0	599
WP_021265158.1	5-C82_contig00002	99.023	307	3	0	29	335	44511	45431	0.0	599
WP_021265158.1	37-C61_contig00003	99.023	307	3	0	29	335	253411	254331	0.0	599
WP_021265158.1	26-C84_contig00001	99.023	307	3	0	29	335	136018	136938	0.0	599
WP_021265158.1	25-C83_contig00002	99.023	307	3	0	29	335	61053	61973	0.0	599
WP_021265158.1	24-C81_contig00004	99.023	307	3	0	29	335	44511	45431	0.0	599
WP_021265158.1	23-C80_contig00001	99.023	307	3	0	29	335	44511	45431	0.0	599
WP_021265158.1	22-C79_contig00003	99.023	307	3	0	29	335	44511	45431	0.0	599
WP_021265158.1	95-C167_contig00002	99.023	307	3	0	29	335	72123	73043	0.0	599
WP_021265158.1	9-C91_contig00001	99.023	307	3	0	29	335	135268	136188	0.0	599
WP_021265158.1	9-C17_contig00001	99.023	307	3	0	29	335	172980	172060	0.0	599
WP_021265158.1	82-C107_contig00002	99.023	307	3	0	29	335	612054	611134	0.0	599
WP_021265158.1	8-C15_contig00001	99.023	307	3	0	29	335	172979	172059	0.0	599
WP_021265158.1	78-C141_contig00008	99.023	307	3	0	29	335	46326	47246	0.0	599
WP_021265158.1	77-C139_contig00008	99.023	307	3	0	29	335	187482	186562	0.0	599
WP_021265158.1	75-C135_contig00007	99.023	307	3	0	29	335	161189	160269	0.0	599
WP_021265158.1	72-C16_contig00001	99.023	307	3	0	29	335	172979	172059	0.0	599
WP_021265158.1	70-C9_contig00001	99.023	307	3	0	29	335	482693	483613	0.0	599
WP_021265158.1	7-C14_contig00012	99.023	307	3	0	29	335	95791	94871	0.0	599
WP_021265158.1	69-C7_contig00001	99.023	307	3	0	29	335	584136	585056	0.0	599
WP_021265158.1	68-C6_contig00001	99.023	307	3	0	29	335	544653	545573	0.0	599
WP_021265158.1	66-C2_contig00001	99.023	307	3	0	29	335	581239	580319	0.0	599
WP_021265158.1	60-C150_contig00002	99.023	307	3	0	29	335	135268	136188	0.0	599
WP_021265158.1	6-C13_contig00004	99.023	307	3	0	29	335	157601	156681	0.0	599
WP_021265158.1	55-C42_contig00001	99.023	307	3	0	29	335	628883	627963	0.0	599
WP_021265158.1	54-C36_contig00002	99.023	307	3	0	29	335	441860	440940	0.0	599
WP_021265158.1	51-C25_contig00003	99.023	307	3	0	29	335	135268	136188	0.0	599
WP_021265158.1	47-C63_contig00001	99.023	307	3	0	29	335	201583	200663	0.0	599
WP_021265158.1	45-C144_contig00004	99.023	307	3	0	29	335	177011	176091	0.0	599
WP_021265158.1	44-C143_contig00195	99.023	307	3	0	29	335	1852	932	0.0	599
WP_021265158.1	42-C127_contig00002	99.023	307	3	0	29	335	643031	642111	0.0	599
WP_021265158.1	41-C126_contig00341	99.023	307	3	0	29	335	2755	3675	0.0	599
WP_021265158.1	40-C125_contig00002	99.023	307	3	0	29	335	135274	136194	0.0	599
WP_021265158.1	4-C10_contig00677	99.023	307	3	0	29	335	2585	1665	0.0	599
WP_021265158.1	39-B16_contig00003	99.023	307	3	0	29	335	473781	472861	0.0	599
WP_021265158.1	34-C103_contig00001	99.023	307	3	0	29	335	157004	157924	0.0	599
WP_021265158.1	33-C101_contig00003	99.023	307	3	0	29	335	350171	349251	0.0	599
WP_021265158.1	32-C99_contig00001	99.023	307	3	0	29	335	135268	136188	0.0	599
WP_021265158.1	31-C98_contig00002	99.023	307	3	0	29	335	135268	136188	0.0	599
WP_021265158.1	30-C97_contig00001	99.023	307	3	0	29	335	135268	136188	0.0	599
WP_021265158.1	3-C8_contig00008	99.023	307	3	0	29	335	59963	60883	0.0	599
WP_021265158.1	3-C76_contig00002	99.023	307	3	0	29	335	135268	136188	0.0	599
WP_021265158.1	29-C95_contig00001	99.023	307	3	0	29	335	135268	136188	0.0	599
WP_021265158.1	25-C134_contig00001	99.023	307	3	0	29	335	491254	490334	0.0	599
WP_021265158.1	24-C133_contig00001	99.023	307	3	0	29	335	135269	136189	0.0	599
WP_021265158.1	23-C131_contig00003	99.023	307	3	0	29	335	521366	520446	0.0	599
WP_021265158.1	22-C128_contig00002	99.023	307	3	0	29	335	704514	703594	0.0	599
WP_021265158.1	20-C123_contig00001	99.023	307	3	0	29	335	155296	156216	0.0	599
WP_021265158.1	17-C102_contig00004	99.023	307	3	0	29	335	350045	349125	0.0	599
WP_021265158.1	16-C100_contig00001	99.023	307	3	0	29	335	483561	482641	0.0	599
WP_021265158.1	15-C96_contig00001	99.023	307	3	0	29	335	135268	136188	0.0	599
WP_021265158.1	11-C145_contig00003	99.023	307	3	0	29	335	419464	418544	0.0	599
WP_021265158.1	43-B113_contig00001	98.371	307	5	0	29	335	598053	597133	0.0	598
WP_021265158.1	63-C71_contig00002	98.969	291	3	0	45	335	271430	272302	0.0	598
WP_021265158.1	7-C88_contig00013	98.697	307	4	0	29	335	53295	52375	0.0	598
WP_021265158.1	46-B199_contig00001	98.697	307	4	0	29	335	193444	194364	0.0	598
WP_021265158.1	18-C119_contig00009	98.697	307	4	0	29	335	115822	114902	0.0	598
WP_021265158.1	65-A76_contig00004	99.310	290	2	0	46	335	382770	381901	0.0	596
WP_021265158.1	64-A75_contig00004	99.310	290	2	0	46	335	382770	381901	0.0	596
WP_021265158.1	63-A73_contig00004	99.310	290	2	0	46	335	382769	381900	0.0	596
WP_021265158.1	61-A71_contig00006	99.310	290	2	0	46	335	149648	148779	0.0	596
WP_021265158.1	60-A70_contig00007	99.310	290	2	0	46	335	157503	156634	0.0	596
WP_021265158.1	58-A58_contig00005	99.310	290	2	0	46	335	382641	381772	0.0	596
WP_021265158.1	57-A56_contig00003	99.310	290	2	0	46	335	46493	47362	0.0	596
WP_021265158.1	56-A55_contig00001	99.310	290	2	0	46	335	44431	45300	0.0	596
WP_021265158.1	54-A53_contig00004	99.310	290	2	0	46	335	504464	503595	0.0	596
WP_021265158.1	53-A52_contig00002	99.310	290	2	0	46	335	382641	381772	0.0	596
WP_021265158.1	50-C23_contig00011	98.697	307	4	0	29	335	157395	158315	0.0	596
WP_021265158.1	11-C22_contig00004	98.697	307	4	0	29	335	211458	212378	0.0	596
WP_021265158.1	10-C21_contig00011	98.697	307	4	0	29	335	187924	188844	0.0	596
WP_021265158.1	49-C69_contig00001	98.371	307	5	0	29	335	655824	654904	0.0	595
WP_021265158.1	78-A100_contig00013	98.990	198	2	0	29	226	81059	80466	3.22e-165	377
WP_021265158.1	69-A81_contig00018	98.990	198	2	0	29	226	44173	44766	3.22e-165	377
WP_021265158.1	67-A78_contig00017	98.990	198	2	0	29	226	81059	80466	3.22e-165	377
WP_021265158.1	21-C124_contig00055	99.163	239	2	0	29	267	1381	665	6.87e-147	462
WP_021265158.1	39-C118_contig00014	86.179	246	27	3	29	269	47186	47917	3.19e-121	388
WP_021265158.1	43-C129_contig00002	86.179	246	27	3	29	269	707110	706379	3.21e-121	388
WP_021265158.1	88-C117_contig00002	86.179	246	27	3	29	269	630237	629506	3.21e-121	388
WP_021264538.1	41-C126_contig02357	100.000	97	0	0	15	111	258	548	1.83e-64	199
WP_021264538.1	44-C143_contig01335	100.000	97	0	0	15	111	791	1081	1.55e-61	200
WP_021264538.1	27-A2_contig00001	100.000	112	0	0	18	129	584723	585058	8.16e-60	202
WP_021264538.1	95-C167_contig00001	100.000	97	0	0	15	111	347877	348167	1.90e-59	201
WP_021264538.1	4-C77_contig00004	100.000	97	0	0	15	111	369947	369657	2.46e-59	201
WP_021264538.1	6-C86_contig00002	100.000	97	0	0	15	111	369947	369657	2.46e-59	201
WP_021264538.1	42-B62_contig00001	100.000	97	0	0	15	111	564725	564435	3.14e-59	201
WP_021264538.1	7-C88_contig00001	100.000	97	0	0	15	111	863859	863569	3.14e-59	201
WP_021264538.1	38-B3_contig00006	100.000	97	0	0	15	111	468591	468301	3.23e-59	201
WP_021264538.1	24-C81_contig00010	100.000	97	0	0	15	111	117411	117121	3.29e-59	201
WP_021264538.1	23-C80_contig00005	100.000	97	0	0	15	111	356453	356163	3.29e-59	201
WP_021264538.1	26-C84_contig00004	100.000	97	0	0	15	111	356453	356163	3.29e-59	201
WP_021264538.1	25-C83_contig00001	100.000	97	0	0	15	111	257400	257110	3.29e-59	201
WP_021264538.1	37-C61_contig00002	100.000	97	0	0	15	111	639968	639678	3.29e-59	201
WP_021264538.1	5-C82_contig00003	100.000	97	0	0	15	111	356726	357016	3.29e-59	201
WP_021264538.1	22-C79_contig00002	100.000	97	0	0	15	111	482292	482582	3.29e-59	201
WP_021264538.1	94-C164_contig00001	100.000	97	0	0	15	111	718719	718429	3.29e-59	201
WP_021264538.1	78-C141_contig00002	100.000	97	0	0	15	111	348095	348385	3.42e-59	201
WP_021264538.1	77-C139_contig00002	100.000	97	0	0	15	111	348095	348385	3.42e-59	201
WP_021264538.1	6-C13_contig00041	100.000	97	0	0	15	111	11492	11202	3.45e-59	201
WP_021264538.1	20-C123_contig00024	100.000	97	0	0	15	111	41155	40865	3.45e-59	201
WP_021264538.1	7-C14_contig00017	100.000	97	0	0	15	111	57202	56912	3.45e-59	201
WP_021264538.1	8-C15_contig00017	100.000	97	0	0	15	111	107047	106757	3.45e-59	201
WP_021264538.1	47-C63_contig00002	100.000	97	0	0	15	111	42962	43252	3.46e-59	201
WP_021264538.1	9-C17_contig00002	100.000	97	0	0	15	111	43170	43460	3.46e-59	201
WP_021264538.1	72-C16_contig00002	100.000	97	0	0	15	111	505405	505115	3.46e-59	201
WP_021264538.1	55-C42_contig00002	100.000	97	0	0	15	111	616818	616528	3.46e-59	201
WP_021264538.1	75-C135_contig00001	100.000	97	0	0	15	111	621431	621141	3.46e-59	201
WP_021264538.1	74-C20_contig00001	100.000	97	0	0	15	111	513348	513058	3.46e-59	201
WP_021264538.1	45-B191_contig00001	100.000	97	0	0	15	111	780835	780545	3.46e-59	201
WP_021264538.1	8-C89_contig00001	100.000	97	0	0	15	111	600411	600701	3.46e-59	201
WP_021264538.1	31-C98_contig00030	100.000	97	0	0	15	111	41888	42178	3.48e-59	200
WP_021264538.1	40-C125_contig00023	100.000	97	0	0	15	111	41888	42178	3.48e-59	200
WP_021264538.1	45-C144_contig00020	100.000	97	0	0	15	111	39032	39322	3.49e-59	200
WP_021264538.1	3-C76_contig00013	100.000	97	0	0	15	111	41888	42178	3.49e-59	200
WP_021264538.1	30-C97_contig00009	100.000	97	0	0	15	111	44354	44644	3.49e-59	200
WP_021264538.1	9-C91_contig00005	100.000	97	0	0	15	111	42593	42883	3.49e-59	200
WP_021264538.1	24-C133_contig00006	100.000	97	0	0	15	111	44354	44644	3.49e-59	200
WP_021264538.1	54-C36_contig00005	100.000	97	0	0	15	111	44354	44644	3.49e-59	200
WP_021264538.1	82-C107_contig00007	100.000	97	0	0	15	111	304647	304357	3.49e-59	200
WP_021264538.1	25-C134_contig00006	100.000	97	0	0	15	111	304728	304438	3.49e-59	200
WP_021264538.1	32-C99_contig00004	100.000	97	0	0	15	111	344026	343736	3.49e-59	200
WP_021264538.1	15-C96_contig00005	100.000	97	0	0	15	111	44354	44644	3.49e-59	200
WP_021264538.1	29-C95_contig00003	100.000	97	0	0	15	111	344026	343736	3.49e-59	200
WP_021264538.1	23-C131_contig00007	100.000	97	0	0	15	111	44354	44644	3.49e-59	200
WP_021264538.1	60-C150_contig00004	100.000	97	0	0	15	111	532388	532098	3.49e-59	200
WP_021264538.1	66-C2_contig00003	100.000	97	0	0	15	111	543052	542762	3.49e-59	200
WP_021264538.1	11-C145_contig00002	100.000	97	0	0	15	111	44354	44644	3.49e-59	200
WP_021264538.1	51-C25_contig00004	100.000	97	0	0	15	111	44354	44644	3.49e-59	200
WP_021264538.1	39-B16_contig00002	100.000	97	0	0	15	111	44354	44644	3.49e-59	200
WP_021264538.1	41-B37_contig00001	100.000	97	0	0	15	111	347984	348274	3.49e-59	200
WP_021264538.1	85-A130_contig00149	100.000	97	0	0	15	111	4578	4288	3.61e-59	200
WP_021264538.1	84-A126_contig00096	100.000	97	0	0	15	111	9501	9791	3.63e-59	200
WP_021264538.1	94-A154_contig00088	100.000	97	0	0	15	111	11366	11076	3.63e-59	200
WP_021264538.1	89-A141_contig00037	100.000	97	0	0	15	111	11282	10992	3.65e-59	200
WP_021264538.1	86-A134_contig00035	100.000	97	0	0	15	111	11295	11005	3.65e-59	200
WP_021264538.1	92-A148_contig00041	100.000	97	0	0	15	111	41886	42176	3.65e-59	200
WP_021264538.1	95-A156_contig00030	100.000	97	0	0	15	111	57013	56723	3.65e-59	200
WP_021264538.1	82-A122_contig00028	100.000	97	0	0	15	111	41886	42176	3.66e-59	200
WP_021264538.1	93-A151_contig00017	100.000	97	0	0	15	111	9514	9804	3.66e-59	200
WP_021264538.1	87-A137_contig00021	100.000	97	0	0	15	111	41886	42176	3.66e-59	200
WP_021264538.1	91-A147_contig00022	100.000	97	0	0	15	111	41886	42176	3.66e-59	200
WP_021264538.1	90-A144_contig00020	100.000	97	0	0	15	111	41886	42176	3.66e-59	200
WP_021264538.1	83-A123_contig00020	100.000	97	0	0	15	111	41886	42176	3.66e-59	200
WP_021264538.1	81-A119_contig00020	100.000	97	0	0	15	111	90910	90620	3.66e-59	200
WP_021264538.1	21-C124_contig00002	100.000	97	0	0	15	111	40565	40275	3.66e-59	200
WP_021264538.1	46-B199_contig00032	100.000	97	0	0	15	111	40030	40320	3.73e-59	200
WP_021264538.1	18-C119_contig00029	100.000	97	0	0	15	111	41885	42175	3.73e-59	200
WP_021264538.1	16-C45_contig00005	100.000	97	0	0	15	111	98034	97744	3.80e-59	200
WP_021264538.1	15-C44_contig00006	100.000	97	0	0	15	111	16650	16940	3.80e-59	200
WP_021264538.1	56-C43_contig00007	100.000	97	0	0	15	111	16660	16950	3.80e-59	200
WP_021264538.1	13-C149_contig00001	100.000	97	0	0	15	111	516621	516331	3.81e-59	200
WP_021264538.1	1-C3_contig00132	98.969	97	1	0	15	111	4597	4307	8.65e-59	199
WP_021264538.1	2-C4_contig00017	98.969	97	1	0	15	111	57212	56922	8.75e-59	199
WP_021264538.1	83-C109_contig00002	98.969	97	1	0	15	111	41887	42177	8.76e-59	199
WP_021264538.1	81-C105_contig00001	98.969	97	1	0	15	111	849201	848911	8.76e-59	199
WP_021264538.1	21-C78_contig00001	98.969	97	1	0	15	111	849201	848911	8.76e-59	199
WP_021264538.1	91-C159_contig00001	98.969	97	1	0	15	111	348085	348375	8.76e-59	199
WP_021264538.1	76-C137_contig00001	98.969	97	1	0	15	111	602972	602682	8.76e-59	199
WP_021264538.1	67-C5_contig00002	98.969	97	1	0	15	111	602962	602672	8.76e-59	199
WP_021264538.1	89-C156_contig00001	98.969	97	1	0	15	111	472836	473126	8.76e-59	199
WP_021264538.1	59-A60_contig00135	98.969	97	1	0	15	111	1457	1167	2.20e-58	198
WP_021264538.1	61-A71_contig00015	98.969	97	1	0	15	111	44366	44076	2.22e-58	198
WP_021264538.1	55-A54_contig00021	98.969	97	1	0	15	111	71593	71883	2.22e-58	198
WP_021264538.1	53-A52_contig00022	98.969	97	1	0	15	111	57406	57116	2.22e-58	198
WP_021264538.1	60-A70_contig00009	98.969	97	1	0	15	111	106745	106455	2.22e-58	198
WP_021264538.1	52-A48_contig00012	98.969	97	1	0	15	111	71502	71792	2.22e-58	198
WP_021264538.1	54-A53_contig00008	98.969	97	1	0	15	111	233951	233661	2.22e-58	198
WP_021264538.1	62-A72_contig00005	98.969	97	1	0	15	111	281577	281287	2.22e-58	198
WP_021264538.1	51-A46_contig00004	98.969	97	1	0	15	111	233979	233689	2.22e-58	198
WP_021264538.1	67-A78_contig00002	98.969	97	1	0	15	111	472014	472304	2.22e-58	198
WP_021264538.1	78-A100_contig00003	98.969	97	1	0	15	111	472900	473190	2.22e-58	198
WP_021264538.1	64-A75_contig00002	98.969	97	1	0	15	111	233986	233696	2.22e-58	198
WP_021264538.1	70-A82_contig00002	98.969	97	1	0	15	111	71591	71881	2.22e-58	198
WP_021264538.1	57-A56_contig00002	98.969	97	1	0	15	111	534534	534244	2.22e-58	198
WP_021264538.1	56-A55_contig00002	98.969	97	1	0	15	111	470116	470406	2.22e-58	198
WP_021264538.1	63-A73_contig00001	98.969	97	1	0	15	111	470146	470436	2.22e-58	198
WP_021264538.1	69-A81_contig00002	98.969	97	1	0	15	111	233980	233690	2.22e-58	198
WP_021264538.1	58-A58_contig00001	98.969	97	1	0	15	111	534534	534244	2.22e-58	198
WP_021264538.1	64-C73_contig00002	98.969	97	1	0	15	111	347987	348277	2.22e-58	198
WP_021264538.1	96-C168_contig00002	98.969	97	1	0	15	111	527046	526756	2.22e-58	198
WP_021264538.1	65-A76_contig00001	98.969	97	1	0	15	111	958008	957718	2.22e-58	198
WP_021264538.1	26-A1_contig00001	98.969	97	1	0	15	111	606636	606346	2.22e-58	198
NP_249911.1	8-C89_contig00001	99.762	420	1	0	1	420	770258	771517	0.0	728
NP_249911.1	79-A106_contig00004	99.286	420	3	0	1	420	276037	274778	0.0	728
NP_249911.1	77-A97_contig00006	99.286	420	3	0	1	420	16283	17542	0.0	728
NP_249911.1	76-A95_contig00005	99.286	420	3	0	1	420	12260	13519	0.0	728
NP_249911.1	75-A92_contig00026	99.286	420	3	0	1	420	57617	56358	0.0	728
NP_249911.1	74-A91_contig00032	99.286	420	3	0	1	420	57611	56352	0.0	728
NP_249911.1	73-A90_contig00030	99.286	420	3	0	1	420	45747	44488	0.0	728
NP_249911.1	72-A86_contig00004	99.286	420	3	0	1	420	17405	18664	0.0	728
NP_249911.1	71-C11_contig00005	99.762	420	1	0	1	420	84433	83174	0.0	728
NP_249911.1	71-A85_contig00001	99.286	420	3	0	1	420	433027	431768	0.0	728
NP_249911.1	68-A80_contig00004	99.286	420	3	0	1	420	276037	274778	0.0	728
NP_249911.1	66-A77_contig00009	99.286	420	3	0	1	420	17373	18632	0.0	728
NP_249911.1	5-C12_contig00057	99.762	420	1	0	1	420	9879	11138	0.0	728
NP_249911.1	19-C120_contig00006	99.762	420	1	0	1	420	24016	25275	0.0	726
NP_249911.1	48-C66_contig00005	99.524	420	2	0	1	420	311720	312979	0.0	725
NP_249911.1	20-C68_contig00005	99.524	420	2	0	1	420	311720	312979	0.0	725
NP_249911.1	19-C67_contig00007	99.524	420	2	0	1	420	266216	264957	0.0	725
NP_249911.1	18-C65_contig00006	99.524	420	2	0	1	420	17278	18537	0.0	725
NP_249911.1	17-C64_contig00002	99.524	420	2	0	1	420	311720	312979	0.0	725
NP_249911.1	9-C17_contig00002	99.524	420	2	0	1	420	299149	300408	0.0	725
NP_249911.1	8-C15_contig00007	99.524	420	2	0	1	420	249429	248170	0.0	725
NP_249911.1	74-C20_contig00001	99.286	420	3	0	1	420	331245	329986	0.0	725
NP_249911.1	72-C16_contig00002	99.524	420	2	0	1	420	249427	248168	0.0	725
NP_249911.1	7-C14_contig00026	99.524	420	2	0	1	420	15973	17232	0.0	725
NP_249911.1	6-C13_contig00028	99.524	420	2	0	1	420	49106	47847	0.0	725
NP_249911.1	47-C63_contig00002	99.524	420	2	0	1	420	298942	300201	0.0	725
NP_249911.1	20-C123_contig00002	99.524	420	2	0	1	420	249411	248152	0.0	725
NP_249911.1	83-C109_contig00002	99.286	420	3	0	1	420	298987	300246	0.0	724
NP_249911.1	81-C105_contig00001	99.286	420	3	0	1	420	592101	590842	0.0	724
NP_249911.1	58-C51_contig00001	99.524	420	2	0	1	420	320209	318950	0.0	724
NP_249911.1	57-C49_contig00006	99.524	420	2	0	1	420	278709	277450	0.0	724
NP_249911.1	47-C148_contig00004	99.524	420	2	0	1	420	17369	18628	0.0	724
NP_249911.1	46-C146_contig00001	99.524	420	2	0	1	420	473412	474671	0.0	724
NP_249911.1	30-A36_contig00001	99.524	420	2	0	1	420	582739	581480	0.0	724
NP_249911.1	21-C78_contig00001	99.286	420	3	0	1	420	592101	590842	0.0	724
NP_249911.1	16-C100_contig00002	99.286	420	3	0	1	420	307616	308875	0.0	724
NP_249911.1	14-C94_contig00007	99.524	420	2	0	1	420	552480	551221	0.0	724
NP_249911.1	12-C147_contig00001	99.524	420	2	0	1	420	764109	762850	0.0	724
NP_249911.1	96-C168_contig00002	99.286	420	3	0	1	420	275683	274424	0.0	724
NP_249911.1	78-A100_contig00007	99.286	420	3	0	1	420	278940	277681	0.0	724
NP_249911.1	70-A82_contig00002	99.286	420	3	0	1	420	322955	324214	0.0	724
NP_249911.1	69-A81_contig00001	99.286	420	3	0	1	420	706160	704901	0.0	724
NP_249911.1	67-A78_contig00008	99.286	420	3	0	1	420	16326	17585	0.0	724
NP_249911.1	65-A76_contig00001	99.286	420	3	0	1	420	706648	705389	0.0	724
NP_249911.1	64-C73_contig00002	99.286	420	3	0	1	420	599350	600609	0.0	724
NP_249911.1	64-A75_contig00009	99.286	420	3	0	1	420	282957	281698	0.0	724
NP_249911.1	63-A73_contig00007	99.286	420	3	0	1	420	355069	353810	0.0	724
NP_249911.1	62-A72_contig00005	99.286	420	3	0	1	420	30217	28958	0.0	724
NP_249911.1	61-A71_contig00034	99.286	420	3	0	1	420	12253	13512	0.0	724
NP_249911.1	60-A70_contig00032	99.286	420	3	0	1	420	59383	58124	0.0	724
NP_249911.1	59-A60_contig00117	99.286	420	3	0	1	420	7603	6344	0.0	724
NP_249911.1	58-A58_contig00001	99.286	420	3	0	1	420	283174	281915	0.0	724
NP_249911.1	57-A56_contig00002	99.286	420	3	0	1	420	283174	281915	0.0	724
NP_249911.1	56-C43_contig00015	99.524	420	2	0	1	420	21901	23160	0.0	724
NP_249911.1	56-A55_contig00012	99.286	420	3	0	1	420	17367	18626	0.0	724
NP_249911.1	55-A54_contig00041	99.286	420	3	0	1	420	12289	13548	0.0	724
NP_249911.1	54-A53_contig00001	99.286	420	3	0	1	420	706704	705445	0.0	724
NP_249911.1	53-A52_contig00001	99.286	420	3	0	1	420	16274	17533	0.0	724
NP_249911.1	52-A48_contig00045	99.286	420	3	0	1	420	30217	28958	0.0	724
NP_249911.1	51-A46_contig00030	99.286	420	3	0	1	420	30217	28958	0.0	724
NP_249911.1	49-C69_contig00003	99.286	420	3	0	1	420	420611	419352	0.0	724
NP_249911.1	26-A1_contig00001	99.286	420	3	0	1	420	355261	354002	0.0	724
NP_249911.1	16-C45_contig00013	99.524	420	2	0	1	420	73660	72401	0.0	724
NP_249911.1	15-C44_contig00018	99.524	420	2	0	1	420	73660	72401	0.0	724
NP_249911.1	13-C149_contig00001	99.524	420	2	0	1	420	329703	328444	0.0	724
NP_249911.1	59-C54_contig00007	99.524	420	2	0	1	420	209264	210523	0.0	724
NP_249911.1	34-C103_contig00003	99.524	420	2	0	1	420	306200	307459	0.0	724
NP_249911.1	33-C101_contig00021	99.524	420	2	0	1	420	17372	18631	0.0	724
NP_249911.1	17-C102_contig00002	99.524	420	2	0	1	420	473359	474618	0.0	724
NP_249911.1	94-C164_contig00001	99.286	420	3	0	1	420	428761	427502	0.0	723
NP_249911.1	91-C159_contig00001	99.524	420	2	0	1	420	618177	619436	0.0	723
NP_249911.1	90-C158_contig00010	99.286	420	3	0	1	420	55640	54381	0.0	723
NP_249911.1	89-C156_contig00001	99.524	420	2	0	1	420	742928	744187	0.0	723
NP_249911.1	87-C114_contig00011	99.286	420	3	0	1	420	73560	72301	0.0	723
NP_249911.1	86-C112_contig00007	99.286	420	3	0	1	420	123202	121943	0.0	723
NP_249911.1	85-C111_contig00009	99.286	420	3	0	1	420	123202	121943	0.0	723
NP_249911.1	84-C110_contig00002	99.286	420	3	0	1	420	705106	706365	0.0	723
NP_249911.1	80-C104_contig00009	99.286	420	3	0	1	420	73552	72293	0.0	723
NP_249911.1	76-C137_contig00001	99.524	420	2	0	1	420	332886	331627	0.0	723
NP_249911.1	73-C18_contig00010	99.286	420	3	0	1	420	73679	72420	0.0	723
NP_249911.1	67-C5_contig00002	99.524	420	2	0	1	420	332886	331627	0.0	723
NP_249911.1	62-C153_contig00010	99.286	420	3	0	1	420	55640	54381	0.0	723
NP_249911.1	40-B34_contig00003	99.286	420	3	0	1	420	374189	372930	0.0	723
NP_249911.1	38-C116_contig00001	99.286	420	3	0	1	420	609467	610726	0.0	723
NP_249911.1	38-B3_contig00006	99.048	420	4	0	1	420	284268	283009	0.0	723
NP_249911.1	37-C115_contig00001	99.286	420	3	0	1	420	576382	575123	0.0	723
NP_249911.1	36-C60_contig00001	99.048	420	4	0	1	420	624752	626011	0.0	723
NP_249911.1	36-C108_contig00031	99.286	420	3	0	1	420	49068	47809	0.0	723
NP_249911.1	35-C59_contig00001	99.048	420	4	0	1	420	75665	74406	0.0	723
NP_249911.1	35-C106_contig00027	99.286	420	3	0	1	420	73552	72293	0.0	723
NP_249911.1	34-C58_contig00001	99.048	420	4	0	1	420	75665	74406	0.0	723
NP_249911.1	33-C57_contig00003	99.048	420	4	0	1	420	75666	74407	0.0	723
NP_249911.1	32-C56_contig00002	99.048	420	4	0	1	420	75873	74614	0.0	723
NP_249911.1	31-C55_contig00002	99.048	420	4	0	1	420	624752	626011	0.0	723
NP_249911.1	28-C87_contig00046	99.286	420	3	0	1	420	7628	6369	0.0	723
NP_249911.1	28-A12_contig00004	99.286	420	3	0	1	420	302025	300766	0.0	723
NP_249911.1	27-C85_contig00023	99.286	420	3	0	1	420	17345	18604	0.0	723
NP_249911.1	2-C4_contig00001	99.524	420	2	0	1	420	373601	372342	0.0	723
NP_249911.1	14-C33_contig00012	99.286	420	3	0	1	420	139848	141107	0.0	723
NP_249911.1	13-C32_contig00028	99.286	420	3	0	1	420	12257	13516	0.0	723
NP_249911.1	12-C31_contig00029	99.286	420	3	0	1	420	9878	11137	0.0	723
NP_249911.1	1-C3_contig00024	99.524	420	2	0	1	420	11078	12337	0.0	723
NP_249911.1	93-C161_contig00003	99.286	420	3	0	1	420	231556	232815	0.0	723
NP_249911.1	92-C160_contig00007	99.286	420	3	0	1	420	31555	30296	0.0	723
NP_249911.1	70-C9_contig00022	99.286	420	3	0	1	420	50746	52005	0.0	723
NP_249911.1	69-C7_contig00003	99.286	420	3	0	1	420	260022	258763	0.0	723
NP_249911.1	68-C6_contig00003	99.286	420	3	0	1	420	260022	258763	0.0	723
NP_249911.1	61-C151_contig00005	99.286	420	3	0	1	420	293646	294905	0.0	723
NP_249911.1	42-C127_contig00001	99.286	420	3	0	1	420	616279	617538	0.0	723
NP_249911.1	42-B62_contig00001	99.286	420	3	0	1	420	273727	272468	0.0	723
NP_249911.1	3-C8_contig00069	99.286	420	3	0	1	420	11186	12445	0.0	723
NP_249911.1	22-C128_contig00001	99.286	420	3	0	1	420	745046	746305	0.0	723
NP_249911.1	75-C135_contig00001	99.048	420	4	0	1	420	323376	322117	0.0	723
NP_249911.1	78-C141_contig00003	98.810	420	5	0	1	420	233786	232527	0.0	722
NP_249911.1	77-C139_contig00003	98.810	420	5	0	1	420	233786	232527	0.0	722
NP_249911.1	44-B114_contig00001	98.810	420	5	0	1	420	748635	749894	0.0	722
NP_249911.1	7-C88_contig00001	99.048	420	4	0	1	420	600475	599216	0.0	721
NP_249911.1	2-C155_contig00003	99.048	420	4	0	1	420	330902	329643	0.0	721
NP_249911.1	29-A19_contig00037	99.048	420	4	0	1	420	1840	3099	0.0	721
NP_249911.1	50-C23_contig00001	99.048	420	4	0	1	420	254887	253628	0.0	720
NP_249911.1	11-C22_contig00007	99.048	420	4	0	1	420	12262	13521	0.0	720
NP_249911.1	10-C21_contig00001	99.048	420	4	0	1	420	251330	250071	0.0	720
NP_249911.1	45-B191_contig00001	98.810	420	5	0	1	420	592988	591729	0.0	718
NP_249911.1	46-B199_contig00010	98.333	420	7	0	1	420	70291	69032	0.0	716
NP_249911.1	37-C61_contig00002	98.571	420	6	0	1	420	361754	360495	0.0	716
NP_249911.1	25-C83_contig00023	98.571	420	6	0	1	420	77810	76551	0.0	716
NP_249911.1	18-C119_contig00026	98.333	420	7	0	1	420	70291	69032	0.0	716
NP_249911.1	27-A2_contig00001	98.571	420	6	0	1	420	753623	754882	0.0	716
NP_249911.1	5-C82_contig00003	98.333	420	7	0	1	420	635368	636627	0.0	714
NP_249911.1	26-C84_contig00004	98.333	420	7	0	1	420	77811	76552	0.0	714
NP_249911.1	24-C81_contig00031	98.333	420	7	0	1	420	62911	61652	0.0	714
NP_249911.1	23-C80_contig00005	98.333	420	7	0	1	420	77811	76552	0.0	714
NP_249911.1	22-C79_contig00002	98.333	420	7	0	1	420	760936	762195	0.0	714
NP_249911.1	55-C42_contig00002	98.333	420	7	0	1	420	357473	356214	0.0	701
NP_249911.1	9-C91_contig00005	98.333	420	7	0	1	420	313818	315077	0.0	701
NP_249911.1	82-C107_contig00007	98.333	420	7	0	1	420	33422	32163	0.0	701
NP_249911.1	66-C2_contig00003	98.333	420	7	0	1	420	271827	270568	0.0	701
NP_249911.1	60-C150_contig00004	98.333	420	7	0	1	420	261163	259904	0.0	701
NP_249911.1	54-C36_contig00005	98.333	420	7	0	1	420	315579	316838	0.0	701
NP_249911.1	51-C25_contig00004	98.333	420	7	0	1	420	315579	316838	0.0	701
NP_249911.1	45-C144_contig00032	98.333	420	7	0	1	420	3934	5193	0.0	701
NP_249911.1	40-C125_contig00007	98.333	420	7	0	1	420	226725	227984	0.0	701
NP_249911.1	39-B16_contig00002	98.333	420	7	0	1	420	315567	316826	0.0	701
NP_249911.1	32-C99_contig00004	98.333	420	7	0	1	420	72801	71542	0.0	701
NP_249911.1	31-C98_contig00006	98.333	420	7	0	1	420	226751	228010	0.0	701
NP_249911.1	30-C97_contig00035	98.333	420	7	0	1	420	14820	13561	0.0	701
NP_249911.1	3-C76_contig00018	98.333	420	7	0	1	420	114512	115771	0.0	701
NP_249911.1	29-C95_contig00003	98.333	420	7	0	1	420	72801	71542	0.0	701
NP_249911.1	25-C134_contig00006	98.333	420	7	0	1	420	33502	32243	0.0	701
NP_249911.1	24-C133_contig00006	98.333	420	7	0	1	420	315580	316839	0.0	701
NP_249911.1	23-C131_contig00007	98.333	420	7	0	1	420	315579	316838	0.0	701
NP_249911.1	15-C96_contig00005	98.333	420	7	0	1	420	315579	316838	0.0	701
NP_249911.1	11-C145_contig00002	98.333	420	7	0	1	420	315579	316838	0.0	701
NP_249911.1	41-C126_contig00196	98.333	420	7	0	1	420	6080	4821	0.0	699
NP_249911.1	63-C71_contig00001	99.048	420	4	0	1	420	640039	641298	0.0	699
NP_249911.1	88-C117_contig00001	98.575	421	5	1	1	420	608871	610133	0.0	699
NP_249911.1	43-C129_contig00001	98.575	421	5	1	1	420	736213	737475	0.0	699
NP_249911.1	39-C118_contig00004	98.575	421	5	1	1	420	596744	595482	0.0	699
NP_249911.1	41-B37_contig00001	98.571	420	6	0	1	420	640704	641963	0.0	698
NP_249911.1	95-C167_contig00001	98.095	420	8	0	1	420	611417	612676	0.0	695
NP_249911.1	65-C74_contig00003	98.810	420	5	0	1	420	329149	327890	0.0	695
NP_249911.1	95-A156_contig00033	96.905	420	13	0	1	420	45561	44302	0.0	689
NP_249911.1	94-A154_contig00024	96.905	420	13	0	1	420	16002	17261	0.0	689
NP_249911.1	93-A151_contig00035	96.905	420	13	0	1	420	15968	17227	0.0	689
NP_249911.1	92-A148_contig00002	96.905	420	13	0	1	420	15981	17240	0.0	689
NP_249911.1	91-A147_contig00003	96.905	420	13	0	1	420	272960	271701	0.0	689
NP_249911.1	90-A144_contig00006	96.905	420	13	0	1	420	272960	271701	0.0	689
NP_249911.1	89-A141_contig00004	96.905	420	13	0	1	420	16003	17262	0.0	689
NP_249911.1	87-A137_contig00002	96.905	420	13	0	1	420	272965	271706	0.0	689
NP_249911.1	86-A134_contig00024	96.905	420	13	0	1	420	15967	17226	0.0	689
NP_249911.1	85-A130_contig00020	96.905	420	13	0	1	420	45540	44281	0.0	689
NP_249911.1	84-A126_contig00019	96.905	420	13	0	1	420	54030	52771	0.0	689
NP_249911.1	83-A123_contig00006	96.905	420	13	0	1	420	272960	271701	0.0	689
NP_249911.1	82-A122_contig00004	96.905	420	13	0	1	420	20956	22215	0.0	689
NP_249911.1	81-A119_contig00004	96.905	420	13	0	1	420	272960	271701	0.0	689
NP_249911.1	21-C124_contig00081	96.667	420	14	0	1	420	3936	5195	0.0	685
NP_249911.1	6-C86_contig00002	97.857	420	9	0	1	420	85904	84645	0.0	676
NP_249911.1	4-C77_contig00004	97.857	420	9	0	1	420	85904	84645	0.0	676
NP_249911.1	79-C142_contig00004	96.905	420	13	0	1	420	55640	54381	0.0	664
NP_249911.1	53-C30_contig00002	96.905	420	13	0	1	420	429074	427815	0.0	664
NP_249911.1	52-C29_contig00002	96.905	420	13	0	1	420	331346	330087	0.0	664
NP_249911.1	50-A5_contig00014	96.905	420	13	0	1	420	117481	116222	0.0	664
NP_249911.1	49-A4_contig00014	96.905	420	13	0	1	420	117293	116034	0.0	664
NP_249911.1	48-A3_contig00013	96.905	420	13	0	1	420	117477	116218	0.0	664
NP_249911.1	10-C92_contig00003	96.905	420	13	0	1	420	309500	310759	0.0	664
NP_249911.1	44-C143_contig01372	97.866	328	7	0	93	420	1	984	1.90e-178	512
NP_249911.1	4-C10_contig00781	99.228	259	2	0	1	259	777	1	1.82e-158	474
NP_249911.1	96-A163_contig00326	99.620	263	1	0	1	263	4332	5120	1.16e-155	484
NP_249911.1	80-A107_contig01734	99.138	232	2	0	189	420	3	698	2.69e-118	353
NP_249911.1	80-A107_contig00020	99.355	155	1	0	1	155	11220	11684	8.85e-95	316
NP_249911.1	4-C10_contig00309	99.291	141	1	0	280	420	6558	6136	3.41e-73	254
NP_249911.1	96-A163_contig00306	99.291	141	1	0	280	420	52	474	3.88e-73	253
WP_015670327.1	80-A107_contig00789	88.372	129	15	0	1	129	1574	1960	1.02e-65	218
WP_015670327.1	79-A106_contig00055	88.372	129	15	0	1	129	17090	17476	1.75e-65	218
WP_015670327.1	77-A97_contig00040	88.372	129	15	0	1	129	15123	15509	1.75e-65	218
WP_015670327.1	76-A95_contig00057	88.372	129	15	0	1	129	15673	15287	1.75e-65	218
WP_015670327.1	75-A92_contig00065	88.372	129	15	0	1	129	15811	16197	1.75e-65	218
WP_015670327.1	74-A91_contig00060	88.372	129	15	0	1	129	8048	8434	1.75e-65	218
WP_015670327.1	73-A90_contig00086	88.372	129	15	0	1	129	20829	20443	1.75e-65	218
WP_015670327.1	72-A86_contig00039	88.372	129	15	0	1	129	1272	886	1.75e-65	218
WP_015670327.1	68-A80_contig00027	88.372	129	15	0	1	129	17800	18186	1.75e-65	218
WP_015670327.1	66-A77_contig00024	88.372	129	15	0	1	129	7852	8238	1.75e-65	218
WP_015670327.1	71-A85_contig00026	88.350	103	12	0	1	103	309	1	6.79e-51	177
WP_031630419.1	41-B37_contig00013	100.000	245	0	0	1	245	105411	106145	1.90e-147	460
WP_031630419.1	35-C106_contig00042	97.143	245	7	0	1	245	20876	20142	9.71e-143	446
WP_031630419.1	36-C108_contig00002	97.143	245	7	0	1	245	195635	194901	9.81e-143	446
WP_031630419.1	73-C18_contig00001	97.143	245	7	0	1	245	110782	111516	9.82e-143	446
WP_014603116.1	41-C126_contig02357	100.000	114	0	0	15	128	258	599	1.27e-66	205
WP_014603116.1	44-C143_contig01335	100.000	114	0	0	15	128	791	1132	2.09e-63	205
WP_014603116.1	6-C13_contig00041	100.000	114	0	0	15	128	11492	11151	5.54e-61	206
WP_014603116.1	20-C123_contig00024	100.000	114	0	0	15	128	41155	40814	5.54e-61	206
WP_014603116.1	7-C14_contig00017	100.000	114	0	0	15	128	57202	56861	5.54e-61	206
WP_014603116.1	8-C15_contig00017	100.000	114	0	0	15	128	107047	106706	5.55e-61	206
WP_014603116.1	47-C63_contig00002	100.000	114	0	0	15	128	42962	43303	5.55e-61	206
WP_014603116.1	9-C17_contig00002	100.000	114	0	0	15	128	43170	43511	5.55e-61	206
WP_014603116.1	72-C16_contig00002	100.000	114	0	0	15	128	505405	505064	5.55e-61	206
WP_014603116.1	55-C42_contig00002	100.000	114	0	0	15	128	616818	616477	5.55e-61	206
WP_014603116.1	75-C135_contig00001	100.000	114	0	0	15	128	621431	621090	5.55e-61	206
WP_014603116.1	74-C20_contig00001	100.000	114	0	0	15	128	513348	513007	5.55e-61	206
WP_014603116.1	45-B191_contig00001	100.000	114	0	0	15	128	780835	780494	5.55e-61	206
WP_014603116.1	8-C89_contig00001	100.000	114	0	0	15	128	600411	600752	5.55e-61	206
WP_014603116.1	94-C164_contig00001	100.000	114	0	0	15	128	718719	718378	5.72e-61	206
WP_014603116.1	42-B62_contig00001	100.000	114	0	0	15	128	564725	564384	6.06e-61	205
WP_014603116.1	7-C88_contig00001	100.000	114	0	0	15	128	863859	863518	6.06e-61	205
WP_014603116.1	46-B199_contig00032	100.000	114	0	0	15	128	40030	40371	6.29e-61	205
WP_014603116.1	18-C119_contig00029	100.000	114	0	0	15	128	41885	42226	6.29e-61	205
WP_014603116.1	31-C98_contig00030	100.000	114	0	0	15	128	41888	42229	6.86e-61	205
WP_014603116.1	40-C125_contig00023	100.000	114	0	0	15	128	41888	42229	6.86e-61	205
WP_014603116.1	45-C144_contig00020	100.000	114	0	0	15	128	39032	39373	6.86e-61	205
WP_014603116.1	3-C76_contig00013	100.000	114	0	0	15	128	41888	42229	6.87e-61	205
WP_014603116.1	30-C97_contig00009	100.000	114	0	0	15	128	44354	44695	6.87e-61	205
WP_014603116.1	9-C91_contig00005	100.000	114	0	0	15	128	42593	42934	6.87e-61	205
WP_014603116.1	24-C133_contig00006	100.000	114	0	0	15	128	44354	44695	6.87e-61	205
WP_014603116.1	54-C36_contig00005	100.000	114	0	0	15	128	44354	44695	6.87e-61	205
WP_014603116.1	82-C107_contig00007	100.000	114	0	0	15	128	304647	304306	6.87e-61	205
WP_014603116.1	25-C134_contig00006	100.000	114	0	0	15	128	304728	304387	6.87e-61	205
WP_014603116.1	32-C99_contig00004	100.000	114	0	0	15	128	344026	343685	6.87e-61	205
WP_014603116.1	15-C96_contig00005	100.000	114	0	0	15	128	44354	44695	6.87e-61	205
WP_014603116.1	29-C95_contig00003	100.000	114	0	0	15	128	344026	343685	6.87e-61	205
WP_014603116.1	23-C131_contig00007	100.000	114	0	0	15	128	44354	44695	6.87e-61	205
WP_014603116.1	60-C150_contig00004	100.000	114	0	0	15	128	532388	532047	6.87e-61	205
WP_014603116.1	66-C2_contig00003	100.000	114	0	0	15	128	543052	542711	6.87e-61	205
WP_014603116.1	11-C145_contig00002	100.000	114	0	0	15	128	44354	44695	6.87e-61	205
WP_014603116.1	51-C25_contig00004	100.000	114	0	0	15	128	44354	44695	6.87e-61	205
WP_014603116.1	39-B16_contig00002	100.000	114	0	0	15	128	44354	44695	6.87e-61	205
WP_014603116.1	16-C45_contig00005	100.000	114	0	0	15	128	98034	97693	8.02e-61	205
WP_014603116.1	15-C44_contig00006	100.000	114	0	0	15	128	16650	16991	8.02e-61	205
WP_014603116.1	56-C43_contig00007	100.000	114	0	0	15	128	16660	17001	8.02e-61	205
WP_014603116.1	13-C149_contig00001	100.000	114	0	0	15	128	516621	516280	8.03e-61	205
WP_014603116.1	1-C3_contig00132	99.123	114	1	0	15	128	4597	4256	1.74e-60	204
WP_014603116.1	2-C4_contig00017	99.123	114	1	0	15	128	57212	56871	1.76e-60	204
WP_014603116.1	83-C109_contig00002	99.123	114	1	0	15	128	41887	42228	1.76e-60	204
WP_014603116.1	81-C105_contig00001	99.123	114	1	0	15	128	849201	848860	1.76e-60	204
WP_014603116.1	21-C78_contig00001	99.123	114	1	0	15	128	849201	848860	1.76e-60	204
WP_014603116.1	91-C159_contig00001	99.123	114	1	0	15	128	348085	348426	1.76e-60	204
WP_014603116.1	76-C137_contig00001	99.123	114	1	0	15	128	602972	602631	1.76e-60	204
WP_014603116.1	67-C5_contig00002	99.123	114	1	0	15	128	602962	602621	1.76e-60	204
WP_014603116.1	89-C156_contig00001	99.123	114	1	0	15	128	472836	473177	1.76e-60	204
WP_014603116.1	24-C81_contig00010	99.123	114	1	0	15	128	117411	117070	3.46e-60	203
WP_014603116.1	23-C80_contig00005	99.123	114	1	0	15	128	356453	356112	3.47e-60	203
WP_014603116.1	26-C84_contig00004	99.123	114	1	0	15	128	356453	356112	3.47e-60	203
WP_014603116.1	25-C83_contig00001	99.123	114	1	0	15	128	257400	257059	3.47e-60	203
WP_014603116.1	37-C61_contig00002	99.123	114	1	0	15	128	639968	639627	3.47e-60	203
WP_014603116.1	5-C82_contig00003	99.123	114	1	0	15	128	356726	357067	3.47e-60	203
WP_014603116.1	22-C79_contig00002	99.123	114	1	0	15	128	482292	482633	3.47e-60	203
WP_014603116.1	95-C167_contig00001	100.000	112	0	0	17	128	347883	348218	3.97e-60	203
WP_014603116.1	27-A2_contig00001	100.000	97	0	0	15	111	584714	585004	2.53e-59	201
WP_014603116.1	4-C77_contig00004	100.000	111	0	0	18	128	369938	369606	3.41e-59	200
WP_014603116.1	6-C86_contig00002	100.000	111	0	0	18	128	369938	369606	3.41e-59	200
WP_014603116.1	85-A130_contig00149	100.000	111	0	0	18	128	4569	4237	3.61e-59	200
WP_014603116.1	84-A126_contig00096	100.000	111	0	0	18	128	9510	9842	3.62e-59	200
WP_014603116.1	94-A154_contig00088	100.000	111	0	0	18	128	11357	11025	3.62e-59	200
WP_014603116.1	89-A141_contig00037	100.000	111	0	0	18	128	11273	10941	3.64e-59	200
WP_014603116.1	86-A134_contig00035	100.000	111	0	0	18	128	11286	10954	3.64e-59	200
WP_014603116.1	92-A148_contig00041	100.000	111	0	0	18	128	41895	42227	3.64e-59	200
WP_014603116.1	95-A156_contig00030	100.000	111	0	0	18	128	57004	56672	3.64e-59	200
WP_014603116.1	82-A122_contig00028	100.000	111	0	0	18	128	41895	42227	3.65e-59	200
WP_014603116.1	93-A151_contig00017	100.000	111	0	0	18	128	9523	9855	3.65e-59	200
WP_014603116.1	87-A137_contig00021	100.000	111	0	0	18	128	41895	42227	3.65e-59	200
WP_014603116.1	91-A147_contig00022	100.000	111	0	0	18	128	41895	42227	3.65e-59	200
WP_014603116.1	90-A144_contig00020	100.000	111	0	0	18	128	41895	42227	3.65e-59	200
WP_014603116.1	83-A123_contig00020	100.000	111	0	0	18	128	41895	42227	3.65e-59	200
WP_014603116.1	81-A119_contig00020	100.000	111	0	0	18	128	90901	90569	3.65e-59	200
WP_014603116.1	21-C124_contig00002	100.000	111	0	0	18	128	40556	40224	3.65e-59	200
WP_014603116.1	38-B3_contig00006	100.000	111	0	0	18	128	468582	468250	3.69e-59	200
WP_014603116.1	41-B37_contig00001	100.000	111	0	0	18	128	347993	348325	3.80e-59	200
WP_014603116.1	78-C141_contig00002	100.000	111	0	0	18	128	348104	348436	4.70e-59	200
WP_014603116.1	77-C139_contig00002	100.000	111	0	0	18	128	348104	348436	4.70e-59	200
WP_014603116.1	59-A60_contig00135	99.099	111	1	0	18	128	1448	1116	2.42e-58	198
WP_014603116.1	61-A71_contig00015	99.099	111	1	0	18	128	44357	44025	2.44e-58	198
WP_014603116.1	55-A54_contig00021	99.099	111	1	0	18	128	71602	71934	2.44e-58	198
WP_014603116.1	53-A52_contig00022	99.099	111	1	0	18	128	57397	57065	2.44e-58	198
WP_014603116.1	60-A70_contig00009	99.099	111	1	0	18	128	106736	106404	2.44e-58	198
WP_014603116.1	52-A48_contig00012	99.099	111	1	0	18	128	71511	71843	2.44e-58	198
WP_014603116.1	54-A53_contig00008	99.099	111	1	0	18	128	233942	233610	2.44e-58	198
WP_014603116.1	62-A72_contig00005	99.099	111	1	0	18	128	281568	281236	2.44e-58	198
WP_014603116.1	51-A46_contig00004	99.099	111	1	0	18	128	233970	233638	2.44e-58	198
WP_014603116.1	67-A78_contig00002	99.099	111	1	0	18	128	472023	472355	2.44e-58	198
WP_014603116.1	78-A100_contig00003	99.099	111	1	0	18	128	472909	473241	2.44e-58	198
WP_014603116.1	64-A75_contig00002	99.099	111	1	0	18	128	233977	233645	2.44e-58	198
WP_014603116.1	70-A82_contig00002	99.099	111	1	0	18	128	71600	71932	2.44e-58	198
WP_014603116.1	57-A56_contig00002	99.099	111	1	0	18	128	534525	534193	2.44e-58	198
WP_014603116.1	56-A55_contig00002	99.099	111	1	0	18	128	470125	470457	2.44e-58	198
WP_014603116.1	63-A73_contig00001	99.099	111	1	0	18	128	470155	470487	2.44e-58	198
WP_014603116.1	69-A81_contig00002	99.099	111	1	0	18	128	233971	233639	2.44e-58	198
WP_014603116.1	58-A58_contig00001	99.099	111	1	0	18	128	534525	534193	2.44e-58	198
WP_014603116.1	64-C73_contig00002	99.099	111	1	0	18	128	347996	348328	2.44e-58	198
WP_014603116.1	96-C168_contig00002	99.099	111	1	0	18	128	527037	526705	2.44e-58	198
WP_014603116.1	65-A76_contig00001	99.099	111	1	0	18	128	957999	957667	2.44e-58	198
WP_014603116.1	26-A1_contig00001	99.099	111	1	0	18	128	606627	606295	2.44e-58	198
WP_023092030.1	41-C126_contig02357	99.099	111	1	0	18	128	267	599	1.51e-63	197
WP_023092030.1	44-C143_contig01335	99.099	111	1	0	18	128	800	1132	1.74e-60	197
WP_023092030.1	95-C167_contig00001	99.099	111	1	0	18	128	347886	348218	1.28e-58	199
WP_023092030.1	4-C77_contig00004	99.099	111	1	0	18	128	369938	369606	2.61e-58	198
WP_023092030.1	6-C86_contig00002	99.099	111	1	0	18	128	369938	369606	2.61e-58	198
WP_023092030.1	38-B3_contig00006	99.099	111	1	0	18	128	468582	468250	3.02e-58	197
WP_023092030.1	41-B37_contig00001	99.099	111	1	0	18	128	347993	348325	3.08e-58	197
WP_023092030.1	6-C13_contig00041	99.099	111	1	0	18	128	11483	11151	3.13e-58	197
WP_023092030.1	20-C123_contig00024	99.099	111	1	0	18	128	41146	40814	3.14e-58	197
WP_023092030.1	7-C14_contig00017	99.099	111	1	0	18	128	57193	56861	3.14e-58	197
WP_023092030.1	8-C15_contig00017	99.099	111	1	0	18	128	107038	106706	3.14e-58	197
WP_023092030.1	47-C63_contig00002	99.099	111	1	0	18	128	42971	43303	3.14e-58	197
WP_023092030.1	9-C17_contig00002	99.099	111	1	0	18	128	43179	43511	3.14e-58	197
WP_023092030.1	72-C16_contig00002	99.099	111	1	0	18	128	505396	505064	3.14e-58	197
WP_023092030.1	55-C42_contig00002	99.099	111	1	0	18	128	616809	616477	3.14e-58	197
WP_023092030.1	75-C135_contig00001	99.099	111	1	0	18	128	621422	621090	3.14e-58	197
WP_023092030.1	74-C20_contig00001	99.099	111	1	0	18	128	513339	513007	3.14e-58	197
WP_023092030.1	94-C164_contig00001	99.099	111	1	0	18	128	718710	718378	3.14e-58	197
WP_023092030.1	45-B191_contig00001	99.099	111	1	0	18	128	780826	780494	3.14e-58	197
WP_023092030.1	8-C89_contig00001	99.099	111	1	0	18	128	600420	600752	3.14e-58	197
WP_023092030.1	31-C98_contig00030	99.099	111	1	0	18	128	41897	42229	3.17e-58	197
WP_023092030.1	40-C125_contig00023	99.099	111	1	0	18	128	41897	42229	3.17e-58	197
WP_023092030.1	45-C144_contig00020	99.099	111	1	0	18	128	39041	39373	3.17e-58	197
WP_023092030.1	3-C76_contig00013	99.099	111	1	0	18	128	41897	42229	3.17e-58	197
WP_023092030.1	30-C97_contig00009	99.099	111	1	0	18	128	44363	44695	3.17e-58	197
WP_023092030.1	9-C91_contig00005	99.099	111	1	0	18	128	42602	42934	3.17e-58	197
WP_023092030.1	24-C133_contig00006	99.099	111	1	0	18	128	44363	44695	3.17e-58	197
WP_023092030.1	54-C36_contig00005	99.099	111	1	0	18	128	44363	44695	3.17e-58	197
WP_023092030.1	82-C107_contig00007	99.099	111	1	0	18	128	304638	304306	3.17e-58	197
WP_023092030.1	25-C134_contig00006	99.099	111	1	0	18	128	304719	304387	3.17e-58	197
WP_023092030.1	32-C99_contig00004	99.099	111	1	0	18	128	344017	343685	3.17e-58	197
WP_023092030.1	15-C96_contig00005	99.099	111	1	0	18	128	44363	44695	3.17e-58	197
WP_023092030.1	29-C95_contig00003	99.099	111	1	0	18	128	344017	343685	3.17e-58	197
WP_023092030.1	23-C131_contig00007	99.099	111	1	0	18	128	44363	44695	3.17e-58	197
WP_023092030.1	60-C150_contig00004	99.099	111	1	0	18	128	532379	532047	3.17e-58	197
WP_023092030.1	66-C2_contig00003	99.099	111	1	0	18	128	543043	542711	3.17e-58	197
WP_023092030.1	11-C145_contig00002	99.099	111	1	0	18	128	44363	44695	3.17e-58	197
WP_023092030.1	51-C25_contig00004	99.099	111	1	0	18	128	44363	44695	3.17e-58	197
WP_023092030.1	39-B16_contig00002	99.099	111	1	0	18	128	44363	44695	3.17e-58	197
WP_023092030.1	1-C3_contig00132	99.099	111	1	0	18	128	4588	4256	3.29e-58	197
WP_023092030.1	2-C4_contig00017	99.099	111	1	0	18	128	57203	56871	3.32e-58	197
WP_023092030.1	83-C109_contig00002	99.099	111	1	0	18	128	41896	42228	3.33e-58	197
WP_023092030.1	81-C105_contig00001	99.099	111	1	0	18	128	849192	848860	3.33e-58	197
WP_023092030.1	21-C78_contig00001	99.099	111	1	0	18	128	849192	848860	3.33e-58	197
WP_023092030.1	91-C159_contig00001	99.099	111	1	0	18	128	348094	348426	3.33e-58	197
WP_023092030.1	76-C137_contig00001	99.099	111	1	0	18	128	602963	602631	3.33e-58	197
WP_023092030.1	67-C5_contig00002	99.099	111	1	0	18	128	602953	602621	3.33e-58	197
WP_023092030.1	89-C156_contig00001	99.099	111	1	0	18	128	472845	473177	3.33e-58	197
WP_023092030.1	46-B199_contig00032	99.099	111	1	0	18	128	40039	40371	3.36e-58	197
WP_023092030.1	18-C119_contig00029	99.099	111	1	0	18	128	41894	42226	3.36e-58	197
WP_023092030.1	85-A130_contig00149	99.099	111	1	0	18	128	4569	4237	3.38e-58	197
WP_023092030.1	84-A126_contig00096	99.099	111	1	0	18	128	9510	9842	3.40e-58	197
WP_023092030.1	94-A154_contig00088	99.099	111	1	0	18	128	11357	11025	3.40e-58	197
WP_023092030.1	89-A141_contig00037	99.099	111	1	0	18	128	11273	10941	3.42e-58	197
WP_023092030.1	86-A134_contig00035	99.099	111	1	0	18	128	11286	10954	3.42e-58	197
WP_023092030.1	92-A148_contig00041	99.099	111	1	0	18	128	41895	42227	3.42e-58	197
WP_023092030.1	95-A156_contig00030	99.099	111	1	0	18	128	57004	56672	3.42e-58	197
WP_023092030.1	82-A122_contig00028	99.099	111	1	0	18	128	41895	42227	3.42e-58	197
WP_023092030.1	93-A151_contig00017	99.099	111	1	0	18	128	9523	9855	3.42e-58	197
WP_023092030.1	87-A137_contig00021	99.099	111	1	0	18	128	41895	42227	3.42e-58	197
WP_023092030.1	91-A147_contig00022	99.099	111	1	0	18	128	41895	42227	3.42e-58	197
WP_023092030.1	90-A144_contig00020	99.099	111	1	0	18	128	41895	42227	3.42e-58	197
WP_023092030.1	83-A123_contig00020	99.099	111	1	0	18	128	41895	42227	3.42e-58	197
WP_023092030.1	81-A119_contig00020	99.099	111	1	0	18	128	90901	90569	3.42e-58	197
WP_023092030.1	21-C124_contig00002	99.099	111	1	0	18	128	40556	40224	3.43e-58	197
WP_023092030.1	42-B62_contig00001	99.099	111	1	0	18	128	564716	564384	3.43e-58	197
WP_023092030.1	7-C88_contig00001	99.099	111	1	0	18	128	863850	863518	3.43e-58	197
WP_023092030.1	16-C45_contig00005	99.099	111	1	0	18	128	98025	97693	3.46e-58	197
WP_023092030.1	15-C44_contig00006	99.099	111	1	0	18	128	16659	16991	3.46e-58	197
WP_023092030.1	56-C43_contig00007	99.099	111	1	0	18	128	16669	17001	3.46e-58	197
WP_023092030.1	13-C149_contig00001	99.099	111	1	0	18	128	516612	516280	3.46e-58	197
WP_023092030.1	78-C141_contig00002	99.099	111	1	0	18	128	348104	348436	3.67e-58	197
WP_023092030.1	77-C139_contig00002	99.099	111	1	0	18	128	348104	348436	3.67e-58	197
WP_023092030.1	59-A60_contig00135	98.198	111	2	0	18	128	1448	1116	1.58e-57	196
WP_023092030.1	61-A71_contig00015	98.198	111	2	0	18	128	44357	44025	1.60e-57	196
WP_023092030.1	55-A54_contig00021	98.198	111	2	0	18	128	71602	71934	1.60e-57	196
WP_023092030.1	53-A52_contig00022	98.198	111	2	0	18	128	57397	57065	1.60e-57	196
WP_023092030.1	60-A70_contig00009	98.198	111	2	0	18	128	106736	106404	1.60e-57	196
WP_023092030.1	52-A48_contig00012	98.198	111	2	0	18	128	71511	71843	1.60e-57	196
WP_023092030.1	54-A53_contig00008	98.198	111	2	0	18	128	233942	233610	1.60e-57	196
WP_023092030.1	62-A72_contig00005	98.198	111	2	0	18	128	281568	281236	1.60e-57	196
WP_023092030.1	51-A46_contig00004	98.198	111	2	0	18	128	233970	233638	1.60e-57	196
WP_023092030.1	67-A78_contig00002	98.198	111	2	0	18	128	472023	472355	1.60e-57	196
WP_023092030.1	78-A100_contig00003	98.198	111	2	0	18	128	472909	473241	1.60e-57	196
WP_023092030.1	64-A75_contig00002	98.198	111	2	0	18	128	233977	233645	1.60e-57	196
WP_023092030.1	70-A82_contig00002	98.198	111	2	0	18	128	71600	71932	1.60e-57	196
WP_023092030.1	57-A56_contig00002	98.198	111	2	0	18	128	534525	534193	1.60e-57	196
WP_023092030.1	56-A55_contig00002	98.198	111	2	0	18	128	470125	470457	1.60e-57	196
WP_023092030.1	63-A73_contig00001	98.198	111	2	0	18	128	470155	470487	1.60e-57	196
WP_023092030.1	69-A81_contig00002	98.198	111	2	0	18	128	233971	233639	1.60e-57	196
WP_023092030.1	58-A58_contig00001	98.198	111	2	0	18	128	534525	534193	1.60e-57	196
WP_023092030.1	64-C73_contig00002	98.198	111	2	0	18	128	347996	348328	1.60e-57	196
WP_023092030.1	96-C168_contig00002	98.198	111	2	0	18	128	527037	526705	1.60e-57	196
WP_023092030.1	65-A76_contig00001	98.198	111	2	0	18	128	957999	957667	1.60e-57	196
WP_023092030.1	26-A1_contig00001	98.198	111	2	0	18	128	606627	606295	1.60e-57	196
WP_023092030.1	24-C81_contig00010	98.198	111	2	0	18	128	117402	117070	2.45e-57	195
WP_023092030.1	23-C80_contig00005	98.198	111	2	0	18	128	356444	356112	2.45e-57	195
WP_023092030.1	26-C84_contig00004	98.198	111	2	0	18	128	356444	356112	2.45e-57	195
WP_023092030.1	25-C83_contig00001	98.198	111	2	0	18	128	257391	257059	2.45e-57	195
WP_023092030.1	37-C61_contig00002	98.198	111	2	0	18	128	639959	639627	2.45e-57	195
WP_023092030.1	5-C82_contig00003	98.198	111	2	0	18	128	356735	357067	2.45e-57	195
WP_023092030.1	22-C79_contig00002	98.198	111	2	0	18	128	482301	482633	2.45e-57	195
WP_023092030.1	27-A2_contig00001	98.936	94	1	0	18	111	584723	585004	1.47e-56	193
WP_003111331.1	41-C126_contig02357	100.000	111	0	0	18	128	267	599	1.98e-64	199
WP_003111331.1	44-C143_contig01335	100.000	111	0	0	18	128	800	1132	3.36e-61	199
WP_003111331.1	95-C167_contig00001	100.000	111	0	0	18	128	347886	348218	2.19e-59	201
WP_003111331.1	4-C77_contig00004	100.000	111	0	0	18	128	369938	369606	4.27e-59	200
WP_003111331.1	6-C86_contig00002	100.000	111	0	0	18	128	369938	369606	4.27e-59	200
WP_003111331.1	6-C13_contig00041	100.000	111	0	0	18	128	11483	11151	5.02e-59	200
WP_003111331.1	20-C123_contig00024	100.000	111	0	0	18	128	41146	40814	5.02e-59	200
WP_003111331.1	7-C14_contig00017	100.000	111	0	0	18	128	57193	56861	5.02e-59	200
WP_003111331.1	8-C15_contig00017	100.000	111	0	0	18	128	107038	106706	5.03e-59	200
WP_003111331.1	47-C63_contig00002	100.000	111	0	0	18	128	42971	43303	5.03e-59	200
WP_003111331.1	9-C17_contig00002	100.000	111	0	0	18	128	43179	43511	5.03e-59	200
WP_003111331.1	72-C16_contig00002	100.000	111	0	0	18	128	505396	505064	5.03e-59	200
WP_003111331.1	55-C42_contig00002	100.000	111	0	0	18	128	616809	616477	5.03e-59	200
WP_003111331.1	75-C135_contig00001	100.000	111	0	0	18	128	621422	621090	5.03e-59	200
WP_003111331.1	74-C20_contig00001	100.000	111	0	0	18	128	513339	513007	5.03e-59	200
WP_003111331.1	45-B191_contig00001	100.000	111	0	0	18	128	780826	780494	5.03e-59	200
WP_003111331.1	8-C89_contig00001	100.000	111	0	0	18	128	600420	600752	5.03e-59	200
WP_003111331.1	85-A130_contig00149	100.000	111	0	0	18	128	4569	4237	5.42e-59	200
WP_003111331.1	84-A126_contig00096	100.000	111	0	0	18	128	9510	9842	5.44e-59	200
WP_003111331.1	94-A154_contig00088	100.000	111	0	0	18	128	11357	11025	5.44e-59	200
WP_003111331.1	89-A141_contig00037	100.000	111	0	0	18	128	11273	10941	5.47e-59	200
WP_003111331.1	86-A134_contig00035	100.000	111	0	0	18	128	11286	10954	5.47e-59	200
WP_003111331.1	92-A148_contig00041	100.000	111	0	0	18	128	41895	42227	5.47e-59	200
WP_003111331.1	95-A156_contig00030	100.000	111	0	0	18	128	57004	56672	5.48e-59	200
WP_003111331.1	82-A122_contig00028	100.000	111	0	0	18	128	41895	42227	5.48e-59	200
WP_003111331.1	93-A151_contig00017	100.000	111	0	0	18	128	9523	9855	5.48e-59	200
WP_003111331.1	87-A137_contig00021	100.000	111	0	0	18	128	41895	42227	5.48e-59	200
WP_003111331.1	91-A147_contig00022	100.000	111	0	0	18	128	41895	42227	5.48e-59	200
WP_003111331.1	90-A144_contig00020	100.000	111	0	0	18	128	41895	42227	5.48e-59	200
WP_003111331.1	83-A123_contig00020	100.000	111	0	0	18	128	41895	42227	5.48e-59	200
WP_003111331.1	81-A119_contig00020	100.000	111	0	0	18	128	90901	90569	5.48e-59	200
WP_003111331.1	21-C124_contig00002	100.000	111	0	0	18	128	40556	40224	5.49e-59	200
WP_003111331.1	38-B3_contig00006	100.000	111	0	0	18	128	468582	468250	5.99e-59	200
WP_003111331.1	42-B62_contig00001	100.000	111	0	0	18	128	564716	564384	5.99e-59	200
WP_003111331.1	7-C88_contig00001	100.000	111	0	0	18	128	863850	863518	5.99e-59	200
WP_003111331.1	46-B199_contig00032	100.000	111	0	0	18	128	40039	40371	6.04e-59	200
WP_003111331.1	18-C119_contig00029	100.000	111	0	0	18	128	41894	42226	6.04e-59	200
WP_003111331.1	16-C45_contig00005	100.000	111	0	0	18	128	98025	97693	6.04e-59	200
WP_003111331.1	15-C44_contig00006	100.000	111	0	0	18	128	16659	16991	6.04e-59	200
WP_003111331.1	56-C43_contig00007	100.000	111	0	0	18	128	16669	17001	6.04e-59	200
WP_003111331.1	94-C164_contig00001	100.000	111	0	0	18	128	718710	718378	6.05e-59	200
WP_003111331.1	13-C149_contig00001	100.000	111	0	0	18	128	516612	516280	6.05e-59	200
WP_003111331.1	41-B37_contig00001	100.000	111	0	0	18	128	347993	348325	6.05e-59	200
WP_003111331.1	1-C3_contig00132	100.000	111	0	0	18	128	4588	4256	6.33e-59	199
WP_003111331.1	2-C4_contig00017	100.000	111	0	0	18	128	57203	56871	6.40e-59	199
WP_003111331.1	83-C109_contig00002	100.000	111	0	0	18	128	41896	42228	6.41e-59	199
WP_003111331.1	81-C105_contig00001	100.000	111	0	0	18	128	849192	848860	6.41e-59	199
WP_003111331.1	21-C78_contig00001	100.000	111	0	0	18	128	849192	848860	6.41e-59	199
WP_003111331.1	91-C159_contig00001	100.000	111	0	0	18	128	348094	348426	6.41e-59	199
WP_003111331.1	76-C137_contig00001	100.000	111	0	0	18	128	602963	602631	6.41e-59	199
WP_003111331.1	67-C5_contig00002	100.000	111	0	0	18	128	602953	602621	6.41e-59	199
WP_003111331.1	89-C156_contig00001	100.000	111	0	0	18	128	472845	473177	6.41e-59	199
WP_003111331.1	31-C98_contig00030	100.000	111	0	0	18	128	41897	42229	7.05e-59	199
WP_003111331.1	40-C125_contig00023	100.000	111	0	0	18	128	41897	42229	7.05e-59	199
WP_003111331.1	45-C144_contig00020	100.000	111	0	0	18	128	39041	39373	7.05e-59	199
WP_003111331.1	3-C76_contig00013	100.000	111	0	0	18	128	41897	42229	7.06e-59	199
WP_003111331.1	30-C97_contig00009	100.000	111	0	0	18	128	44363	44695	7.06e-59	199
WP_003111331.1	9-C91_contig00005	100.000	111	0	0	18	128	42602	42934	7.06e-59	199
WP_003111331.1	24-C133_contig00006	100.000	111	0	0	18	128	44363	44695	7.06e-59	199
WP_003111331.1	54-C36_contig00005	100.000	111	0	0	18	128	44363	44695	7.06e-59	199
WP_003111331.1	82-C107_contig00007	100.000	111	0	0	18	128	304638	304306	7.06e-59	199
WP_003111331.1	25-C134_contig00006	100.000	111	0	0	18	128	304719	304387	7.06e-59	199
WP_003111331.1	32-C99_contig00004	100.000	111	0	0	18	128	344017	343685	7.06e-59	199
WP_003111331.1	15-C96_contig00005	100.000	111	0	0	18	128	44363	44695	7.06e-59	199
WP_003111331.1	29-C95_contig00003	100.000	111	0	0	18	128	344017	343685	7.06e-59	199
WP_003111331.1	23-C131_contig00007	100.000	111	0	0	18	128	44363	44695	7.06e-59	199
WP_003111331.1	60-C150_contig00004	100.000	111	0	0	18	128	532379	532047	7.06e-59	199
WP_003111331.1	66-C2_contig00003	100.000	111	0	0	18	128	543043	542711	7.06e-59	199
WP_003111331.1	11-C145_contig00002	100.000	111	0	0	18	128	44363	44695	7.06e-59	199
WP_003111331.1	51-C25_contig00004	100.000	111	0	0	18	128	44363	44695	7.06e-59	199
WP_003111331.1	39-B16_contig00002	100.000	111	0	0	18	128	44363	44695	7.06e-59	199
WP_003111331.1	78-C141_contig00002	100.000	111	0	0	18	128	348104	348436	7.48e-59	199
WP_003111331.1	77-C139_contig00002	100.000	111	0	0	18	128	348104	348436	7.48e-59	199
WP_003111331.1	59-A60_contig00135	99.099	111	1	0	18	128	1448	1116	2.93e-58	197
WP_003111331.1	61-A71_contig00015	99.099	111	1	0	18	128	44357	44025	2.96e-58	197
WP_003111331.1	55-A54_contig00021	99.099	111	1	0	18	128	71602	71934	2.96e-58	197
WP_003111331.1	53-A52_contig00022	99.099	111	1	0	18	128	57397	57065	2.96e-58	197
WP_003111331.1	60-A70_contig00009	99.099	111	1	0	18	128	106736	106404	2.96e-58	197
WP_003111331.1	52-A48_contig00012	99.099	111	1	0	18	128	71511	71843	2.96e-58	197
WP_003111331.1	54-A53_contig00008	99.099	111	1	0	18	128	233942	233610	2.96e-58	197
WP_003111331.1	62-A72_contig00005	99.099	111	1	0	18	128	281568	281236	2.96e-58	197
WP_003111331.1	51-A46_contig00004	99.099	111	1	0	18	128	233970	233638	2.96e-58	197
WP_003111331.1	67-A78_contig00002	99.099	111	1	0	18	128	472023	472355	2.96e-58	197
WP_003111331.1	78-A100_contig00003	99.099	111	1	0	18	128	472909	473241	2.96e-58	197
WP_003111331.1	64-A75_contig00002	99.099	111	1	0	18	128	233977	233645	2.96e-58	197
WP_003111331.1	70-A82_contig00002	99.099	111	1	0	18	128	71600	71932	2.96e-58	197
WP_003111331.1	57-A56_contig00002	99.099	111	1	0	18	128	534525	534193	2.96e-58	197
WP_003111331.1	56-A55_contig00002	99.099	111	1	0	18	128	470125	470457	2.96e-58	197
WP_003111331.1	63-A73_contig00001	99.099	111	1	0	18	128	470155	470487	2.96e-58	197
WP_003111331.1	69-A81_contig00002	99.099	111	1	0	18	128	233971	233639	2.96e-58	197
WP_003111331.1	58-A58_contig00001	99.099	111	1	0	18	128	534525	534193	2.96e-58	197
WP_003111331.1	64-C73_contig00002	99.099	111	1	0	18	128	347996	348328	2.96e-58	197
WP_003111331.1	96-C168_contig00002	99.099	111	1	0	18	128	527037	526705	2.96e-58	197
WP_003111331.1	65-A76_contig00001	99.099	111	1	0	18	128	957999	957667	2.96e-58	197
WP_003111331.1	26-A1_contig00001	99.099	111	1	0	18	128	606627	606295	2.96e-58	197
WP_003111331.1	24-C81_contig00010	99.099	111	1	0	18	128	117402	117070	3.81e-58	197
WP_003111331.1	23-C80_contig00005	99.099	111	1	0	18	128	356444	356112	3.81e-58	197
WP_003111331.1	26-C84_contig00004	99.099	111	1	0	18	128	356444	356112	3.81e-58	197
WP_003111331.1	25-C83_contig00001	99.099	111	1	0	18	128	257391	257059	3.81e-58	197
WP_003111331.1	37-C61_contig00002	99.099	111	1	0	18	128	639959	639627	3.81e-58	197
WP_003111331.1	5-C82_contig00003	99.099	111	1	0	18	128	356735	357067	3.81e-58	197
WP_003111331.1	22-C79_contig00002	99.099	111	1	0	18	128	482301	482633	3.81e-58	197
WP_003111331.1	27-A2_contig00001	100.000	94	0	0	18	111	584723	585004	2.40e-57	195
WP_003114923.1	4-C10_contig01181	96.939	98	3	0	1	98	559	852	2.28e-51	167
WP_003112446.1	8-C89_contig00001	99.762	420	1	0	1	420	770258	771517	0.0	728
WP_003112446.1	79-A106_contig00004	99.286	420	3	0	1	420	276037	274778	0.0	728
WP_003112446.1	77-A97_contig00006	99.286	420	3	0	1	420	16283	17542	0.0	728
WP_003112446.1	76-A95_contig00005	99.286	420	3	0	1	420	12260	13519	0.0	728
WP_003112446.1	75-A92_contig00026	99.286	420	3	0	1	420	57617	56358	0.0	728
WP_003112446.1	74-A91_contig00032	99.286	420	3	0	1	420	57611	56352	0.0	728
WP_003112446.1	73-A90_contig00030	99.286	420	3	0	1	420	45747	44488	0.0	728
WP_003112446.1	72-A86_contig00004	99.286	420	3	0	1	420	17405	18664	0.0	728
WP_003112446.1	71-C11_contig00005	99.762	420	1	0	1	420	84433	83174	0.0	728
WP_003112446.1	71-A85_contig00001	99.286	420	3	0	1	420	433027	431768	0.0	728
WP_003112446.1	68-A80_contig00004	99.286	420	3	0	1	420	276037	274778	0.0	728
WP_003112446.1	66-A77_contig00009	99.286	420	3	0	1	420	17373	18632	0.0	728
WP_003112446.1	5-C12_contig00057	99.762	420	1	0	1	420	9879	11138	0.0	728
WP_003112446.1	19-C120_contig00006	99.762	420	1	0	1	420	24016	25275	0.0	726
WP_003112446.1	48-C66_contig00005	99.524	420	2	0	1	420	311720	312979	0.0	725
WP_003112446.1	20-C68_contig00005	99.524	420	2	0	1	420	311720	312979	0.0	725
WP_003112446.1	19-C67_contig00007	99.524	420	2	0	1	420	266216	264957	0.0	725
WP_003112446.1	18-C65_contig00006	99.524	420	2	0	1	420	17278	18537	0.0	725
WP_003112446.1	17-C64_contig00002	99.524	420	2	0	1	420	311720	312979	0.0	725
WP_003112446.1	9-C17_contig00002	99.524	420	2	0	1	420	299149	300408	0.0	725
WP_003112446.1	8-C15_contig00007	99.524	420	2	0	1	420	249429	248170	0.0	725
WP_003112446.1	74-C20_contig00001	99.286	420	3	0	1	420	331245	329986	0.0	725
WP_003112446.1	72-C16_contig00002	99.524	420	2	0	1	420	249427	248168	0.0	725
WP_003112446.1	7-C14_contig00026	99.524	420	2	0	1	420	15973	17232	0.0	725
WP_003112446.1	6-C13_contig00028	99.524	420	2	0	1	420	49106	47847	0.0	725
WP_003112446.1	47-C63_contig00002	99.524	420	2	0	1	420	298942	300201	0.0	725
WP_003112446.1	20-C123_contig00002	99.524	420	2	0	1	420	249411	248152	0.0	725
WP_003112446.1	83-C109_contig00002	99.286	420	3	0	1	420	298987	300246	0.0	724
WP_003112446.1	81-C105_contig00001	99.286	420	3	0	1	420	592101	590842	0.0	724
WP_003112446.1	58-C51_contig00001	99.524	420	2	0	1	420	320209	318950	0.0	724
WP_003112446.1	57-C49_contig00006	99.524	420	2	0	1	420	278709	277450	0.0	724
WP_003112446.1	47-C148_contig00004	99.524	420	2	0	1	420	17369	18628	0.0	724
WP_003112446.1	46-C146_contig00001	99.524	420	2	0	1	420	473412	474671	0.0	724
WP_003112446.1	30-A36_contig00001	99.524	420	2	0	1	420	582739	581480	0.0	724
WP_003112446.1	21-C78_contig00001	99.286	420	3	0	1	420	592101	590842	0.0	724
WP_003112446.1	16-C100_contig00002	99.286	420	3	0	1	420	307616	308875	0.0	724
WP_003112446.1	14-C94_contig00007	99.524	420	2	0	1	420	552480	551221	0.0	724
WP_003112446.1	12-C147_contig00001	99.524	420	2	0	1	420	764109	762850	0.0	724
WP_003112446.1	96-C168_contig00002	99.286	420	3	0	1	420	275683	274424	0.0	724
WP_003112446.1	78-A100_contig00007	99.286	420	3	0	1	420	278940	277681	0.0	724
WP_003112446.1	70-A82_contig00002	99.286	420	3	0	1	420	322955	324214	0.0	724
WP_003112446.1	69-A81_contig00001	99.286	420	3	0	1	420	706160	704901	0.0	724
WP_003112446.1	67-A78_contig00008	99.286	420	3	0	1	420	16326	17585	0.0	724
WP_003112446.1	65-A76_contig00001	99.286	420	3	0	1	420	706648	705389	0.0	724
WP_003112446.1	64-C73_contig00002	99.286	420	3	0	1	420	599350	600609	0.0	724
WP_003112446.1	64-A75_contig00009	99.286	420	3	0	1	420	282957	281698	0.0	724
WP_003112446.1	63-A73_contig00007	99.286	420	3	0	1	420	355069	353810	0.0	724
WP_003112446.1	62-A72_contig00005	99.286	420	3	0	1	420	30217	28958	0.0	724
WP_003112446.1	61-A71_contig00034	99.286	420	3	0	1	420	12253	13512	0.0	724
WP_003112446.1	60-A70_contig00032	99.286	420	3	0	1	420	59383	58124	0.0	724
WP_003112446.1	59-A60_contig00117	99.286	420	3	0	1	420	7603	6344	0.0	724
WP_003112446.1	58-A58_contig00001	99.286	420	3	0	1	420	283174	281915	0.0	724
WP_003112446.1	57-A56_contig00002	99.286	420	3	0	1	420	283174	281915	0.0	724
WP_003112446.1	56-C43_contig00015	99.524	420	2	0	1	420	21901	23160	0.0	724
WP_003112446.1	56-A55_contig00012	99.286	420	3	0	1	420	17367	18626	0.0	724
WP_003112446.1	55-A54_contig00041	99.286	420	3	0	1	420	12289	13548	0.0	724
WP_003112446.1	54-A53_contig00001	99.286	420	3	0	1	420	706704	705445	0.0	724
WP_003112446.1	53-A52_contig00001	99.286	420	3	0	1	420	16274	17533	0.0	724
WP_003112446.1	52-A48_contig00045	99.286	420	3	0	1	420	30217	28958	0.0	724
WP_003112446.1	51-A46_contig00030	99.286	420	3	0	1	420	30217	28958	0.0	724
WP_003112446.1	49-C69_contig00003	99.286	420	3	0	1	420	420611	419352	0.0	724
WP_003112446.1	26-A1_contig00001	99.286	420	3	0	1	420	355261	354002	0.0	724
WP_003112446.1	16-C45_contig00013	99.524	420	2	0	1	420	73660	72401	0.0	724
WP_003112446.1	15-C44_contig00018	99.524	420	2	0	1	420	73660	72401	0.0	724
WP_003112446.1	13-C149_contig00001	99.524	420	2	0	1	420	329703	328444	0.0	724
WP_003112446.1	59-C54_contig00007	99.524	420	2	0	1	420	209264	210523	0.0	724
WP_003112446.1	34-C103_contig00003	99.524	420	2	0	1	420	306200	307459	0.0	724
WP_003112446.1	33-C101_contig00021	99.524	420	2	0	1	420	17372	18631	0.0	724
WP_003112446.1	17-C102_contig00002	99.524	420	2	0	1	420	473359	474618	0.0	724
WP_003112446.1	94-C164_contig00001	99.286	420	3	0	1	420	428761	427502	0.0	723
WP_003112446.1	91-C159_contig00001	99.524	420	2	0	1	420	618177	619436	0.0	723
WP_003112446.1	90-C158_contig00010	99.286	420	3	0	1	420	55640	54381	0.0	723
WP_003112446.1	89-C156_contig00001	99.524	420	2	0	1	420	742928	744187	0.0	723
WP_003112446.1	87-C114_contig00011	99.286	420	3	0	1	420	73560	72301	0.0	723
WP_003112446.1	86-C112_contig00007	99.286	420	3	0	1	420	123202	121943	0.0	723
WP_003112446.1	85-C111_contig00009	99.286	420	3	0	1	420	123202	121943	0.0	723
WP_003112446.1	84-C110_contig00002	99.286	420	3	0	1	420	705106	706365	0.0	723
WP_003112446.1	80-C104_contig00009	99.286	420	3	0	1	420	73552	72293	0.0	723
WP_003112446.1	76-C137_contig00001	99.524	420	2	0	1	420	332886	331627	0.0	723
WP_003112446.1	73-C18_contig00010	99.286	420	3	0	1	420	73679	72420	0.0	723
WP_003112446.1	67-C5_contig00002	99.524	420	2	0	1	420	332886	331627	0.0	723
WP_003112446.1	62-C153_contig00010	99.286	420	3	0	1	420	55640	54381	0.0	723
WP_003112446.1	40-B34_contig00003	99.286	420	3	0	1	420	374189	372930	0.0	723
WP_003112446.1	38-C116_contig00001	99.286	420	3	0	1	420	609467	610726	0.0	723
WP_003112446.1	38-B3_contig00006	99.048	420	4	0	1	420	284268	283009	0.0	723
WP_003112446.1	37-C115_contig00001	99.286	420	3	0	1	420	576382	575123	0.0	723
WP_003112446.1	36-C60_contig00001	99.048	420	4	0	1	420	624752	626011	0.0	723
WP_003112446.1	36-C108_contig00031	99.286	420	3	0	1	420	49068	47809	0.0	723
WP_003112446.1	35-C59_contig00001	99.048	420	4	0	1	420	75665	74406	0.0	723
WP_003112446.1	35-C106_contig00027	99.286	420	3	0	1	420	73552	72293	0.0	723
WP_003112446.1	34-C58_contig00001	99.048	420	4	0	1	420	75665	74406	0.0	723
WP_003112446.1	33-C57_contig00003	99.048	420	4	0	1	420	75666	74407	0.0	723
WP_003112446.1	32-C56_contig00002	99.048	420	4	0	1	420	75873	74614	0.0	723
WP_003112446.1	31-C55_contig00002	99.048	420	4	0	1	420	624752	626011	0.0	723
WP_003112446.1	28-C87_contig00046	99.286	420	3	0	1	420	7628	6369	0.0	723
WP_003112446.1	28-A12_contig00004	99.286	420	3	0	1	420	302025	300766	0.0	723
WP_003112446.1	27-C85_contig00023	99.286	420	3	0	1	420	17345	18604	0.0	723
WP_003112446.1	2-C4_contig00001	99.524	420	2	0	1	420	373601	372342	0.0	723
WP_003112446.1	14-C33_contig00012	99.286	420	3	0	1	420	139848	141107	0.0	723
WP_003112446.1	13-C32_contig00028	99.286	420	3	0	1	420	12257	13516	0.0	723
WP_003112446.1	12-C31_contig00029	99.286	420	3	0	1	420	9878	11137	0.0	723
WP_003112446.1	1-C3_contig00024	99.524	420	2	0	1	420	11078	12337	0.0	723
WP_003112446.1	93-C161_contig00003	99.286	420	3	0	1	420	231556	232815	0.0	723
WP_003112446.1	92-C160_contig00007	99.286	420	3	0	1	420	31555	30296	0.0	723
WP_003112446.1	70-C9_contig00022	99.286	420	3	0	1	420	50746	52005	0.0	723
WP_003112446.1	69-C7_contig00003	99.286	420	3	0	1	420	260022	258763	0.0	723
WP_003112446.1	68-C6_contig00003	99.286	420	3	0	1	420	260022	258763	0.0	723
WP_003112446.1	61-C151_contig00005	99.286	420	3	0	1	420	293646	294905	0.0	723
WP_003112446.1	42-C127_contig00001	99.286	420	3	0	1	420	616279	617538	0.0	723
WP_003112446.1	42-B62_contig00001	99.286	420	3	0	1	420	273727	272468	0.0	723
WP_003112446.1	3-C8_contig00069	99.286	420	3	0	1	420	11186	12445	0.0	723
WP_003112446.1	22-C128_contig00001	99.286	420	3	0	1	420	745046	746305	0.0	723
WP_003112446.1	75-C135_contig00001	99.048	420	4	0	1	420	323376	322117	0.0	723
WP_003112446.1	78-C141_contig00003	98.810	420	5	0	1	420	233786	232527	0.0	722
WP_003112446.1	77-C139_contig00003	98.810	420	5	0	1	420	233786	232527	0.0	722
WP_003112446.1	44-B114_contig00001	98.810	420	5	0	1	420	748635	749894	0.0	722
WP_003112446.1	7-C88_contig00001	99.048	420	4	0	1	420	600475	599216	0.0	721
WP_003112446.1	2-C155_contig00003	99.048	420	4	0	1	420	330902	329643	0.0	721
WP_003112446.1	29-A19_contig00037	99.048	420	4	0	1	420	1840	3099	0.0	721
WP_003112446.1	50-C23_contig00001	99.048	420	4	0	1	420	254887	253628	0.0	720
WP_003112446.1	11-C22_contig00007	99.048	420	4	0	1	420	12262	13521	0.0	720
WP_003112446.1	10-C21_contig00001	99.048	420	4	0	1	420	251330	250071	0.0	720
WP_003112446.1	45-B191_contig00001	98.810	420	5	0	1	420	592988	591729	0.0	718
WP_003112446.1	46-B199_contig00010	98.333	420	7	0	1	420	70291	69032	0.0	716
WP_003112446.1	37-C61_contig00002	98.571	420	6	0	1	420	361754	360495	0.0	716
WP_003112446.1	25-C83_contig00023	98.571	420	6	0	1	420	77810	76551	0.0	716
WP_003112446.1	18-C119_contig00026	98.333	420	7	0	1	420	70291	69032	0.0	716
WP_003112446.1	27-A2_contig00001	98.571	420	6	0	1	420	753623	754882	0.0	716
WP_003112446.1	5-C82_contig00003	98.333	420	7	0	1	420	635368	636627	0.0	714
WP_003112446.1	26-C84_contig00004	98.333	420	7	0	1	420	77811	76552	0.0	714
WP_003112446.1	24-C81_contig00031	98.333	420	7	0	1	420	62911	61652	0.0	714
WP_003112446.1	23-C80_contig00005	98.333	420	7	0	1	420	77811	76552	0.0	714
WP_003112446.1	22-C79_contig00002	98.333	420	7	0	1	420	760936	762195	0.0	714
WP_003112446.1	55-C42_contig00002	98.333	420	7	0	1	420	357473	356214	0.0	701
WP_003112446.1	9-C91_contig00005	98.333	420	7	0	1	420	313818	315077	0.0	701
WP_003112446.1	82-C107_contig00007	98.333	420	7	0	1	420	33422	32163	0.0	701
WP_003112446.1	66-C2_contig00003	98.333	420	7	0	1	420	271827	270568	0.0	701
WP_003112446.1	60-C150_contig00004	98.333	420	7	0	1	420	261163	259904	0.0	701
WP_003112446.1	54-C36_contig00005	98.333	420	7	0	1	420	315579	316838	0.0	701
WP_003112446.1	51-C25_contig00004	98.333	420	7	0	1	420	315579	316838	0.0	701
WP_003112446.1	45-C144_contig00032	98.333	420	7	0	1	420	3934	5193	0.0	701
WP_003112446.1	40-C125_contig00007	98.333	420	7	0	1	420	226725	227984	0.0	701
WP_003112446.1	39-B16_contig00002	98.333	420	7	0	1	420	315567	316826	0.0	701
WP_003112446.1	32-C99_contig00004	98.333	420	7	0	1	420	72801	71542	0.0	701
WP_003112446.1	31-C98_contig00006	98.333	420	7	0	1	420	226751	228010	0.0	701
WP_003112446.1	30-C97_contig00035	98.333	420	7	0	1	420	14820	13561	0.0	701
WP_003112446.1	3-C76_contig00018	98.333	420	7	0	1	420	114512	115771	0.0	701
WP_003112446.1	29-C95_contig00003	98.333	420	7	0	1	420	72801	71542	0.0	701
WP_003112446.1	25-C134_contig00006	98.333	420	7	0	1	420	33502	32243	0.0	701
WP_003112446.1	24-C133_contig00006	98.333	420	7	0	1	420	315580	316839	0.0	701
WP_003112446.1	23-C131_contig00007	98.333	420	7	0	1	420	315579	316838	0.0	701
WP_003112446.1	15-C96_contig00005	98.333	420	7	0	1	420	315579	316838	0.0	701
WP_003112446.1	11-C145_contig00002	98.333	420	7	0	1	420	315579	316838	0.0	701
WP_003112446.1	41-C126_contig00196	98.333	420	7	0	1	420	6080	4821	0.0	699
WP_003112446.1	63-C71_contig00001	99.048	420	4	0	1	420	640039	641298	0.0	699
WP_003112446.1	88-C117_contig00001	98.575	421	5	1	1	420	608871	610133	0.0	699
WP_003112446.1	43-C129_contig00001	98.575	421	5	1	1	420	736213	737475	0.0	699
WP_003112446.1	39-C118_contig00004	98.575	421	5	1	1	420	596744	595482	0.0	699
WP_003112446.1	41-B37_contig00001	98.571	420	6	0	1	420	640704	641963	0.0	698
WP_003112446.1	95-C167_contig00001	98.095	420	8	0	1	420	611417	612676	0.0	695
WP_003112446.1	65-C74_contig00003	98.810	420	5	0	1	420	329149	327890	0.0	695
WP_003112446.1	95-A156_contig00033	96.905	420	13	0	1	420	45561	44302	0.0	689
WP_003112446.1	94-A154_contig00024	96.905	420	13	0	1	420	16002	17261	0.0	689
WP_003112446.1	93-A151_contig00035	96.905	420	13	0	1	420	15968	17227	0.0	689
WP_003112446.1	92-A148_contig00002	96.905	420	13	0	1	420	15981	17240	0.0	689
WP_003112446.1	91-A147_contig00003	96.905	420	13	0	1	420	272960	271701	0.0	689
WP_003112446.1	90-A144_contig00006	96.905	420	13	0	1	420	272960	271701	0.0	689
WP_003112446.1	89-A141_contig00004	96.905	420	13	0	1	420	16003	17262	0.0	689
WP_003112446.1	87-A137_contig00002	96.905	420	13	0	1	420	272965	271706	0.0	689
WP_003112446.1	86-A134_contig00024	96.905	420	13	0	1	420	15967	17226	0.0	689
WP_003112446.1	85-A130_contig00020	96.905	420	13	0	1	420	45540	44281	0.0	689
WP_003112446.1	84-A126_contig00019	96.905	420	13	0	1	420	54030	52771	0.0	689
WP_003112446.1	83-A123_contig00006	96.905	420	13	0	1	420	272960	271701	0.0	689
WP_003112446.1	82-A122_contig00004	96.905	420	13	0	1	420	20956	22215	0.0	689
WP_003112446.1	81-A119_contig00004	96.905	420	13	0	1	420	272960	271701	0.0	689
WP_003112446.1	21-C124_contig00081	96.667	420	14	0	1	420	3936	5195	0.0	685
WP_003112446.1	6-C86_contig00002	97.857	420	9	0	1	420	85904	84645	0.0	676
WP_003112446.1	4-C77_contig00004	97.857	420	9	0	1	420	85904	84645	0.0	676
WP_003112446.1	79-C142_contig00004	96.905	420	13	0	1	420	55640	54381	0.0	664
WP_003112446.1	53-C30_contig00002	96.905	420	13	0	1	420	429074	427815	0.0	664
WP_003112446.1	52-C29_contig00002	96.905	420	13	0	1	420	331346	330087	0.0	664
WP_003112446.1	50-A5_contig00014	96.905	420	13	0	1	420	117481	116222	0.0	664
WP_003112446.1	49-A4_contig00014	96.905	420	13	0	1	420	117293	116034	0.0	664
WP_003112446.1	48-A3_contig00013	96.905	420	13	0	1	420	117477	116218	0.0	664
WP_003112446.1	10-C92_contig00003	96.905	420	13	0	1	420	309500	310759	0.0	664
WP_003112446.1	44-C143_contig01372	97.866	328	7	0	93	420	1	984	1.90e-178	512
WP_003112446.1	4-C10_contig00781	99.228	259	2	0	1	259	777	1	1.82e-158	474
WP_003112446.1	96-A163_contig00326	99.620	263	1	0	1	263	4332	5120	1.16e-155	484
WP_003112446.1	80-A107_contig01734	99.138	232	2	0	189	420	3	698	2.69e-118	353
WP_003112446.1	80-A107_contig00020	99.355	155	1	0	1	155	11220	11684	8.85e-95	316
WP_003112446.1	4-C10_contig00309	99.291	141	1	0	280	420	6558	6136	3.41e-73	254
WP_003112446.1	96-A163_contig00306	99.291	141	1	0	280	420	52	474	3.88e-73	253
WP_003111505.1	41-B37_contig00002	100.000	125	0	0	1	125	25264	24890	7.41e-82	265
WP_003111505.1	4-C10_contig01088	95.200	125	6	0	1	125	37	411	1.06e-81	250
WP_003111505.1	75-C135_contig00005	99.200	125	1	0	1	125	299656	300030	2.03e-81	264
WP_003111505.1	85-A130_contig00352	97.600	125	3	0	1	125	2395	2021	7.18e-81	257
WP_003111505.1	27-A2_contig00015	98.400	125	2	0	1	125	48947	48573	1.00e-80	262
WP_003111505.1	55-C42_contig00001	98.400	125	2	0	1	125	1121353	1121727	1.30e-80	261
WP_003111505.1	57-A56_contig00005	97.600	125	3	0	1	125	390286	389912	1.46e-80	261
WP_003111505.1	82-A122_contig00013	97.600	125	3	0	1	125	36459	36085	1.48e-80	261
WP_003111505.1	91-A147_contig00014	97.600	125	3	0	1	125	122753	123127	1.48e-80	261
WP_003111505.1	90-A144_contig00014	97.600	125	3	0	1	125	36459	36085	1.48e-80	261
WP_003111505.1	87-A137_contig00015	97.600	125	3	0	1	125	122753	123127	1.48e-80	261
WP_003111505.1	83-A123_contig00014	97.600	125	3	0	1	125	122753	123127	1.48e-80	261
WP_003111505.1	81-A119_contig00015	97.600	125	3	0	1	125	122753	123127	1.48e-80	261
WP_003111505.1	59-A60_contig00059	97.600	125	3	0	1	125	7596	7970	2.05e-80	261
WP_003111505.1	64-A75_contig00027	97.600	125	3	0	1	125	48943	48569	2.05e-80	261
WP_003111505.1	52-C29_contig00030	97.600	125	3	0	1	125	48939	48565	2.05e-80	261
WP_003111505.1	55-A54_contig00035	97.600	125	3	0	1	125	6980	7354	2.05e-80	261
WP_003111505.1	52-A48_contig00037	97.600	125	3	0	1	125	49127	48753	2.05e-80	261
WP_003111505.1	10-C92_contig00020	97.600	125	3	0	1	125	7372	7746	2.05e-80	261
WP_003111505.1	96-C168_contig00012	97.600	125	3	0	1	125	212904	213278	2.05e-80	261
WP_003111505.1	42-B62_contig00009	97.600	125	3	0	1	125	117840	118214	2.05e-80	261
WP_003111505.1	67-A78_contig00009	97.600	125	3	0	1	125	212901	213275	2.05e-80	261
WP_003111505.1	70-A82_contig00010	97.600	125	3	0	1	125	212905	213279	2.05e-80	261
WP_003111505.1	53-A52_contig00005	97.600	125	3	0	1	125	251268	251642	2.05e-80	261
WP_003111505.1	51-A46_contig00007	97.600	125	3	0	1	125	49131	48757	2.05e-80	261
WP_003111505.1	62-A72_contig00006	97.600	125	3	0	1	125	281195	281569	2.05e-80	261
WP_003111505.1	69-A81_contig00006	97.600	125	3	0	1	125	281052	281426	2.05e-80	261
WP_003111505.1	26-A1_contig00005	97.600	125	3	0	1	125	413476	413102	2.05e-80	261
WP_003111505.1	58-A58_contig00004	97.600	125	3	0	1	125	422597	422971	2.05e-80	261
WP_003111505.1	65-A76_contig00003	97.600	125	3	0	1	125	424320	424694	2.05e-80	261
WP_003111505.1	54-A53_contig00003	97.600	125	3	0	1	125	422926	423300	2.05e-80	261
WP_003111505.1	56-A55_contig00003	97.600	125	3	0	1	125	424220	424594	2.05e-80	261
WP_003111505.1	63-A73_contig00002	97.600	125	3	0	1	125	281035	281409	2.05e-80	261
WP_003111505.1	79-C142_contig00001	97.600	125	3	0	1	125	272577	272951	2.05e-80	261
WP_003111505.1	78-A100_contig00001	97.600	125	3	0	1	125	986242	985868	2.05e-80	261
WP_003111505.1	64-C73_contig00001	97.600	125	3	0	1	125	281215	281589	2.05e-80	261
WP_003111505.1	53-C30_contig00001	97.600	125	3	0	1	125	933310	933684	2.05e-80	261
WP_003111505.1	18-C119_contig00016	97.600	125	3	0	1	125	115372	115746	2.67e-80	261
WP_003111505.1	46-B199_contig00006	97.600	125	3	0	1	125	46220	45846	2.67e-80	261
WP_003111505.1	41-C126_contig00355	97.600	125	3	0	1	125	1983	1609	2.76e-80	260
WP_003111505.1	44-C143_contig00079	97.600	125	3	0	1	125	3174	2800	2.84e-80	260
WP_003111505.1	54-C36_contig00039	97.600	125	3	0	1	125	6980	7354	2.90e-80	260
WP_003111505.1	45-C144_contig00050	97.600	125	3	0	1	125	6980	7354	2.90e-80	260
WP_003111505.1	66-C2_contig00028	97.600	125	3	0	1	125	43353	42979	2.90e-80	260
WP_003111505.1	82-C107_contig00025	97.600	125	3	0	1	125	6980	7354	2.90e-80	260
WP_003111505.1	3-C76_contig00032	97.600	125	3	0	1	125	6980	7354	2.90e-80	260
WP_003111505.1	11-C145_contig00031	97.600	125	3	0	1	125	48211	47837	2.90e-80	260
WP_003111505.1	25-C134_contig00028	97.600	125	3	0	1	125	48215	47841	2.90e-80	260
WP_003111505.1	9-C91_contig00026	97.600	125	3	0	1	125	6980	7354	2.91e-80	260
WP_003111505.1	51-C25_contig00023	97.600	125	3	0	1	125	6980	7354	2.91e-80	260
WP_003111505.1	23-C131_contig00022	97.600	125	3	0	1	125	7231	7605	2.91e-80	260
WP_003111505.1	24-C133_contig00018	97.600	125	3	0	1	125	6980	7354	2.91e-80	260
WP_003111505.1	39-B16_contig00016	97.600	125	3	0	1	125	132128	131754	2.91e-80	260
WP_003111505.1	32-C99_contig00018	97.600	125	3	0	1	125	132063	131689	2.91e-80	260
WP_003111505.1	29-C95_contig00020	97.600	125	3	0	1	125	7231	7605	2.91e-80	260
WP_003111505.1	40-C125_contig00015	97.600	125	3	0	1	125	122691	123065	2.91e-80	260
WP_003111505.1	30-C97_contig00007	97.600	125	3	0	1	125	7231	7605	2.91e-80	260
WP_003111505.1	31-C98_contig00003	97.600	125	3	0	1	125	519331	518957	2.91e-80	260
WP_003111505.1	15-C96_contig00002	97.600	125	3	0	1	125	7231	7605	2.91e-80	260
WP_003111505.1	60-C150_contig00001	97.600	125	3	0	1	125	7231	7605	2.91e-80	260
WP_003111505.1	94-C164_contig00015	97.600	125	3	0	1	125	90144	89770	3.57e-80	260
WP_003111505.1	21-C124_contig00005	97.600	125	3	0	1	125	21317	20943	5.46e-80	259
WP_003111505.1	14-C94_contig00009	96.800	125	4	0	1	125	46237	45863	9.22e-80	259
WP_003111505.1	12-C147_contig00010	96.800	125	4	0	1	125	213018	213392	9.22e-80	259
WP_003111505.1	47-C148_contig00009	96.800	125	4	0	1	125	85725	85351	9.22e-80	259
WP_003111505.1	57-C49_contig00009	96.800	125	4	0	1	125	85725	85351	9.22e-80	259
WP_003111505.1	46-C146_contig00008	96.800	125	4	0	1	125	129044	128670	9.22e-80	259
WP_003111505.1	29-A19_contig00005	96.800	125	4	0	1	125	211378	211752	1.27e-79	259
WP_003111505.1	88-C117_contig00019	96.800	125	4	0	1	125	46224	45850	1.30e-79	259
WP_003111505.1	74-C20_contig00017	96.800	125	4	0	1	125	85227	84853	1.31e-79	259
WP_003111505.1	43-C129_contig00009	96.800	125	4	0	1	125	46223	45849	1.31e-79	259
WP_003111505.1	38-C116_contig00002	96.800	125	4	0	1	125	7525	7899	1.31e-79	259
WP_003111505.1	39-C118_contig00001	96.800	125	4	0	1	125	808266	807892	1.31e-79	259
WP_003111505.1	65-C74_contig00015	96.800	125	4	0	1	125	6980	7354	1.34e-79	259
WP_003111505.1	63-C71_contig00015	96.800	125	4	0	1	125	88320	87946	1.34e-79	259
WP_003111505.1	42-C127_contig00008	96.800	125	4	0	1	125	215935	216309	1.35e-79	259
WP_003111505.1	10-C21_contig00010	96.800	125	4	0	1	125	30066	29692	1.35e-79	259
WP_003111505.1	16-C100_contig00013	96.800	125	4	0	1	125	275658	276032	1.35e-79	259
WP_003111505.1	45-B191_contig00007	96.800	125	4	0	1	125	274441	274815	1.35e-79	259
WP_003111505.1	50-C23_contig00006	96.800	125	4	0	1	125	30065	29691	1.35e-79	259
WP_003111505.1	22-C128_contig00009	96.800	125	4	0	1	125	213010	213384	1.35e-79	259
WP_003111505.1	19-C120_contig00003	96.800	125	4	0	1	125	46114	45740	1.35e-79	259
WP_003111505.1	87-C114_contig00029	96.800	125	4	0	1	125	32191	31817	1.41e-79	258
WP_003111505.1	86-C112_contig00028	96.800	125	4	0	1	125	7057	7431	1.41e-79	258
WP_003111505.1	40-B34_contig00025	96.800	125	4	0	1	125	46229	45855	1.41e-79	258
WP_003111505.1	8-C15_contig00025	96.800	125	4	0	1	125	48949	48575	1.41e-79	258
WP_003111505.1	35-C106_contig00024	96.800	125	4	0	1	125	24125	23751	1.41e-79	258
WP_003111505.1	90-C158_contig00019	96.800	125	4	0	1	125	26453	26079	1.41e-79	258
WP_003111505.1	62-C153_contig00020	96.800	125	4	0	1	125	116339	116713	1.41e-79	258
WP_003111505.1	28-C87_contig00011	96.800	125	4	0	1	125	128985	128611	1.41e-79	258
WP_003111505.1	2-C155_contig00009	96.800	125	4	0	1	125	46228	45854	1.41e-79	258
WP_003111505.1	20-C123_contig00008	96.800	125	4	0	1	125	48942	48568	1.41e-79	258
WP_003111505.1	17-C64_contig00008	96.800	125	4	0	1	125	314617	314991	1.41e-79	258
WP_003111505.1	73-C18_contig00004	96.800	125	4	0	1	125	361917	361543	1.41e-79	258
WP_003111505.1	27-C85_contig00004	96.800	125	4	0	1	125	179970	179596	1.41e-79	258
WP_003111505.1	28-A12_contig00002	96.800	125	4	0	1	125	28138	27764	1.41e-79	258
WP_003111505.1	9-C17_contig00001	96.800	125	4	0	1	125	631518	631892	1.41e-79	258
WP_003111505.1	72-C16_contig00001	96.800	125	4	0	1	125	631520	631894	1.41e-79	258
WP_003111505.1	85-C111_contig00001	96.800	125	4	0	1	125	46229	45855	1.41e-79	258
WP_003111505.1	47-C63_contig00001	96.800	125	4	0	1	125	660123	660497	1.41e-79	258
WP_003111505.1	18-C65_contig00001	96.800	125	4	0	1	125	311507	311133	1.41e-79	258
WP_003111505.1	80-C104_contig00001	96.800	125	4	0	1	125	714089	714463	1.41e-79	258
WP_003111505.1	48-C66_contig00002	96.800	125	4	0	1	125	426805	427179	1.41e-79	258
WP_003111505.1	44-B114_contig00002	96.800	125	4	0	1	125	941506	941132	1.41e-79	258
WP_003111505.1	20-C68_contig00002	96.800	125	4	0	1	125	426805	427179	1.41e-79	258
WP_003111505.1	19-C67_contig00001	96.800	125	4	0	1	125	1171859	1172233	1.41e-79	258
WP_003111505.1	8-C89_contig00002	96.800	125	4	0	1	125	416918	417292	1.41e-79	258
WP_003111505.1	84-C110_contig00001	96.800	125	4	0	1	125	660997	661371	1.41e-79	258
WP_003111505.1	61-C151_contig00036	96.800	125	4	0	1	125	7064	7438	1.48e-79	258
WP_003111505.1	92-C160_contig00003	96.800	125	4	0	1	125	414039	414413	1.48e-79	258
WP_003111505.1	14-C33_contig00031	96.800	125	4	0	1	125	7057	7431	1.49e-79	258
WP_003111505.1	95-A156_contig00056	97.600	125	3	0	1	125	36459	36085	1.51e-79	258
WP_003111505.1	38-B3_contig00023	96.800	125	4	0	1	125	7057	7431	1.92e-79	258
WP_003111505.1	83-C109_contig00006	96.800	125	4	0	1	125	273058	273432	1.93e-79	258
WP_003111505.1	21-C78_contig00003	96.800	125	4	0	1	125	90288	89914	1.93e-79	258
WP_003111505.1	81-C105_contig00003	96.800	125	4	0	1	125	272878	273252	1.93e-79	258
WP_003111505.1	86-A134_contig00055	97.600	125	3	0	1	125	36459	36085	2.09e-79	258
WP_003111505.1	89-A141_contig00058	97.600	125	3	0	1	125	36458	36084	2.24e-79	258
WP_003111505.1	92-A148_contig00055	97.600	125	3	0	1	125	36458	36084	2.24e-79	258
WP_003111505.1	94-A154_contig00056	97.600	125	3	0	1	125	36458	36084	2.26e-79	258
WP_003111505.1	61-A71_contig00033	97.600	125	3	0	1	125	279	653	2.33e-79	258
WP_003111505.1	93-C161_contig00001	96.800	125	4	0	1	125	925076	925450	2.43e-79	258
WP_003111505.1	60-A70_contig00030	97.600	125	3	0	1	125	72990	72616	2.57e-79	258
WP_003111505.1	84-A126_contig00050	97.600	125	3	0	1	125	36459	36085	2.97e-79	258
WP_003111505.1	13-C32_contig00065	96.800	125	4	0	1	125	303	677	7.96e-79	256
WP_003111505.1	93-A151_contig00059	97.600	125	3	0	1	125	36458	36084	1.04e-78	256
WP_003111505.1	80-A107_contig00570	96.000	125	5	0	1	125	2238	1864	1.20e-78	256
WP_003111505.1	26-C84_contig00002	96.800	125	4	0	1	125	122699	123073	1.21e-78	256
WP_003111505.1	23-C80_contig00003	96.800	125	4	0	1	125	124198	124572	1.21e-78	256
WP_003111505.1	5-C82_contig00001	96.800	125	4	0	1	125	342721	343095	1.21e-78	256
WP_003111505.1	37-C61_contig00001	96.800	125	4	0	1	125	747814	747440	1.21e-78	256
WP_003111505.1	22-C79_contig00001	96.800	125	4	0	1	125	530711	530337	1.21e-78	256
WP_003111505.1	7-C88_contig00002	96.000	125	5	0	1	125	903550	903176	1.36e-78	256
WP_003111505.1	11-C22_contig00047	96.800	125	4	0	1	125	30068	29694	1.47e-78	256
WP_003111505.1	7-C14_contig00027	96.800	125	4	0	1	125	73003	72629	1.48e-78	256
WP_003111505.1	6-C13_contig00068	96.800	125	4	0	1	125	263	637	1.52e-78	256
WP_003111505.1	33-C57_contig00028	96.000	125	5	0	1	125	7057	7431	1.56e-78	256
WP_003111505.1	32-C56_contig00028	96.000	125	5	0	1	125	46217	45843	1.56e-78	256
WP_003111505.1	71-C11_contig00024	96.000	125	5	0	1	125	7057	7431	1.56e-78	256
WP_003111505.1	35-C59_contig00004	96.000	125	5	0	1	125	482739	482365	1.56e-78	256
WP_003111505.1	36-C60_contig00003	96.000	125	5	0	1	125	483030	482656	1.56e-78	256
WP_003111505.1	34-C58_contig00003	96.000	125	5	0	1	125	7372	7746	1.56e-78	256
WP_003111505.1	31-C55_contig00003	96.000	125	5	0	1	125	7372	7746	1.56e-78	256
WP_003111505.1	50-A5_contig00001	96.000	125	5	0	1	125	23615	23241	1.56e-78	256
WP_003111505.1	59-C54_contig00063	96.000	125	5	0	1	125	26959	27333	1.60e-78	256
WP_003111505.1	76-A95_contig00043	96.000	125	5	0	1	125	7894	8268	1.60e-78	256
WP_003111505.1	68-A80_contig00018	96.000	125	5	0	1	125	85226	84852	1.60e-78	256
WP_003111505.1	71-A85_contig00009	96.000	125	5	0	1	125	260033	259659	1.61e-78	256
WP_003111505.1	72-A86_contig00008	96.000	125	5	0	1	125	260033	259659	1.61e-78	256
WP_003111505.1	70-C9_contig00003	96.000	125	5	0	1	125	540761	540387	1.61e-78	256
WP_003111505.1	66-A77_contig00005	96.000	125	5	0	1	125	309701	310075	1.61e-78	256
WP_003111505.1	69-C7_contig00001	96.000	125	5	0	1	125	93365	92991	1.61e-78	256
WP_003111505.1	68-C6_contig00001	96.000	125	5	0	1	125	53882	53508	1.61e-78	256
WP_003111505.1	37-C115_contig00059	96.800	125	4	0	1	125	32182	31808	1.76e-78	255
WP_003111505.1	16-C45_contig00062	96.800	125	4	0	1	125	10451	10825	2.14e-78	255
WP_003111505.1	15-C44_contig00057	96.800	125	4	0	1	125	32297	31923	2.14e-78	255
WP_003111505.1	56-C43_contig00027	96.800	125	4	0	1	125	42868	43242	2.14e-78	255
WP_003111505.1	13-C149_contig00010	96.800	125	4	0	1	125	46229	45855	2.15e-78	255
WP_003111505.1	12-C31_contig00082	96.800	125	4	0	1	125	29851	29477	2.27e-78	255
WP_003111505.1	36-C108_contig00087	96.800	125	4	0	1	125	24204	23830	2.35e-78	255
WP_003111505.1	34-C103_contig00006	96.000	125	5	0	1	125	211783	212157	2.90e-78	255
WP_003111505.1	17-C102_contig00008	96.000	125	5	0	1	125	87343	86969	2.90e-78	255
WP_003111505.1	33-C101_contig00001	96.000	125	5	0	1	125	772605	772231	2.90e-78	255
WP_003111505.1	91-C159_contig00027	96.000	125	5	0	1	125	6980	7354	3.51e-78	254
WP_003111505.1	89-C156_contig00022	96.000	125	5	0	1	125	6980	7354	3.51e-78	254
WP_003111505.1	67-C5_contig00016	96.000	125	5	0	1	125	6980	7354	3.52e-78	254
WP_003111505.1	76-C137_contig00008	96.000	125	5	0	1	125	85714	85340	3.52e-78	254
WP_003111505.1	24-C81_contig00040	96.800	125	4	0	1	125	68508	68134	5.82e-78	254
WP_003111505.1	77-A97_contig00026	96.000	125	5	0	1	125	299	673	6.47e-78	254
WP_003111505.1	48-A3_contig00059	96.000	125	5	0	1	125	296	670	6.96e-78	254
WP_003111505.1	49-A4_contig00061	96.000	125	5	0	1	125	23610	23236	1.15e-77	253
WP_003111505.1	79-A106_contig00030	96.000	125	5	0	1	125	263	637	1.18e-77	253
WP_003111505.1	25-C83_contig00037	96.800	125	4	0	1	125	68523	68149	1.24e-77	253
WP_003111505.1	74-A91_contig00031	96.000	125	5	0	1	125	69904	69530	1.29e-77	253
WP_003111505.1	5-C12_contig00045	96.000	125	5	0	1	125	214	588	1.30e-77	253
WP_003111505.1	75-A92_contig00025	96.000	125	5	0	1	125	69909	69535	1.47e-77	253
WP_003111505.1	3-C8_contig00020	96.000	125	5	0	1	125	222	596	1.62e-77	253
WP_003111505.1	78-C141_contig00017	96.800	125	4	0	1	125	49734	50108	1.83e-77	253
WP_003111505.1	77-C139_contig00017	96.800	125	4	0	1	125	49734	50108	1.83e-77	253
WP_003111505.1	6-C86_contig00015	96.000	125	5	0	1	125	44446	44072	1.83e-77	253
WP_003111505.1	4-C77_contig00008	96.000	125	5	0	1	125	44446	44072	1.83e-77	253
WP_003111505.1	73-A90_contig00089	96.000	125	5	0	1	125	21775	21401	2.14e-77	252
WP_003111505.1	1-C3_contig00033	96.000	125	5	0	1	125	219	593	2.99e-77	252
WP_003111505.1	2-C4_contig00039	96.000	125	5	0	1	125	210	584	4.19e-77	251
WP_003111505.1	43-B113_contig00024	95.200	125	6	0	1	125	6979	7353	4.36e-77	251
WP_003111505.1	95-C167_contig00013	95.200	125	6	0	1	125	119100	119474	5.96e-77	251
WP_003111505.1	49-C69_contig00006	95.200	125	6	0	1	125	303488	303862	6.63e-77	251
WP_003111505.1	96-A163_contig00016	97.521	121	3	0	5	125	46212	45850	5.27e-75	245
WP_003111505.1	30-A36_contig00013	97.521	121	3	0	5	125	46218	45856	5.29e-75	245
WP_003111505.1	58-C51_contig00002	97.521	121	3	0	5	125	471374	471012	5.29e-75	245
WP_060852920.1	41-C126_contig02357	99.123	114	1	0	15	128	258	599	2.00e-65	202
WP_060852920.1	44-C143_contig01335	99.123	114	1	0	15	128	791	1132	3.54e-62	202
WP_060852920.1	42-B62_contig00001	99.123	114	1	0	15	128	564725	564384	7.10e-60	202
WP_060852920.1	7-C88_contig00001	99.123	114	1	0	15	128	863859	863518	7.10e-60	202
WP_060852920.1	6-C13_contig00041	99.123	114	1	0	15	128	11492	11151	7.36e-60	202
WP_060852920.1	20-C123_contig00024	99.123	114	1	0	15	128	41155	40814	7.37e-60	202
WP_060852920.1	7-C14_contig00017	99.123	114	1	0	15	128	57202	56861	7.37e-60	202
WP_060852920.1	8-C15_contig00017	99.123	114	1	0	15	128	107047	106706	7.38e-60	202
WP_060852920.1	47-C63_contig00002	99.123	114	1	0	15	128	42962	43303	7.38e-60	202
WP_060852920.1	9-C17_contig00002	99.123	114	1	0	15	128	43170	43511	7.38e-60	202
WP_060852920.1	72-C16_contig00002	99.123	114	1	0	15	128	505405	505064	7.38e-60	202
WP_060852920.1	55-C42_contig00002	99.123	114	1	0	15	128	616818	616477	7.38e-60	202
WP_060852920.1	75-C135_contig00001	99.123	114	1	0	15	128	621431	621090	7.38e-60	202
WP_060852920.1	74-C20_contig00001	99.123	114	1	0	15	128	513348	513007	7.38e-60	202
WP_060852920.1	45-B191_contig00001	99.123	114	1	0	15	128	780835	780494	7.38e-60	202
WP_060852920.1	8-C89_contig00001	99.123	114	1	0	15	128	600411	600752	7.38e-60	202
WP_060852920.1	94-C164_contig00001	99.123	114	1	0	15	128	718719	718378	7.68e-60	202
WP_060852920.1	46-B199_contig00032	99.123	114	1	0	15	128	40030	40371	8.12e-60	202
WP_060852920.1	18-C119_contig00029	99.123	114	1	0	15	128	41885	42226	8.12e-60	202
WP_060852920.1	16-C45_contig00005	99.123	114	1	0	15	128	98034	97693	8.45e-60	202
WP_060852920.1	15-C44_contig00006	99.123	114	1	0	15	128	16650	16991	8.45e-60	202
WP_060852920.1	56-C43_contig00007	99.123	114	1	0	15	128	16660	17001	8.45e-60	202
WP_060852920.1	13-C149_contig00001	99.123	114	1	0	15	128	516621	516280	8.46e-60	202
WP_060852920.1	31-C98_contig00030	99.123	114	1	0	15	128	41888	42229	9.03e-60	202
WP_060852920.1	40-C125_contig00023	99.123	114	1	0	15	128	41888	42229	9.03e-60	202
WP_060852920.1	45-C144_contig00020	99.123	114	1	0	15	128	39032	39373	9.04e-60	202
WP_060852920.1	3-C76_contig00013	99.123	114	1	0	15	128	41888	42229	9.04e-60	202
WP_060852920.1	30-C97_contig00009	99.123	114	1	0	15	128	44354	44695	9.05e-60	202
WP_060852920.1	9-C91_contig00005	99.123	114	1	0	15	128	42593	42934	9.05e-60	202
WP_060852920.1	24-C133_contig00006	99.123	114	1	0	15	128	44354	44695	9.05e-60	202
WP_060852920.1	54-C36_contig00005	99.123	114	1	0	15	128	44354	44695	9.05e-60	202
WP_060852920.1	82-C107_contig00007	99.123	114	1	0	15	128	304647	304306	9.05e-60	202
WP_060852920.1	25-C134_contig00006	99.123	114	1	0	15	128	304728	304387	9.05e-60	202
WP_060852920.1	32-C99_contig00004	99.123	114	1	0	15	128	344026	343685	9.05e-60	202
WP_060852920.1	15-C96_contig00005	99.123	114	1	0	15	128	44354	44695	9.05e-60	202
WP_060852920.1	29-C95_contig00003	99.123	114	1	0	15	128	344026	343685	9.05e-60	202
WP_060852920.1	23-C131_contig00007	99.123	114	1	0	15	128	44354	44695	9.05e-60	202
WP_060852920.1	60-C150_contig00004	99.123	114	1	0	15	128	532388	532047	9.05e-60	202
WP_060852920.1	66-C2_contig00003	99.123	114	1	0	15	128	543052	542711	9.05e-60	202
WP_060852920.1	11-C145_contig00002	99.123	114	1	0	15	128	44354	44695	9.05e-60	202
WP_060852920.1	51-C25_contig00004	99.123	114	1	0	15	128	44354	44695	9.05e-60	202
WP_060852920.1	39-B16_contig00002	99.123	114	1	0	15	128	44354	44695	9.05e-60	202
WP_060852920.1	1-C3_contig00132	98.246	114	2	0	15	128	4597	4256	2.47e-59	201
WP_060852920.1	2-C4_contig00017	98.246	114	2	0	15	128	57212	56871	2.50e-59	201
WP_060852920.1	83-C109_contig00002	98.246	114	2	0	15	128	41887	42228	2.50e-59	201
WP_060852920.1	81-C105_contig00001	98.246	114	2	0	15	128	849201	848860	2.50e-59	201
WP_060852920.1	21-C78_contig00001	98.246	114	2	0	15	128	849201	848860	2.50e-59	201
WP_060852920.1	91-C159_contig00001	98.246	114	2	0	15	128	348085	348426	2.50e-59	201
WP_060852920.1	76-C137_contig00001	98.246	114	2	0	15	128	602972	602631	2.50e-59	201
WP_060852920.1	67-C5_contig00002	98.246	114	2	0	15	128	602962	602621	2.50e-59	201
WP_060852920.1	89-C156_contig00001	98.246	114	2	0	15	128	472836	473177	2.50e-59	201
WP_060852920.1	95-C167_contig00001	99.107	112	1	0	17	128	347883	348218	2.63e-59	201
WP_060852920.1	24-C81_contig00010	98.246	114	2	0	15	128	117411	117070	4.56e-59	200
WP_060852920.1	23-C80_contig00005	98.246	114	2	0	15	128	356453	356112	4.57e-59	200
WP_060852920.1	26-C84_contig00004	98.246	114	2	0	15	128	356453	356112	4.57e-59	200
WP_060852920.1	25-C83_contig00001	98.246	114	2	0	15	128	257400	257059	4.57e-59	200
WP_060852920.1	37-C61_contig00002	98.246	114	2	0	15	128	639968	639627	4.57e-59	200
WP_060852920.1	5-C82_contig00003	98.246	114	2	0	15	128	356726	357067	4.57e-59	200
WP_060852920.1	22-C79_contig00002	98.246	114	2	0	15	128	482292	482633	4.57e-59	200
WP_060852920.1	27-A2_contig00001	98.969	97	1	0	15	111	584714	585004	3.67e-58	197
WP_060852920.1	41-B37_contig00001	99.099	111	1	0	18	128	347993	348325	4.12e-58	197
WP_060852920.1	4-C77_contig00004	99.099	111	1	0	18	128	369938	369606	4.41e-58	197
WP_060852920.1	6-C86_contig00002	99.099	111	1	0	18	128	369938	369606	4.41e-58	197
WP_060852920.1	38-B3_contig00006	99.099	111	1	0	18	128	468582	468250	4.45e-58	197
WP_060852920.1	85-A130_contig00149	99.099	111	1	0	18	128	4569	4237	4.94e-58	197
WP_060852920.1	84-A126_contig00096	99.099	111	1	0	18	128	9510	9842	4.96e-58	197
WP_060852920.1	94-A154_contig00088	99.099	111	1	0	18	128	11357	11025	4.96e-58	197
WP_060852920.1	89-A141_contig00037	99.099	111	1	0	18	128	11273	10941	4.99e-58	197
WP_060852920.1	86-A134_contig00035	99.099	111	1	0	18	128	11286	10954	4.99e-58	197
WP_060852920.1	92-A148_contig00041	99.099	111	1	0	18	128	41895	42227	4.99e-58	197
WP_060852920.1	95-A156_contig00030	99.099	111	1	0	18	128	57004	56672	4.99e-58	197
WP_060852920.1	82-A122_contig00028	99.099	111	1	0	18	128	41895	42227	4.99e-58	197
WP_060852920.1	93-A151_contig00017	99.099	111	1	0	18	128	9523	9855	4.99e-58	197
WP_060852920.1	87-A137_contig00021	99.099	111	1	0	18	128	41895	42227	5.00e-58	197
WP_060852920.1	91-A147_contig00022	99.099	111	1	0	18	128	41895	42227	5.00e-58	197
WP_060852920.1	90-A144_contig00020	99.099	111	1	0	18	128	41895	42227	5.00e-58	197
WP_060852920.1	83-A123_contig00020	99.099	111	1	0	18	128	41895	42227	5.00e-58	197
WP_060852920.1	81-A119_contig00020	99.099	111	1	0	18	128	90901	90569	5.00e-58	197
WP_060852920.1	21-C124_contig00002	99.099	111	1	0	18	128	40556	40224	5.00e-58	197
WP_060852920.1	78-C141_contig00002	99.099	111	1	0	18	128	348104	348436	5.40e-58	197
WP_060852920.1	77-C139_contig00002	99.099	111	1	0	18	128	348104	348436	5.40e-58	197
WP_060852920.1	59-A60_contig00135	98.198	111	2	0	18	128	1448	1116	2.27e-57	195
WP_060852920.1	61-A71_contig00015	98.198	111	2	0	18	128	44357	44025	2.29e-57	195
WP_060852920.1	55-A54_contig00021	98.198	111	2	0	18	128	71602	71934	2.29e-57	195
WP_060852920.1	53-A52_contig00022	98.198	111	2	0	18	128	57397	57065	2.29e-57	195
WP_060852920.1	60-A70_contig00009	98.198	111	2	0	18	128	106736	106404	2.29e-57	195
WP_060852920.1	52-A48_contig00012	98.198	111	2	0	18	128	71511	71843	2.29e-57	195
WP_060852920.1	54-A53_contig00008	98.198	111	2	0	18	128	233942	233610	2.29e-57	195
WP_060852920.1	62-A72_contig00005	98.198	111	2	0	18	128	281568	281236	2.29e-57	195
WP_060852920.1	51-A46_contig00004	98.198	111	2	0	18	128	233970	233638	2.29e-57	195
WP_060852920.1	67-A78_contig00002	98.198	111	2	0	18	128	472023	472355	2.29e-57	195
WP_060852920.1	78-A100_contig00003	98.198	111	2	0	18	128	472909	473241	2.29e-57	195
WP_060852920.1	64-A75_contig00002	98.198	111	2	0	18	128	233977	233645	2.29e-57	195
WP_060852920.1	70-A82_contig00002	98.198	111	2	0	18	128	71600	71932	2.29e-57	195
WP_060852920.1	57-A56_contig00002	98.198	111	2	0	18	128	534525	534193	2.29e-57	195
WP_060852920.1	56-A55_contig00002	98.198	111	2	0	18	128	470125	470457	2.29e-57	195
WP_060852920.1	63-A73_contig00001	98.198	111	2	0	18	128	470155	470487	2.29e-57	195
WP_060852920.1	69-A81_contig00002	98.198	111	2	0	18	128	233971	233639	2.29e-57	195
WP_060852920.1	58-A58_contig00001	98.198	111	2	0	18	128	534525	534193	2.29e-57	195
WP_060852920.1	64-C73_contig00002	98.198	111	2	0	18	128	347996	348328	2.29e-57	195
WP_060852920.1	96-C168_contig00002	98.198	111	2	0	18	128	527037	526705	2.29e-57	195
WP_060852920.1	65-A76_contig00001	98.198	111	2	0	18	128	957999	957667	2.29e-57	195
WP_060852920.1	26-A1_contig00001	98.198	111	2	0	18	128	606627	606295	2.29e-57	195
WP_043085375.1	41-C126_contig02357	99.099	111	1	0	18	128	267	599	8.09e-64	198
WP_043085375.1	44-C143_contig01335	99.099	111	1	0	18	128	800	1132	1.27e-60	198
WP_043085375.1	95-C167_contig00001	99.099	111	1	0	18	128	347886	348218	6.11e-59	200
WP_043085375.1	4-C77_contig00004	99.099	111	1	0	18	128	369938	369606	1.45e-58	199
WP_043085375.1	6-C86_contig00002	99.099	111	1	0	18	128	369938	369606	1.45e-58	199
WP_043085375.1	6-C13_contig00041	99.099	111	1	0	18	128	11483	11151	1.60e-58	198
WP_043085375.1	20-C123_contig00024	99.099	111	1	0	18	128	41146	40814	1.61e-58	198
WP_043085375.1	7-C14_contig00017	99.099	111	1	0	18	128	57193	56861	1.61e-58	198
WP_043085375.1	8-C15_contig00017	99.099	111	1	0	18	128	107038	106706	1.61e-58	198
WP_043085375.1	47-C63_contig00002	99.099	111	1	0	18	128	42971	43303	1.61e-58	198
WP_043085375.1	9-C17_contig00002	99.099	111	1	0	18	128	43179	43511	1.61e-58	198
WP_043085375.1	72-C16_contig00002	99.099	111	1	0	18	128	505396	505064	1.61e-58	198
WP_043085375.1	55-C42_contig00002	99.099	111	1	0	18	128	616809	616477	1.61e-58	198
WP_043085375.1	75-C135_contig00001	99.099	111	1	0	18	128	621422	621090	1.61e-58	198
WP_043085375.1	74-C20_contig00001	99.099	111	1	0	18	128	513339	513007	1.61e-58	198
WP_043085375.1	45-B191_contig00001	99.099	111	1	0	18	128	780826	780494	1.61e-58	198
WP_043085375.1	8-C89_contig00001	99.099	111	1	0	18	128	600420	600752	1.61e-58	198
WP_043085375.1	85-A130_contig00149	99.099	111	1	0	18	128	4569	4237	1.68e-58	198
WP_043085375.1	84-A126_contig00096	99.099	111	1	0	18	128	9510	9842	1.69e-58	198
WP_043085375.1	94-A154_contig00088	99.099	111	1	0	18	128	11357	11025	1.69e-58	198
WP_043085375.1	89-A141_contig00037	99.099	111	1	0	18	128	11273	10941	1.70e-58	198
WP_043085375.1	86-A134_contig00035	99.099	111	1	0	18	128	11286	10954	1.70e-58	198
WP_043085375.1	92-A148_contig00041	99.099	111	1	0	18	128	41895	42227	1.70e-58	198
WP_043085375.1	95-A156_contig00030	99.099	111	1	0	18	128	57004	56672	1.70e-58	198
WP_043085375.1	82-A122_contig00028	99.099	111	1	0	18	128	41895	42227	1.70e-58	198
WP_043085375.1	93-A151_contig00017	99.099	111	1	0	18	128	9523	9855	1.70e-58	198
WP_043085375.1	87-A137_contig00021	99.099	111	1	0	18	128	41895	42227	1.70e-58	198
WP_043085375.1	91-A147_contig00022	99.099	111	1	0	18	128	41895	42227	1.70e-58	198
WP_043085375.1	90-A144_contig00020	99.099	111	1	0	18	128	41895	42227	1.70e-58	198
WP_043085375.1	83-A123_contig00020	99.099	111	1	0	18	128	41895	42227	1.70e-58	198
WP_043085375.1	81-A119_contig00020	99.099	111	1	0	18	128	90901	90569	1.70e-58	198
WP_043085375.1	21-C124_contig00002	99.099	111	1	0	18	128	40556	40224	1.71e-58	198
WP_043085375.1	38-B3_contig00006	99.099	111	1	0	18	128	468582	468250	1.86e-58	198
WP_043085375.1	41-B37_contig00001	99.099	111	1	0	18	128	347993	348325	1.86e-58	198
WP_043085375.1	1-C3_contig00132	99.099	111	1	0	18	128	4588	4256	1.93e-58	198
WP_043085375.1	2-C4_contig00017	99.099	111	1	0	18	128	57203	56871	1.95e-58	198
WP_043085375.1	83-C109_contig00002	99.099	111	1	0	18	128	41896	42228	1.95e-58	198
WP_043085375.1	81-C105_contig00001	99.099	111	1	0	18	128	849192	848860	1.95e-58	198
WP_043085375.1	21-C78_contig00001	99.099	111	1	0	18	128	849192	848860	1.95e-58	198
WP_043085375.1	91-C159_contig00001	99.099	111	1	0	18	128	348094	348426	1.95e-58	198
WP_043085375.1	76-C137_contig00001	99.099	111	1	0	18	128	602963	602631	1.95e-58	198
WP_043085375.1	67-C5_contig00002	99.099	111	1	0	18	128	602953	602621	1.95e-58	198
WP_043085375.1	89-C156_contig00001	99.099	111	1	0	18	128	472845	473177	1.95e-58	198
WP_043085375.1	46-B199_contig00032	99.099	111	1	0	18	128	40039	40371	1.97e-58	198
WP_043085375.1	18-C119_contig00029	99.099	111	1	0	18	128	41894	42226	1.97e-58	198
WP_043085375.1	94-C164_contig00001	99.099	111	1	0	18	128	718710	718378	1.99e-58	198
WP_043085375.1	42-B62_contig00001	99.099	111	1	0	18	128	564716	564384	2.03e-58	198
WP_043085375.1	7-C88_contig00001	99.099	111	1	0	18	128	863850	863518	2.03e-58	198
WP_043085375.1	16-C45_contig00005	99.099	111	1	0	18	128	98025	97693	2.26e-58	198
WP_043085375.1	15-C44_contig00006	99.099	111	1	0	18	128	16659	16991	2.26e-58	198
WP_043085375.1	56-C43_contig00007	99.099	111	1	0	18	128	16669	17001	2.26e-58	198
WP_043085375.1	13-C149_contig00001	99.099	111	1	0	18	128	516612	516280	2.26e-58	198
WP_043085375.1	31-C98_contig00030	99.099	111	1	0	18	128	41897	42229	2.37e-58	198
WP_043085375.1	40-C125_contig00023	99.099	111	1	0	18	128	41897	42229	2.37e-58	198
WP_043085375.1	45-C144_contig00020	99.099	111	1	0	18	128	39041	39373	2.37e-58	198
WP_043085375.1	3-C76_contig00013	99.099	111	1	0	18	128	41897	42229	2.37e-58	198
WP_043085375.1	30-C97_contig00009	99.099	111	1	0	18	128	44363	44695	2.37e-58	198
WP_043085375.1	9-C91_contig00005	99.099	111	1	0	18	128	42602	42934	2.37e-58	198
WP_043085375.1	24-C133_contig00006	99.099	111	1	0	18	128	44363	44695	2.37e-58	198
WP_043085375.1	54-C36_contig00005	99.099	111	1	0	18	128	44363	44695	2.37e-58	198
WP_043085375.1	82-C107_contig00007	99.099	111	1	0	18	128	304638	304306	2.37e-58	198
WP_043085375.1	25-C134_contig00006	99.099	111	1	0	18	128	304719	304387	2.37e-58	198
WP_043085375.1	32-C99_contig00004	99.099	111	1	0	18	128	344017	343685	2.37e-58	198
WP_043085375.1	15-C96_contig00005	99.099	111	1	0	18	128	44363	44695	2.37e-58	198
WP_043085375.1	29-C95_contig00003	99.099	111	1	0	18	128	344017	343685	2.37e-58	198
WP_043085375.1	23-C131_contig00007	99.099	111	1	0	18	128	44363	44695	2.37e-58	198
WP_043085375.1	60-C150_contig00004	99.099	111	1	0	18	128	532379	532047	2.37e-58	198
WP_043085375.1	66-C2_contig00003	99.099	111	1	0	18	128	543043	542711	2.37e-58	198
WP_043085375.1	11-C145_contig00002	99.099	111	1	0	18	128	44363	44695	2.37e-58	198
WP_043085375.1	51-C25_contig00004	99.099	111	1	0	18	128	44363	44695	2.37e-58	198
WP_043085375.1	39-B16_contig00002	99.099	111	1	0	18	128	44363	44695	2.37e-58	198
WP_043085375.1	78-C141_contig00002	99.099	111	1	0	18	128	348104	348436	2.42e-58	198
WP_043085375.1	77-C139_contig00002	99.099	111	1	0	18	128	348104	348436	2.42e-58	198
WP_043085375.1	59-A60_contig00135	98.198	111	2	0	18	128	1448	1116	1.00e-57	196
WP_043085375.1	61-A71_contig00015	98.198	111	2	0	18	128	44357	44025	1.01e-57	196
WP_043085375.1	55-A54_contig00021	98.198	111	2	0	18	128	71602	71934	1.01e-57	196
WP_043085375.1	53-A52_contig00022	98.198	111	2	0	18	128	57397	57065	1.01e-57	196
WP_043085375.1	60-A70_contig00009	98.198	111	2	0	18	128	106736	106404	1.01e-57	196
WP_043085375.1	52-A48_contig00012	98.198	111	2	0	18	128	71511	71843	1.01e-57	196
WP_043085375.1	54-A53_contig00008	98.198	111	2	0	18	128	233942	233610	1.01e-57	196
WP_043085375.1	62-A72_contig00005	98.198	111	2	0	18	128	281568	281236	1.01e-57	196
WP_043085375.1	51-A46_contig00004	98.198	111	2	0	18	128	233970	233638	1.01e-57	196
WP_043085375.1	67-A78_contig00002	98.198	111	2	0	18	128	472023	472355	1.01e-57	196
WP_043085375.1	78-A100_contig00003	98.198	111	2	0	18	128	472909	473241	1.01e-57	196
WP_043085375.1	64-A75_contig00002	98.198	111	2	0	18	128	233977	233645	1.01e-57	196
WP_043085375.1	70-A82_contig00002	98.198	111	2	0	18	128	71600	71932	1.01e-57	196
WP_043085375.1	57-A56_contig00002	98.198	111	2	0	18	128	534525	534193	1.01e-57	196
WP_043085375.1	56-A55_contig00002	98.198	111	2	0	18	128	470125	470457	1.01e-57	196
WP_043085375.1	63-A73_contig00001	98.198	111	2	0	18	128	470155	470487	1.01e-57	196
WP_043085375.1	69-A81_contig00002	98.198	111	2	0	18	128	233971	233639	1.01e-57	196
WP_043085375.1	58-A58_contig00001	98.198	111	2	0	18	128	534525	534193	1.01e-57	196
WP_043085375.1	64-C73_contig00002	98.198	111	2	0	18	128	347996	348328	1.01e-57	196
WP_043085375.1	96-C168_contig00002	98.198	111	2	0	18	128	527037	526705	1.01e-57	196
WP_043085375.1	65-A76_contig00001	98.198	111	2	0	18	128	957999	957667	1.01e-57	196
WP_043085375.1	26-A1_contig00001	98.198	111	2	0	18	128	606627	606295	1.01e-57	196
WP_043085375.1	24-C81_contig00010	98.198	111	2	0	18	128	117402	117070	1.17e-57	196
WP_043085375.1	23-C80_contig00005	98.198	111	2	0	18	128	356444	356112	1.17e-57	196
WP_043085375.1	26-C84_contig00004	98.198	111	2	0	18	128	356444	356112	1.17e-57	196
WP_043085375.1	25-C83_contig00001	98.198	111	2	0	18	128	257391	257059	1.17e-57	196
WP_043085375.1	37-C61_contig00002	98.198	111	2	0	18	128	639959	639627	1.17e-57	196
WP_043085375.1	5-C82_contig00003	98.198	111	2	0	18	128	356735	357067	1.17e-57	196
WP_043085375.1	22-C79_contig00002	98.198	111	2	0	18	128	482301	482633	1.17e-57	196
WP_043085375.1	27-A2_contig00001	98.936	94	1	0	18	111	584723	585004	8.07e-57	194
WP_034047840.1	41-C126_contig02357	99.099	111	1	0	18	128	267	599	6.54e-74	223
WP_034047840.1	44-C143_contig01335	99.099	111	1	0	18	128	800	1132	9.22e-71	224
WP_034047840.1	95-C167_contig00001	99.099	111	1	0	18	128	347886	348218	6.38e-68	225
WP_034047840.1	4-C77_contig00004	99.099	111	1	0	18	128	369938	369606	1.02e-67	225
WP_034047840.1	6-C86_contig00002	99.099	111	1	0	18	128	369938	369606	1.02e-67	225
WP_034047840.1	94-C164_contig00001	99.099	111	1	0	18	128	718710	718378	1.12e-67	224
WP_034047840.1	41-B37_contig00001	99.099	111	1	0	18	128	347993	348325	1.12e-67	224
WP_034047840.1	6-C13_contig00041	99.099	111	1	0	18	128	11483	11151	1.25e-67	224
WP_034047840.1	20-C123_contig00024	99.099	111	1	0	18	128	41146	40814	1.26e-67	224
WP_034047840.1	7-C14_contig00017	99.099	111	1	0	18	128	57193	56861	1.26e-67	224
WP_034047840.1	8-C15_contig00017	99.099	111	1	0	18	128	107038	106706	1.26e-67	224
WP_034047840.1	47-C63_contig00002	99.099	111	1	0	18	128	42971	43303	1.26e-67	224
WP_034047840.1	9-C17_contig00002	99.099	111	1	0	18	128	43179	43511	1.26e-67	224
WP_034047840.1	72-C16_contig00002	99.099	111	1	0	18	128	505396	505064	1.26e-67	224
WP_034047840.1	55-C42_contig00002	99.099	111	1	0	18	128	616809	616477	1.26e-67	224
WP_034047840.1	75-C135_contig00001	99.099	111	1	0	18	128	621422	621090	1.26e-67	224
WP_034047840.1	74-C20_contig00001	99.099	111	1	0	18	128	513339	513007	1.26e-67	224
WP_034047840.1	45-B191_contig00001	99.099	111	1	0	18	128	780826	780494	1.26e-67	224
WP_034047840.1	8-C89_contig00001	99.099	111	1	0	18	128	600420	600752	1.26e-67	224
WP_034047840.1	85-A130_contig00149	99.099	111	1	0	18	128	4569	4237	1.28e-67	224
WP_034047840.1	84-A126_contig00096	99.099	111	1	0	18	128	9510	9842	1.28e-67	224
WP_034047840.1	94-A154_contig00088	99.099	111	1	0	18	128	11357	11025	1.28e-67	224
WP_034047840.1	89-A141_contig00037	99.099	111	1	0	18	128	11273	10941	1.29e-67	224
WP_034047840.1	86-A134_contig00035	99.099	111	1	0	18	128	11286	10954	1.29e-67	224
WP_034047840.1	92-A148_contig00041	99.099	111	1	0	18	128	41895	42227	1.29e-67	224
WP_034047840.1	95-A156_contig00030	99.099	111	1	0	18	128	57004	56672	1.29e-67	224
WP_034047840.1	82-A122_contig00028	99.099	111	1	0	18	128	41895	42227	1.29e-67	224
WP_034047840.1	93-A151_contig00017	99.099	111	1	0	18	128	9523	9855	1.29e-67	224
WP_034047840.1	87-A137_contig00021	99.099	111	1	0	18	128	41895	42227	1.29e-67	224
WP_034047840.1	91-A147_contig00022	99.099	111	1	0	18	128	41895	42227	1.29e-67	224
WP_034047840.1	90-A144_contig00020	99.099	111	1	0	18	128	41895	42227	1.29e-67	224
WP_034047840.1	83-A123_contig00020	99.099	111	1	0	18	128	41895	42227	1.29e-67	224
WP_034047840.1	81-A119_contig00020	99.099	111	1	0	18	128	90901	90569	1.29e-67	224
WP_034047840.1	21-C124_contig00002	99.099	111	1	0	18	128	40556	40224	1.29e-67	224
WP_034047840.1	38-B3_contig00006	99.099	111	1	0	18	128	468582	468250	1.31e-67	224
WP_034047840.1	78-C141_contig00002	99.099	111	1	0	18	128	348104	348436	1.33e-67	224
WP_034047840.1	77-C139_contig00002	99.099	111	1	0	18	128	348104	348436	1.33e-67	224
WP_034047840.1	42-B62_contig00001	99.099	111	1	0	18	128	564716	564384	1.33e-67	224
WP_034047840.1	7-C88_contig00001	99.099	111	1	0	18	128	863850	863518	1.33e-67	224
WP_034047840.1	31-C98_contig00030	99.099	111	1	0	18	128	41897	42229	1.44e-67	224
WP_034047840.1	40-C125_contig00023	99.099	111	1	0	18	128	41897	42229	1.44e-67	224
WP_034047840.1	45-C144_contig00020	99.099	111	1	0	18	128	39041	39373	1.44e-67	224
WP_034047840.1	3-C76_contig00013	99.099	111	1	0	18	128	41897	42229	1.44e-67	224
WP_034047840.1	30-C97_contig00009	99.099	111	1	0	18	128	44363	44695	1.44e-67	224
WP_034047840.1	9-C91_contig00005	99.099	111	1	0	18	128	42602	42934	1.44e-67	224
WP_034047840.1	24-C133_contig00006	99.099	111	1	0	18	128	44363	44695	1.44e-67	224
WP_034047840.1	54-C36_contig00005	99.099	111	1	0	18	128	44363	44695	1.44e-67	224
WP_034047840.1	82-C107_contig00007	99.099	111	1	0	18	128	304638	304306	1.44e-67	224
WP_034047840.1	25-C134_contig00006	99.099	111	1	0	18	128	304719	304387	1.44e-67	224
WP_034047840.1	32-C99_contig00004	99.099	111	1	0	18	128	344017	343685	1.44e-67	224
WP_034047840.1	15-C96_contig00005	99.099	111	1	0	18	128	44363	44695	1.44e-67	224
WP_034047840.1	29-C95_contig00003	99.099	111	1	0	18	128	344017	343685	1.44e-67	224
WP_034047840.1	23-C131_contig00007	99.099	111	1	0	18	128	44363	44695	1.44e-67	224
WP_034047840.1	60-C150_contig00004	99.099	111	1	0	18	128	532379	532047	1.44e-67	224
WP_034047840.1	66-C2_contig00003	99.099	111	1	0	18	128	543043	542711	1.44e-67	224
WP_034047840.1	11-C145_contig00002	99.099	111	1	0	18	128	44363	44695	1.44e-67	224
WP_034047840.1	51-C25_contig00004	99.099	111	1	0	18	128	44363	44695	1.44e-67	224
WP_034047840.1	39-B16_contig00002	99.099	111	1	0	18	128	44363	44695	1.44e-67	224
WP_034047840.1	1-C3_contig00132	99.099	111	1	0	18	128	4588	4256	1.47e-67	224
WP_034047840.1	46-B199_contig00032	99.099	111	1	0	18	128	40039	40371	1.47e-67	224
WP_034047840.1	18-C119_contig00029	99.099	111	1	0	18	128	41894	42226	1.47e-67	224
WP_034047840.1	2-C4_contig00017	99.099	111	1	0	18	128	57203	56871	1.48e-67	224
WP_034047840.1	83-C109_contig00002	99.099	111	1	0	18	128	41896	42228	1.48e-67	224
WP_034047840.1	81-C105_contig00001	99.099	111	1	0	18	128	849192	848860	1.48e-67	224
WP_034047840.1	21-C78_contig00001	99.099	111	1	0	18	128	849192	848860	1.48e-67	224
WP_034047840.1	91-C159_contig00001	99.099	111	1	0	18	128	348094	348426	1.48e-67	224
WP_034047840.1	76-C137_contig00001	99.099	111	1	0	18	128	602963	602631	1.48e-67	224
WP_034047840.1	67-C5_contig00002	99.099	111	1	0	18	128	602953	602621	1.48e-67	224
WP_034047840.1	89-C156_contig00001	99.099	111	1	0	18	128	472845	473177	1.48e-67	224
WP_034047840.1	16-C45_contig00005	99.099	111	1	0	18	128	98025	97693	1.57e-67	224
WP_034047840.1	15-C44_contig00006	99.099	111	1	0	18	128	16659	16991	1.57e-67	224
WP_034047840.1	56-C43_contig00007	99.099	111	1	0	18	128	16669	17001	1.57e-67	224
WP_034047840.1	13-C149_contig00001	99.099	111	1	0	18	128	516612	516280	1.57e-67	224
WP_034047840.1	59-A60_contig00135	98.198	111	2	0	18	128	1448	1116	6.22e-67	223
WP_034047840.1	61-A71_contig00015	98.198	111	2	0	18	128	44357	44025	6.27e-67	223
WP_034047840.1	55-A54_contig00021	98.198	111	2	0	18	128	71602	71934	6.27e-67	223
WP_034047840.1	53-A52_contig00022	98.198	111	2	0	18	128	57397	57065	6.28e-67	223
WP_034047840.1	60-A70_contig00009	98.198	111	2	0	18	128	106736	106404	6.28e-67	223
WP_034047840.1	52-A48_contig00012	98.198	111	2	0	18	128	71511	71843	6.28e-67	223
WP_034047840.1	54-A53_contig00008	98.198	111	2	0	18	128	233942	233610	6.28e-67	223
WP_034047840.1	62-A72_contig00005	98.198	111	2	0	18	128	281568	281236	6.28e-67	223
WP_034047840.1	51-A46_contig00004	98.198	111	2	0	18	128	233970	233638	6.28e-67	223
WP_034047840.1	67-A78_contig00002	98.198	111	2	0	18	128	472023	472355	6.28e-67	223
WP_034047840.1	78-A100_contig00003	98.198	111	2	0	18	128	472909	473241	6.28e-67	223
WP_034047840.1	64-A75_contig00002	98.198	111	2	0	18	128	233977	233645	6.28e-67	223
WP_034047840.1	70-A82_contig00002	98.198	111	2	0	18	128	71600	71932	6.28e-67	223
WP_034047840.1	57-A56_contig00002	98.198	111	2	0	18	128	534525	534193	6.28e-67	223
WP_034047840.1	56-A55_contig00002	98.198	111	2	0	18	128	470125	470457	6.28e-67	223
WP_034047840.1	63-A73_contig00001	98.198	111	2	0	18	128	470155	470487	6.28e-67	223
WP_034047840.1	69-A81_contig00002	98.198	111	2	0	18	128	233971	233639	6.28e-67	223
WP_034047840.1	58-A58_contig00001	98.198	111	2	0	18	128	534525	534193	6.28e-67	223
WP_034047840.1	64-C73_contig00002	98.198	111	2	0	18	128	347996	348328	6.28e-67	223
WP_034047840.1	96-C168_contig00002	98.198	111	2	0	18	128	527037	526705	6.28e-67	223
WP_034047840.1	65-A76_contig00001	98.198	111	2	0	18	128	957999	957667	6.28e-67	223
WP_034047840.1	26-A1_contig00001	98.198	111	2	0	18	128	606627	606295	6.28e-67	223
WP_034047840.1	24-C81_contig00010	98.198	111	2	0	18	128	117402	117070	8.31e-67	222
WP_034047840.1	23-C80_contig00005	98.198	111	2	0	18	128	356444	356112	8.32e-67	222
WP_034047840.1	26-C84_contig00004	98.198	111	2	0	18	128	356444	356112	8.32e-67	222
WP_034047840.1	25-C83_contig00001	98.198	111	2	0	18	128	257391	257059	8.32e-67	222
WP_034047840.1	37-C61_contig00002	98.198	111	2	0	18	128	639959	639627	8.32e-67	222
WP_034047840.1	5-C82_contig00003	98.198	111	2	0	18	128	356735	357067	8.32e-67	222
WP_034047840.1	22-C79_contig00002	98.198	111	2	0	18	128	482301	482633	8.32e-67	222
WP_034047840.1	27-A2_contig00001	98.148	108	2	0	18	125	584723	585046	3.34e-65	218
WP_034024452.1	46-B199_contig00010	98.571	420	6	0	1	420	70291	69032	0.0	688
WP_034024452.1	18-C119_contig00026	98.571	420	6	0	1	420	70291	69032	0.0	688
WP_034024452.1	45-B191_contig00001	98.571	420	6	0	1	420	592988	591729	0.0	687
WP_034024452.1	7-C88_contig00001	98.333	420	7	0	1	420	600475	599216	0.0	687
WP_034024452.1	48-C66_contig00005	98.333	420	7	0	1	420	311720	312979	0.0	687
WP_034024452.1	20-C68_contig00005	98.333	420	7	0	1	420	311720	312979	0.0	687
WP_034024452.1	19-C67_contig00007	98.333	420	7	0	1	420	266216	264957	0.0	687
WP_034024452.1	18-C65_contig00006	98.333	420	7	0	1	420	17278	18537	0.0	687
WP_034024452.1	17-C64_contig00002	98.333	420	7	0	1	420	311720	312979	0.0	687
WP_034024452.1	79-A106_contig00004	98.095	420	8	0	1	420	276037	274778	0.0	686
WP_034024452.1	77-A97_contig00006	98.095	420	8	0	1	420	16283	17542	0.0	686
WP_034024452.1	76-A95_contig00005	98.095	420	8	0	1	420	12260	13519	0.0	686
WP_034024452.1	75-A92_contig00026	98.095	420	8	0	1	420	57617	56358	0.0	686
WP_034024452.1	74-A91_contig00032	98.095	420	8	0	1	420	57611	56352	0.0	686
WP_034024452.1	73-A90_contig00030	98.095	420	8	0	1	420	45747	44488	0.0	686
WP_034024452.1	72-A86_contig00004	98.095	420	8	0	1	420	17405	18664	0.0	686
WP_034024452.1	71-A85_contig00001	98.095	420	8	0	1	420	433027	431768	0.0	686
WP_034024452.1	68-A80_contig00004	98.095	420	8	0	1	420	276037	274778	0.0	686
WP_034024452.1	66-A77_contig00009	98.095	420	8	0	1	420	17373	18632	0.0	686
WP_034024452.1	58-C51_contig00001	98.333	420	7	0	1	420	320209	318950	0.0	686
WP_034024452.1	37-C61_contig00002	98.333	420	7	0	1	420	361754	360495	0.0	686
WP_034024452.1	30-A36_contig00001	98.333	420	7	0	1	420	582739	581480	0.0	686
WP_034024452.1	25-C83_contig00023	98.333	420	7	0	1	420	77810	76551	0.0	686
WP_034024452.1	27-A2_contig00001	98.333	420	7	0	1	420	753623	754882	0.0	685
WP_034024452.1	49-C69_contig00003	98.095	420	8	0	1	420	420611	419352	0.0	685
WP_034024452.1	96-C168_contig00002	98.095	420	8	0	1	420	275683	274424	0.0	684
WP_034024452.1	78-A100_contig00007	98.095	420	8	0	1	420	278940	277681	0.0	684
WP_034024452.1	71-C11_contig00005	98.095	420	8	0	1	420	84433	83174	0.0	684
WP_034024452.1	70-A82_contig00002	98.095	420	8	0	1	420	322955	324214	0.0	684
WP_034024452.1	69-A81_contig00001	98.095	420	8	0	1	420	706160	704901	0.0	684
WP_034024452.1	67-A78_contig00008	98.095	420	8	0	1	420	16326	17585	0.0	684
WP_034024452.1	65-A76_contig00001	98.095	420	8	0	1	420	706648	705389	0.0	684
WP_034024452.1	64-C73_contig00002	98.095	420	8	0	1	420	599350	600609	0.0	684
WP_034024452.1	64-A75_contig00009	98.095	420	8	0	1	420	282957	281698	0.0	684
WP_034024452.1	63-A73_contig00007	98.095	420	8	0	1	420	355069	353810	0.0	684
WP_034024452.1	62-A72_contig00005	98.095	420	8	0	1	420	30217	28958	0.0	684
WP_034024452.1	61-A71_contig00034	98.095	420	8	0	1	420	12253	13512	0.0	684
WP_034024452.1	60-A70_contig00032	98.095	420	8	0	1	420	59383	58124	0.0	684
WP_034024452.1	59-A60_contig00117	98.095	420	8	0	1	420	7603	6344	0.0	684
WP_034024452.1	58-A58_contig00001	98.095	420	8	0	1	420	283174	281915	0.0	684
WP_034024452.1	57-A56_contig00002	98.095	420	8	0	1	420	283174	281915	0.0	684
WP_034024452.1	56-A55_contig00012	98.095	420	8	0	1	420	17367	18626	0.0	684
WP_034024452.1	55-A54_contig00041	98.095	420	8	0	1	420	12289	13548	0.0	684
WP_034024452.1	54-A53_contig00001	98.095	420	8	0	1	420	706704	705445	0.0	684
WP_034024452.1	53-A52_contig00001	98.095	420	8	0	1	420	16274	17533	0.0	684
WP_034024452.1	52-A48_contig00045	98.095	420	8	0	1	420	30217	28958	0.0	684
WP_034024452.1	51-A46_contig00030	98.095	420	8	0	1	420	30217	28958	0.0	684
WP_034024452.1	5-C12_contig00057	98.095	420	8	0	1	420	9879	11138	0.0	684
WP_034024452.1	26-A1_contig00001	98.095	420	8	0	1	420	355261	354002	0.0	684
WP_034024452.1	8-C89_contig00001	98.095	420	8	0	1	420	770258	771517	0.0	684
WP_034024452.1	19-C120_contig00006	98.095	420	8	0	1	420	24016	25275	0.0	684
WP_034024452.1	75-C135_contig00001	97.857	420	9	0	1	420	323376	322117	0.0	683
WP_034024452.1	5-C82_contig00003	98.095	420	8	0	1	420	635368	636627	0.0	683
WP_034024452.1	44-B114_contig00001	97.619	420	10	0	1	420	748635	749894	0.0	683
WP_034024452.1	38-B3_contig00006	97.857	420	9	0	1	420	284268	283009	0.0	683
WP_034024452.1	26-C84_contig00004	98.095	420	8	0	1	420	77811	76552	0.0	683
WP_034024452.1	24-C81_contig00031	98.095	420	8	0	1	420	62911	61652	0.0	683
WP_034024452.1	23-C80_contig00005	98.095	420	8	0	1	420	77811	76552	0.0	683
WP_034024452.1	22-C79_contig00002	98.095	420	8	0	1	420	760936	762195	0.0	683
WP_034024452.1	9-C17_contig00002	97.857	420	9	0	1	420	299149	300408	0.0	682
WP_034024452.1	8-C15_contig00007	97.857	420	9	0	1	420	249429	248170	0.0	682
WP_034024452.1	72-C16_contig00002	97.857	420	9	0	1	420	249427	248168	0.0	682
WP_034024452.1	7-C14_contig00026	97.857	420	9	0	1	420	15973	17232	0.0	682
WP_034024452.1	6-C13_contig00028	97.857	420	9	0	1	420	49106	47847	0.0	682
WP_034024452.1	47-C63_contig00002	97.857	420	9	0	1	420	298942	300201	0.0	682
WP_034024452.1	20-C123_contig00002	97.857	420	9	0	1	420	249411	248152	0.0	682
WP_034024452.1	74-C20_contig00001	97.619	420	10	0	1	420	331245	329986	0.0	682
WP_034024452.1	59-C54_contig00007	97.857	420	9	0	1	420	209264	210523	0.0	682
WP_034024452.1	57-C49_contig00006	97.857	420	9	0	1	420	278709	277450	0.0	682
WP_034024452.1	56-C43_contig00015	97.857	420	9	0	1	420	21901	23160	0.0	682
WP_034024452.1	47-C148_contig00004	97.857	420	9	0	1	420	17369	18628	0.0	682
WP_034024452.1	46-C146_contig00001	97.857	420	9	0	1	420	473412	474671	0.0	682
WP_034024452.1	16-C45_contig00013	97.857	420	9	0	1	420	73660	72401	0.0	682
WP_034024452.1	15-C44_contig00018	97.857	420	9	0	1	420	73660	72401	0.0	682
WP_034024452.1	14-C94_contig00007	97.857	420	9	0	1	420	552480	551221	0.0	682
WP_034024452.1	13-C149_contig00001	97.857	420	9	0	1	420	329703	328444	0.0	682
WP_034024452.1	12-C147_contig00001	97.857	420	9	0	1	420	764109	762850	0.0	682
WP_034024452.1	34-C103_contig00003	97.857	420	9	0	1	420	306200	307459	0.0	681
WP_034024452.1	33-C101_contig00021	97.857	420	9	0	1	420	17372	18631	0.0	681
WP_034024452.1	29-A19_contig00037	97.857	420	9	0	1	420	1840	3099	0.0	681
WP_034024452.1	17-C102_contig00002	97.857	420	9	0	1	420	473359	474618	0.0	681
WP_034024452.1	91-C159_contig00001	97.857	420	9	0	1	420	618177	619436	0.0	681
WP_034024452.1	89-C156_contig00001	97.857	420	9	0	1	420	742928	744187	0.0	681
WP_034024452.1	83-C109_contig00002	97.619	420	10	0	1	420	298987	300246	0.0	681
WP_034024452.1	81-C105_contig00001	97.619	420	10	0	1	420	592101	590842	0.0	681
WP_034024452.1	76-C137_contig00001	97.857	420	9	0	1	420	332886	331627	0.0	681
WP_034024452.1	67-C5_contig00002	97.857	420	9	0	1	420	332886	331627	0.0	681
WP_034024452.1	21-C78_contig00001	97.619	420	10	0	1	420	592101	590842	0.0	681
WP_034024452.1	2-C4_contig00001	97.857	420	9	0	1	420	373601	372342	0.0	681
WP_034024452.1	16-C100_contig00002	97.619	420	10	0	1	420	307616	308875	0.0	681
WP_034024452.1	1-C3_contig00024	97.857	420	9	0	1	420	11078	12337	0.0	681
WP_034024452.1	50-C23_contig00001	97.857	420	9	0	1	420	254887	253628	0.0	681
WP_034024452.1	11-C22_contig00007	97.857	420	9	0	1	420	12262	13521	0.0	681
WP_034024452.1	10-C21_contig00001	97.857	420	9	0	1	420	251330	250071	0.0	681
WP_034024452.1	93-C161_contig00003	97.619	420	10	0	1	420	231556	232815	0.0	680
WP_034024452.1	92-C160_contig00007	97.619	420	10	0	1	420	31555	30296	0.0	680
WP_034024452.1	70-C9_contig00022	97.619	420	10	0	1	420	50746	52005	0.0	680
WP_034024452.1	69-C7_contig00003	97.619	420	10	0	1	420	260022	258763	0.0	680
WP_034024452.1	68-C6_contig00003	97.619	420	10	0	1	420	260022	258763	0.0	680
WP_034024452.1	61-C151_contig00005	97.619	420	10	0	1	420	293646	294905	0.0	680
WP_034024452.1	42-C127_contig00001	97.619	420	10	0	1	420	616279	617538	0.0	680
WP_034024452.1	36-C60_contig00001	97.381	420	11	0	1	420	624752	626011	0.0	680
WP_034024452.1	35-C59_contig00001	97.381	420	11	0	1	420	75665	74406	0.0	680
WP_034024452.1	34-C58_contig00001	97.381	420	11	0	1	420	75665	74406	0.0	680
WP_034024452.1	33-C57_contig00003	97.381	420	11	0	1	420	75666	74407	0.0	680
WP_034024452.1	32-C56_contig00002	97.381	420	11	0	1	420	75873	74614	0.0	680
WP_034024452.1	31-C55_contig00002	97.381	420	11	0	1	420	624752	626011	0.0	680
WP_034024452.1	3-C8_contig00069	97.619	420	10	0	1	420	11186	12445	0.0	680
WP_034024452.1	22-C128_contig00001	97.619	420	10	0	1	420	745046	746305	0.0	680
WP_034024452.1	42-B62_contig00001	97.619	420	10	0	1	420	273727	272468	0.0	680
WP_034024452.1	94-C164_contig00001	97.619	420	10	0	1	420	428761	427502	0.0	679
WP_034024452.1	90-C158_contig00010	97.619	420	10	0	1	420	55640	54381	0.0	679
WP_034024452.1	87-C114_contig00011	97.619	420	10	0	1	420	73560	72301	0.0	679
WP_034024452.1	86-C112_contig00007	97.619	420	10	0	1	420	123202	121943	0.0	679
WP_034024452.1	85-C111_contig00009	97.619	420	10	0	1	420	123202	121943	0.0	679
WP_034024452.1	84-C110_contig00002	97.619	420	10	0	1	420	705106	706365	0.0	679
WP_034024452.1	80-C104_contig00009	97.619	420	10	0	1	420	73552	72293	0.0	679
WP_034024452.1	73-C18_contig00010	97.619	420	10	0	1	420	73679	72420	0.0	679
WP_034024452.1	62-C153_contig00010	97.619	420	10	0	1	420	55640	54381	0.0	679
WP_034024452.1	40-B34_contig00003	97.619	420	10	0	1	420	374189	372930	0.0	679
WP_034024452.1	38-C116_contig00001	97.619	420	10	0	1	420	609467	610726	0.0	679
WP_034024452.1	37-C115_contig00001	97.619	420	10	0	1	420	576382	575123	0.0	679
WP_034024452.1	36-C108_contig00031	97.619	420	10	0	1	420	49068	47809	0.0	679
WP_034024452.1	35-C106_contig00027	97.619	420	10	0	1	420	73552	72293	0.0	679
WP_034024452.1	28-C87_contig00046	97.619	420	10	0	1	420	7628	6369	0.0	679
WP_034024452.1	28-A12_contig00004	97.619	420	10	0	1	420	302025	300766	0.0	679
WP_034024452.1	27-C85_contig00023	97.619	420	10	0	1	420	17345	18604	0.0	679
WP_034024452.1	14-C33_contig00012	97.619	420	10	0	1	420	139848	141107	0.0	679
WP_034024452.1	13-C32_contig00028	97.619	420	10	0	1	420	12257	13516	0.0	679
WP_034024452.1	12-C31_contig00029	97.619	420	10	0	1	420	9878	11137	0.0	679
WP_034024452.1	78-C141_contig00003	97.143	420	12	0	1	420	233786	232527	0.0	679
WP_034024452.1	77-C139_contig00003	97.143	420	12	0	1	420	233786	232527	0.0	679
WP_034024452.1	2-C155_contig00003	97.381	420	11	0	1	420	330902	329643	0.0	679
WP_034024452.1	9-C91_contig00005	98.095	420	8	0	1	420	313818	315077	0.0	669
WP_034024452.1	82-C107_contig00007	98.095	420	8	0	1	420	33422	32163	0.0	669
WP_034024452.1	66-C2_contig00003	98.095	420	8	0	1	420	271827	270568	0.0	669
WP_034024452.1	60-C150_contig00004	98.095	420	8	0	1	420	261163	259904	0.0	669
WP_034024452.1	55-C42_contig00002	98.095	420	8	0	1	420	357473	356214	0.0	669
WP_034024452.1	54-C36_contig00005	98.095	420	8	0	1	420	315579	316838	0.0	669
WP_034024452.1	51-C25_contig00004	98.095	420	8	0	1	420	315579	316838	0.0	669
WP_034024452.1	45-C144_contig00032	98.095	420	8	0	1	420	3934	5193	0.0	669
WP_034024452.1	40-C125_contig00007	98.095	420	8	0	1	420	226725	227984	0.0	669
WP_034024452.1	39-B16_contig00002	98.095	420	8	0	1	420	315567	316826	0.0	669
WP_034024452.1	32-C99_contig00004	98.095	420	8	0	1	420	72801	71542	0.0	669
WP_034024452.1	31-C98_contig00006	98.095	420	8	0	1	420	226751	228010	0.0	669
WP_034024452.1	30-C97_contig00035	98.095	420	8	0	1	420	14820	13561	0.0	669
WP_034024452.1	3-C76_contig00018	98.095	420	8	0	1	420	114512	115771	0.0	669
WP_034024452.1	29-C95_contig00003	98.095	420	8	0	1	420	72801	71542	0.0	669
WP_034024452.1	25-C134_contig00006	98.095	420	8	0	1	420	33502	32243	0.0	669
WP_034024452.1	24-C133_contig00006	98.095	420	8	0	1	420	315580	316839	0.0	669
WP_034024452.1	23-C131_contig00007	98.095	420	8	0	1	420	315579	316838	0.0	669
WP_034024452.1	15-C96_contig00005	98.095	420	8	0	1	420	315579	316838	0.0	669
WP_034024452.1	11-C145_contig00002	98.095	420	8	0	1	420	315579	316838	0.0	669
WP_034024452.1	41-B37_contig00001	98.333	420	7	0	1	420	640704	641963	0.0	667
WP_034024452.1	41-C126_contig00196	98.095	420	8	0	1	420	6080	4821	0.0	667
WP_034024452.1	21-C124_contig00081	97.857	420	9	0	1	420	3936	5195	0.0	664
WP_034024452.1	95-A156_contig00033	97.619	420	10	0	1	420	45561	44302	0.0	662
WP_034024452.1	94-A154_contig00024	97.619	420	10	0	1	420	16002	17261	0.0	662
WP_034024452.1	93-A151_contig00035	97.619	420	10	0	1	420	15968	17227	0.0	662
WP_034024452.1	92-A148_contig00002	97.619	420	10	0	1	420	15981	17240	0.0	662
WP_034024452.1	91-A147_contig00003	97.619	420	10	0	1	420	272960	271701	0.0	662
WP_034024452.1	90-A144_contig00006	97.619	420	10	0	1	420	272960	271701	0.0	662
WP_034024452.1	89-A141_contig00004	97.619	420	10	0	1	420	16003	17262	0.0	662
WP_034024452.1	87-A137_contig00002	97.619	420	10	0	1	420	272965	271706	0.0	662
WP_034024452.1	86-A134_contig00024	97.619	420	10	0	1	420	15967	17226	0.0	662
WP_034024452.1	85-A130_contig00020	97.619	420	10	0	1	420	45540	44281	0.0	662
WP_034024452.1	84-A126_contig00019	97.619	420	10	0	1	420	54030	52771	0.0	662
WP_034024452.1	83-A123_contig00006	97.619	420	10	0	1	420	272960	271701	0.0	662
WP_034024452.1	82-A122_contig00004	97.619	420	10	0	1	420	20956	22215	0.0	662
WP_034024452.1	81-A119_contig00004	97.619	420	10	0	1	420	272960	271701	0.0	662
WP_034024452.1	95-C167_contig00001	97.381	420	11	0	1	420	611417	612676	0.0	659
WP_034024452.1	63-C71_contig00001	97.381	420	11	0	1	420	640039	641298	0.0	656
WP_034024452.1	65-C74_contig00003	97.619	420	10	0	1	420	329149	327890	0.0	655
WP_034024452.1	88-C117_contig00001	96.912	421	12	1	1	420	608871	610133	0.0	655
WP_034024452.1	43-C129_contig00001	96.912	421	12	1	1	420	736213	737475	0.0	655
WP_034024452.1	39-C118_contig00004	96.912	421	12	1	1	420	596744	595482	0.0	655
WP_034024452.1	79-C142_contig00004	98.095	420	8	0	1	420	55640	54381	0.0	643
WP_034024452.1	53-C30_contig00002	98.095	420	8	0	1	420	429074	427815	0.0	643
WP_034024452.1	52-C29_contig00002	98.095	420	8	0	1	420	331346	330087	0.0	643
WP_034024452.1	50-A5_contig00014	98.095	420	8	0	1	420	117481	116222	0.0	643
WP_034024452.1	49-A4_contig00014	98.095	420	8	0	1	420	117293	116034	0.0	643
WP_034024452.1	48-A3_contig00013	98.095	420	8	0	1	420	117477	116218	0.0	643
WP_034024452.1	10-C92_contig00003	98.095	420	8	0	1	420	309500	310759	0.0	643
WP_034024452.1	6-C86_contig00002	97.143	420	12	0	1	420	85904	84645	0.0	640
WP_034024452.1	4-C77_contig00004	97.143	420	12	0	1	420	85904	84645	0.0	640
WP_034024452.1	44-C143_contig01372	97.866	328	7	0	93	420	1	984	1.76e-166	481
WP_034024452.1	4-C10_contig00781	97.297	259	7	0	1	259	777	1	5.79e-142	432
WP_034024452.1	96-A163_contig00326	98.099	263	5	0	1	263	4332	5120	5.85e-141	444
WP_034024452.1	80-A107_contig01734	97.845	232	5	0	189	420	3	698	6.85e-117	350
WP_034024452.1	80-A107_contig00020	98.710	155	2	0	1	155	11220	11684	2.34e-94	315
WP_034024452.1	4-C10_contig00309	98.582	141	2	0	280	420	6558	6136	1.53e-73	254
WP_034024452.1	96-A163_contig00306	98.582	141	2	0	280	420	52	474	1.78e-73	254
WP_031690985.1	55-C42_contig00001	96.429	224	7	1	1	223	545962	545291	4.73e-141	440
WP_031690985.1	27-A2_contig00006	94.643	224	11	1	1	223	365364	366035	1.63e-138	432
WP_031690985.1	23-C131_contig00003	93.750	224	13	1	1	223	486976	486305	2.47e-136	426
WP_031294923.1	41-C126_contig02357	100.000	114	0	0	4	117	258	599	8.15e-67	205
WP_031294923.1	44-C143_contig01335	100.000	114	0	0	4	117	791	1132	1.14e-63	205
WP_031294923.1	6-C13_contig00041	100.000	114	0	0	4	117	11492	11151	2.97e-61	206
WP_031294923.1	20-C123_contig00024	100.000	114	0	0	4	117	41155	40814	2.97e-61	206
WP_031294923.1	7-C14_contig00017	100.000	114	0	0	4	117	57202	56861	2.97e-61	206
WP_031294923.1	8-C15_contig00017	100.000	114	0	0	4	117	107047	106706	2.97e-61	206
WP_031294923.1	47-C63_contig00002	100.000	114	0	0	4	117	42962	43303	2.98e-61	206
WP_031294923.1	9-C17_contig00002	100.000	114	0	0	4	117	43170	43511	2.98e-61	206
WP_031294923.1	72-C16_contig00002	100.000	114	0	0	4	117	505405	505064	2.98e-61	206
WP_031294923.1	55-C42_contig00002	100.000	114	0	0	4	117	616818	616477	2.98e-61	206
WP_031294923.1	75-C135_contig00001	100.000	114	0	0	4	117	621431	621090	2.98e-61	206
WP_031294923.1	74-C20_contig00001	100.000	114	0	0	4	117	513348	513007	2.98e-61	206
WP_031294923.1	45-B191_contig00001	100.000	114	0	0	4	117	780835	780494	2.98e-61	206
WP_031294923.1	8-C89_contig00001	100.000	114	0	0	4	117	600411	600752	2.98e-61	206
WP_031294923.1	42-B62_contig00001	100.000	114	0	0	4	117	564725	564384	3.07e-61	206
WP_031294923.1	7-C88_contig00001	100.000	114	0	0	4	117	863859	863518	3.07e-61	206
WP_031294923.1	94-C164_contig00001	100.000	114	0	0	4	117	718719	718378	3.31e-61	206
WP_031294923.1	27-A2_contig00001	99.000	100	1	0	1	100	584705	585004	3.58e-61	206
WP_031294923.1	31-C98_contig00030	100.000	114	0	0	4	117	41888	42229	3.75e-61	205
WP_031294923.1	40-C125_contig00023	100.000	114	0	0	4	117	41888	42229	3.75e-61	205
WP_031294923.1	45-C144_contig00020	100.000	114	0	0	4	117	39032	39373	3.75e-61	205
WP_031294923.1	3-C76_contig00013	100.000	114	0	0	4	117	41888	42229	3.75e-61	205
WP_031294923.1	30-C97_contig00009	100.000	114	0	0	4	117	44354	44695	3.76e-61	205
WP_031294923.1	9-C91_contig00005	100.000	114	0	0	4	117	42593	42934	3.76e-61	205
WP_031294923.1	24-C133_contig00006	100.000	114	0	0	4	117	44354	44695	3.76e-61	205
WP_031294923.1	54-C36_contig00005	100.000	114	0	0	4	117	44354	44695	3.76e-61	205
WP_031294923.1	82-C107_contig00007	100.000	114	0	0	4	117	304647	304306	3.76e-61	205
WP_031294923.1	25-C134_contig00006	100.000	114	0	0	4	117	304728	304387	3.76e-61	205
WP_031294923.1	32-C99_contig00004	100.000	114	0	0	4	117	344026	343685	3.76e-61	205
WP_031294923.1	15-C96_contig00005	100.000	114	0	0	4	117	44354	44695	3.76e-61	205
WP_031294923.1	29-C95_contig00003	100.000	114	0	0	4	117	344026	343685	3.76e-61	205
WP_031294923.1	23-C131_contig00007	100.000	114	0	0	4	117	44354	44695	3.76e-61	205
WP_031294923.1	60-C150_contig00004	100.000	114	0	0	4	117	532388	532047	3.76e-61	205
WP_031294923.1	66-C2_contig00003	100.000	114	0	0	4	117	543052	542711	3.76e-61	205
WP_031294923.1	11-C145_contig00002	100.000	114	0	0	4	117	44354	44695	3.76e-61	205
WP_031294923.1	51-C25_contig00004	100.000	114	0	0	4	117	44354	44695	3.76e-61	205
WP_031294923.1	39-B16_contig00002	100.000	114	0	0	4	117	44354	44695	3.76e-61	205
WP_031294923.1	46-B199_contig00032	100.000	114	0	0	4	117	40030	40371	3.86e-61	205
WP_031294923.1	18-C119_contig00029	100.000	114	0	0	4	117	41885	42226	3.86e-61	205
WP_031294923.1	16-C45_contig00005	100.000	114	0	0	4	117	98034	97693	4.13e-61	205
WP_031294923.1	15-C44_contig00006	100.000	114	0	0	4	117	16650	16991	4.13e-61	205
WP_031294923.1	56-C43_contig00007	100.000	114	0	0	4	117	16660	17001	4.13e-61	205
WP_031294923.1	13-C149_contig00001	100.000	114	0	0	4	117	516621	516280	4.14e-61	205
WP_031294923.1	1-C3_contig00132	99.123	114	1	0	4	117	4597	4256	9.90e-61	204
WP_031294923.1	2-C4_contig00017	99.123	114	1	0	4	117	57212	56871	9.99e-61	204
WP_031294923.1	83-C109_contig00002	99.123	114	1	0	4	117	41887	42228	1.00e-60	204
WP_031294923.1	81-C105_contig00001	99.123	114	1	0	4	117	849201	848860	1.00e-60	204
WP_031294923.1	21-C78_contig00001	99.123	114	1	0	4	117	849201	848860	1.00e-60	204
WP_031294923.1	91-C159_contig00001	99.123	114	1	0	4	117	348085	348426	1.00e-60	204
WP_031294923.1	76-C137_contig00001	99.123	114	1	0	4	117	602972	602631	1.00e-60	204
WP_031294923.1	67-C5_contig00002	99.123	114	1	0	4	117	602962	602621	1.00e-60	204
WP_031294923.1	89-C156_contig00001	99.123	114	1	0	4	117	472836	473177	1.00e-60	204
WP_031294923.1	24-C81_contig00010	99.123	114	1	0	4	117	117411	117070	2.13e-60	203
WP_031294923.1	23-C80_contig00005	99.123	114	1	0	4	117	356453	356112	2.13e-60	203
WP_031294923.1	26-C84_contig00004	99.123	114	1	0	4	117	356453	356112	2.13e-60	203
WP_031294923.1	25-C83_contig00001	99.123	114	1	0	4	117	257400	257059	2.13e-60	203
WP_031294923.1	37-C61_contig00002	99.123	114	1	0	4	117	639968	639627	2.13e-60	203
WP_031294923.1	5-C82_contig00003	99.123	114	1	0	4	117	356726	357067	2.13e-60	203
WP_031294923.1	22-C79_contig00002	99.123	114	1	0	4	117	482292	482633	2.13e-60	203
WP_031294923.1	95-C167_contig00001	100.000	112	0	0	6	117	347883	348218	2.28e-60	203
WP_031294923.1	4-C77_contig00004	100.000	111	0	0	7	117	369938	369606	1.58e-59	201
WP_031294923.1	6-C86_contig00002	100.000	111	0	0	7	117	369938	369606	1.58e-59	201
WP_031294923.1	38-B3_contig00006	100.000	111	0	0	7	117	468582	468250	1.80e-59	201
WP_031294923.1	41-B37_contig00001	100.000	111	0	0	7	117	347993	348325	1.94e-59	201
WP_031294923.1	85-A130_contig00149	100.000	111	0	0	7	117	4569	4237	2.00e-59	201
WP_031294923.1	84-A126_contig00096	100.000	111	0	0	7	117	9510	9842	2.00e-59	201
WP_031294923.1	94-A154_contig00088	100.000	111	0	0	7	117	11357	11025	2.00e-59	201
WP_031294923.1	89-A141_contig00037	100.000	111	0	0	7	117	11273	10941	2.01e-59	201
WP_031294923.1	86-A134_contig00035	100.000	111	0	0	7	117	11286	10954	2.01e-59	201
WP_031294923.1	92-A148_contig00041	100.000	111	0	0	7	117	41895	42227	2.01e-59	201
WP_031294923.1	95-A156_contig00030	100.000	111	0	0	7	117	57004	56672	2.01e-59	201
WP_031294923.1	82-A122_contig00028	100.000	111	0	0	7	117	41895	42227	2.02e-59	201
WP_031294923.1	93-A151_contig00017	100.000	111	0	0	7	117	9523	9855	2.02e-59	201
WP_031294923.1	87-A137_contig00021	100.000	111	0	0	7	117	41895	42227	2.02e-59	201
WP_031294923.1	91-A147_contig00022	100.000	111	0	0	7	117	41895	42227	2.02e-59	201
WP_031294923.1	90-A144_contig00020	100.000	111	0	0	7	117	41895	42227	2.02e-59	201
WP_031294923.1	83-A123_contig00020	100.000	111	0	0	7	117	41895	42227	2.02e-59	201
WP_031294923.1	81-A119_contig00020	100.000	111	0	0	7	117	90901	90569	2.02e-59	201
WP_031294923.1	21-C124_contig00002	100.000	111	0	0	7	117	40556	40224	2.02e-59	201
WP_031294923.1	78-C141_contig00002	100.000	111	0	0	7	117	348104	348436	2.75e-59	200
WP_031294923.1	77-C139_contig00002	100.000	111	0	0	7	117	348104	348436	2.75e-59	200
WP_031294923.1	59-A60_contig00135	99.099	111	1	0	7	117	1448	1116	1.16e-58	198
WP_031294923.1	61-A71_contig00015	99.099	111	1	0	7	117	44357	44025	1.17e-58	198
WP_031294923.1	55-A54_contig00021	99.099	111	1	0	7	117	71602	71934	1.17e-58	198
WP_031294923.1	53-A52_contig00022	99.099	111	1	0	7	117	57397	57065	1.17e-58	198
WP_031294923.1	60-A70_contig00009	99.099	111	1	0	7	117	106736	106404	1.17e-58	198
WP_031294923.1	52-A48_contig00012	99.099	111	1	0	7	117	71511	71843	1.17e-58	198
WP_031294923.1	54-A53_contig00008	99.099	111	1	0	7	117	233942	233610	1.17e-58	198
WP_031294923.1	62-A72_contig00005	99.099	111	1	0	7	117	281568	281236	1.17e-58	198
WP_031294923.1	51-A46_contig00004	99.099	111	1	0	7	117	233970	233638	1.17e-58	198
WP_031294923.1	67-A78_contig00002	99.099	111	1	0	7	117	472023	472355	1.17e-58	198
WP_031294923.1	78-A100_contig00003	99.099	111	1	0	7	117	472909	473241	1.17e-58	198
WP_031294923.1	64-A75_contig00002	99.099	111	1	0	7	117	233977	233645	1.17e-58	198
WP_031294923.1	70-A82_contig00002	99.099	111	1	0	7	117	71600	71932	1.17e-58	198
WP_031294923.1	57-A56_contig00002	99.099	111	1	0	7	117	534525	534193	1.17e-58	198
WP_031294923.1	56-A55_contig00002	99.099	111	1	0	7	117	470125	470457	1.17e-58	198
WP_031294923.1	63-A73_contig00001	99.099	111	1	0	7	117	470155	470487	1.17e-58	198
WP_031294923.1	69-A81_contig00002	99.099	111	1	0	7	117	233971	233639	1.17e-58	198
WP_031294923.1	58-A58_contig00001	99.099	111	1	0	7	117	534525	534193	1.17e-58	198
WP_031294923.1	64-C73_contig00002	99.099	111	1	0	7	117	347996	348328	1.17e-58	198
WP_031294923.1	96-C168_contig00002	99.099	111	1	0	7	117	527037	526705	1.17e-58	198
WP_031294923.1	65-A76_contig00001	99.099	111	1	0	7	117	957999	957667	1.17e-58	198
WP_031294923.1	26-A1_contig00001	99.099	111	1	0	7	117	606627	606295	1.17e-58	198
WP_031277798.1	2-C4_contig00011	98.661	224	3	0	1	224	73906	74577	4.30e-149	463
WP_031277798.1	1-C3_contig00003	98.661	224	3	0	1	224	86937	87608	4.30e-149	463
WP_031277798.1	67-C5_contig00013	98.661	224	3	0	1	224	91139	90468	4.30e-149	463
WP_031277798.1	51-C25_contig00005	98.661	224	3	0	1	224	155876	156547	4.31e-149	463
WP_031277798.1	23-C131_contig00005	98.661	224	3	0	1	224	350043	349372	4.31e-149	463
WP_031277798.1	10-C92_contig00042	98.214	224	4	0	1	224	13199	12528	1.58e-148	461
WP_031277798.1	10-C21_contig00016	83.036	224	38	0	1	224	104900	105571	1.49e-122	387
WP_031277798.1	50-C23_contig00017	83.036	224	38	0	1	224	104900	105571	1.49e-122	387
WP_031277798.1	11-C22_contig00009	83.036	224	38	0	1	224	195023	195694	1.50e-122	387
WP_031277798.1	45-C144_contig00140	79.464	224	46	0	1	224	1009	338	1.74e-116	368
WP_031277798.1	4-C77_contig00021	79.464	224	46	0	1	224	27034	26363	5.38e-116	368
WP_031277798.1	3-C76_contig00020	79.464	224	46	0	1	224	29027	29698	5.39e-116	368
WP_031277798.1	6-C86_contig00010	79.464	224	46	0	1	224	218655	219326	5.39e-116	368
WP_031277798.1	11-C145_contig00009	79.464	224	46	0	1	224	231259	230588	5.40e-116	368
WP_031277798.1	54-C36_contig00008	79.464	224	46	0	1	224	231230	230559	5.40e-116	368
WP_031277798.1	78-C141_contig00057	79.018	224	47	0	1	224	4013	4684	7.68e-116	366
WP_031277798.1	77-C139_contig00058	79.018	224	47	0	1	224	808	137	7.68e-116	366
WP_031277798.1	49-C69_contig00034	79.018	224	47	0	1	224	2814	3485	3.02e-115	366
WP_031277798.1	44-C143_contig00443	77.397	146	33	0	1	146	2350	2787	1.24e-72	241
WP_003111133.1	96-A163_contig00023	100.000	259	0	0	1	259	18248	19024	3.90e-175	539
WP_003111133.1	30-A36_contig00020	100.000	259	0	0	1	259	51429	50653	3.93e-175	539
